year,cafFob,louvain_tibi_modularity,louvain_proximity_modularity,louvain_maxObservedTradeValues_modularity,intramax_tibi_modularity,intramax_proximity_modularity,an_tibi_modularity,an_proximity_modularity,network_density
1833,fob,0.36800637481597986,0.5303511192414749,0.2531239632980087,0.2790771691148098,0.37889975939062115,0.05714639171336279,0.4105684515555693,0.09805924412665985
1833,caf,0.3814914556717807,0.5924913196525718,0.2850417877695044,,,0.08324959014763673,0.46638013169461967,0.09006211180124224
1834,fob,0.374720718487915,0.2916598958909139,0.2925539840527977,0.2773723836576251,0.1940346018139472,0.04333443786157414,0.22638350767225246,0.10057471264367816
1834,caf,0.3565186433387712,0.4530748438485566,0.2747660838670526,,,0.06941451926526039,0.36628390016325335,0.09550561797752809
1835,fob,0.36964557753388533,0.2395861569722595,0.28365672914191004,0.285031655320075,0.1783346695238193,0.059242624130400365,0.11561186003879137,0.11128526645768025
1835,caf,0.3911503950911253,0.5776175115058824,0.26246830352094513,,,0.1033862344625673,0.2363746169867485,0.08882655446470314
1836,fob,0.3571101708986363,0.6215966048380948,0.285597537914986,0.21038993923407925,0.34935285995054105,0.04383614606221347,0.05010036309080804,0.10500610500610501
1836,caf,0.3654461702411867,0.7602696325540137,0.2541439794170847,,,0.06600457497263618,0.40610067944048545,0.1005142589995325
1837,fob,0.3335781375813864,0.6360536847126194,0.29730316200293844,0.26306665215307884,0.5355677829293224,0.04503664479830394,0.09487922820910451,0.10911360799001249
1837,caf,0.3673199611249483,0.7394037664147005,0.24438348538697,,,0.06220263092148353,0.30651423628341484,0.09794553272814142
1838,fob,0.3708493293210509,0.6267448328753814,0.2624911803436276,0.23107783214698202,0.4000547385741928,0.09204810942941766,0.1192786787466994,0.08903508771929824
1838,caf,0.40351664634038276,0.7429386783582345,0.2552723699844584,,,0.10734006463763826,0.38093091867299045,0.081537565521258
1839,fob,0.4069952805413823,0.6044635237423679,0.26927223304091447,0.29786224139163386,0.46032197093717503,0.052910181012019615,0.13748797810445532,0.10526315789473684
1839,caf,0.40196796003623486,0.6608092479768699,0.2742777575331418,,,0.055229227886595254,0.1306156774371069,0.09825373448348411
1840,fob,0.3767993801134176,0.6745829038372579,0.2868389542262436,0.31540257509273845,0.5411089333008312,0.06067492218359589,0.35278099734797846,0.08755581440496991
1840,caf,0.3609354442125007,0.6595184992563822,0.2578234003563424,,,0.07321829713450588,0.28037301852725016,0.08159073935772965
1841,fob,0.3873553009689126,0.550302706747315,0.25770663769692814,0.2928053569432433,0.34094605598148703,0.0552731270324302,0.2510377173728424,0.08396039603960397
1841,caf,0.42519516694005205,0.6894549548506832,0.278809632773504,,,0.11477429216584954,0.2759160143703846,0.07247524752475247
1842,fob,0.42032231455747177,0.6839062923516803,0.26534568929456426,0.30127874508202646,0.3879801503899655,0.10275088161680139,0.28873551830055216,0.08340680655968966
1842,caf,0.4053220784484248,0.710790667852188,0.22408722650522983,,,0.10556718337681657,0.326763447820204,0.08728070175438596
1843,fob,0.40308013574180057,0.6566565724323209,0.298822919780097,0.28506286865617014,0.3957658080061544,0.11029057843734494,0.24529861643649553,0.0854570166496772
1843,caf,0.39053503026926784,0.7409787251395779,0.2613062550230404,,,0.08808310902542565,0.4100805535589504,0.08475247524752476
1844,fob,0.374801215411849,0.7372003165230399,0.29382581732392643,0.23187641520525737,0.25088013331456605,0.09202409041806117,0.46536617780420975,0.08021978021978023
1844,caf,0.37785881063569043,0.71145264513275,0.29575488553754076,,,0.12222807063674804,0.437140061592673,0.0787466501752216
1845,fob,0.3767733986309403,0.7264836149645401,0.22700288822455167,0.22117235351833547,0.5351716539761021,0.06268942994254498,0.3728488126028353,0.07924528301886792
1845,caf,0.4029913091470411,0.7178199629273211,0.22926891515484196,,,0.10076193812278086,0.455025708965995,0.07005520654863888
1846,fob,0.3685200923393229,0.7396186477442901,0.2757746910257185,0.24689938173329468,0.5546380230682185,0.06543091090828618,0.37172222544378974,0.08164344912713807
1846,caf,0.4025321397045986,0.718809223517526,0.2610258730533115,,,0.08340052947474784,0.3438875649668631,0.07374906646751307
1847,fob,0.3803808216275921,0.6933627953989588,0.2392645455401165,0.30268118915583675,0.4913534146570226,0.04912628139511311,0.4545798746835345,0.07747196738022426
1847,caf,0.40242873279790237,0.7083977287306233,0.271686406352972,,,0.06560608196029635,0.39882497804114897,0.06277552459883619
1848,fob,0.38445055203262507,0.7427794355855035,0.20137755407335087,0.15607648083096715,0.33900086786281675,0.07461071871785402,0.3993974891118746,0.08040033361134279
1848,caf,0.3964800484488943,0.7525717495580744,0.24697378788485896,,,0.08169232837622233,0.3560828825156868,0.06225741344511722
1849,fob,0.330119111614659,0.7073717179684238,0.2122311376875033,0.2918197548781294,0.6143165325656382,0.0035944547689510786,0.4579847320303723,0.06858407079646017
1849,caf,0.3524833089995272,0.6813715780835001,0.1951120695033984,,,0.008770518474694441,0.37851207744175847,0.06675981990374165
1850,fob,0.3425932159683839,0.7562614846907623,0.19224666822049694,0.26656746862649544,0.4857628684667036,0.015280141568434392,0.28494291780818176,0.0759198882161155
1850,caf,0.3750906583558484,0.6709258786368106,0.20158683345683126,,,0.02556514071114859,0.02260173004831878,0.06764705882352941
1851,fob,0.31136791774779615,0.7017998469962705,0.20945269301628094,0.24480235810690382,0.5116596828526395,0.014119624989273848,0.16319054131686359,0.08402948402948403
1851,caf,0.3501640243449445,0.7388084965948364,0.18871479752497336,,,0.034834744324158534,0.3209137185650411,0.07795461243737106
1852,fob,0.34554111962889167,0.7026433331008582,0.21014355615204589,0.28119513461139795,0.5799624946047985,0.009787529266532346,0.1796790025209664,0.0843630816170862
1852,caf,0.3602978944155331,0.7343406964538486,0.21779328712622667,,,0.022565344459271712,0.28281092490471094,0.07603305785123966
1853,fob,0.3481064429669278,0.7356733827035098,0.19316428822833331,0.2842349520565755,0.6151960121904773,0.010523352311833831,0.19938857153473113,0.07577268195413758
1853,caf,0.3653309943202932,0.7333613659632638,0.21662198013610054,,,0.014483011059106883,0.3018952881665504,0.0724967953283008
1854,fob,0.30434597000145375,0.712308743296046,0.23165856337748986,0.2882777457829845,0.6275738468704618,0.042180584768734,0.34915370862898504,0.07869785082174463
1854,caf,0.3477507451134849,0.5386950773648737,0.19393388398661118,,,0.01736989240769729,0.36098762319146616,0.07107438016528926
1855,fob,0.32056965862551967,0.7007873452223413,0.22848674345077258,0.21714279209554516,0.3551800463252857,0.035645036644479544,0.29140216680374886,0.07837172243951905
1855,caf,0.34805443795428115,0.6982968057167365,0.22488845413560649,,,0.042470070133698294,0.25573912064442206,0.0773607912207018
1856,fob,0.3387413307816967,0.7087909414258511,0.21596136476062333,0.19587107737043932,0.3376875748673882,0.09779131253027214,0.2880105365295244,0.0876750700280112
1856,caf,0.33775628876016284,0.7721594168486454,0.20365883793411024,,,0.09586547894132252,0.25300621218381975,0.0783672480620155
1857,fob,0.38170730413680226,0.7374092763308379,0.21227581482613095,0.24967913853539045,0.40576074524597466,0.11103069774223101,0.3345198361681591,0.07592446892210858
1857,caf,0.36457533869711534,0.7170184366923216,0.19939560669222273,,,0.12656011094638547,0.32046661421905215,0.0823647044119485
1858,fob,0.38464701506360643,0.4908736942872592,0.23975749496657484,0.23541943874015603,0.2045856134459521,0.16424714721406164,0.2384220036678589,0.07681885923316624
1858,caf,0.38658574319525496,0.7636850114724212,0.20087060400076193,,,0.12219029804963026,0.49671133464412387,0.07788127034002917
1859,fob,0.3823046638754233,0.6489212123306521,0.19403792841975032,0.1769328332857652,0.28273718953421373,0.14592250023731554,0.5128541955222744,0.08236914600550964
1859,caf,0.38249353777307205,0.6630438206595971,0.18195154387469953,,,0.14320956615419142,0.43444438586847894,0.08298962629671292
1860,fob,0.3818995100373879,0.660104951095668,0.21287684303650284,0.2424674509693681,0.5126515523312697,0.13710274974560022,0.4812896615581351,0.0834710743801653
1860,caf,0.378348811488818,0.7153458679361461,0.18906428329924813,,,0.11577589977985626,0.33936947949376445,0.08464516129032258
1861,fob,0.37457880957773265,0.46286072532519373,0.23327904884910233,0.25741304732533743,0.3502930084906163,0.12624514412020624,0.380015358622647,0.07878787878787878
1861,caf,0.37534459798288333,0.6917969236837419,0.20337115738875727,,,0.1283266293597766,0.40181503272687497,0.08490322580645161
1862,fob,0.3510657979984942,0.698541602425244,0.2355509283877804,0.2244595823613875,0.4902113832239015,0.11090813059958479,0.22359272497788235,0.08169624712098632
1862,caf,0.40403083664402556,0.7341777337809532,0.21862761990917584,,,0.14963406801016724,0.35101079356748754,0.07564191533657183
1863,fob,0.37237764429941056,0.7754528391265212,0.21727641842006554,0.23443824883473463,0.48169541974218744,0.14233942536624233,0.24874356630069147,0.07684238132703908
1863,caf,0.398225292406701,0.7015270630893667,0.22428351670257549,,,0.15423109340604776,0.33997709967596446,0.07573047107930829
1864,fob,0.35623729053538894,0.7476817763512847,0.20589256751937882,0.2516344144865446,0.6852180554517374,0.16104417433991375,0.49643548540817767,0.0838911835920809
1864,caf,0.37755678724605446,0.7849020816894552,0.22544080278343404,,,0.1570595858363768,0.4264074279458796,0.07727713178294573
1865,fob,0.3761782580463246,0.6651490500847341,0.1960544227969635,0.25376640845660614,0.6075116143611821,0.18011656339702534,0.36642337840489403,0.07858064516129032
1865,caf,0.38208692299938013,0.6343809508771019,0.22415857533955927,,,0.15492047283355265,0.4532226375006363,0.08003701133472126
1866,fob,0.37932155535065726,0.5837593630489915,0.09929044967870737,0.2601114527917217,0.5127151585072787,0.17117122546087804,0.48000306705126616,0.07771428571428571
1866,caf,0.38763380428192973,0.5726517725107275,0.18619688246169655,,,0.18203243763918373,0.3301935052269036,0.08419797257006559
1867,fob,0.41087927263762813,0.5692907559279793,0.22826951357776895,0.28323884651819903,0.5431148406518354,0.20805473643289607,0.2008177044307385,0.09206569511913024
1867,caf,0.4125240387001953,0.7544509771514504,0.23336763958605222,,,0.20295796215882128,0.44526140246410334,0.10005963029218844
1868,fob,0.3655554713879083,0.734147656613595,0.19618861737265805,0.24131951895186893,0.6973620047340052,0.17261411113464523,0.2670374971979548,0.08930150309460655
1868,caf,0.3998174957171855,0.8039951746041415,0.21801086030512046,,,0.16413127101798758,0.43533379604920835,0.09325068870523416
1869,fob,0.35440039061646555,0.6204848982465816,0.18590058798462428,0.26242655925538516,0.5944756930567536,0.17013301716159823,0.13631269161238369,0.0928427262847384
1869,caf,0.38728331024334856,0.575486156338451,0.20830910736814676,,,0.15817622349493507,0.2286805134465212,0.08949579831932773
1870,fob,0.3978167354996487,0.4831705686163067,0.2062496759031744,0.25839929547389395,0.4396703031191455,0.23990826317155772,0.24292160101901733,0.10945505356311132
1870,caf,0.41158986026587163,0.6196600241202889,0.1939036544631772,,,0.2037724003472606,0.28925917710538085,0.11038678835289005
1871,fob,0.3834322979029302,0.3230421964352152,0.20632762260564588,0.27485848827766396,0.037268674069810576,0.22842706578337452,0.07939653024325026,0.1063527180783818
1871,caf,0.392119449937392,0.628934616753716,0.21329587137546357,,,0.20695422950493078,0.2250487190374604,0.1034040734938043
1872,fob,0.36596022741371503,0.5177536138683394,0.18711263859192245,0.2642116738474939,0.15875056201786544,0.23436804026660885,0.13434122959555417,0.11450900441726129
1872,caf,0.37645396899164285,0.56917642962191,0.17799894834271712,,,0.2033622057311034,0.2783790740011068,0.11069709672411117
1873,fob,0.36798906877432064,0.45684965824580737,0.19464786474229356,0.2387337252578903,0.3503018065606841,0.2314884366882937,0.13329554125875476,0.1257985257985258
1873,caf,0.3871289903383278,0.7131642555306429,0.18175379029488484,,,0.2055420901148725,0.30750465545905975,0.11979010494752623
1874,fob,0.38731336304704683,0.5425074554675253,0.19293582551144137,0.27473294361500855,0.30208574901077695,0.21697343178324174,0.25922547117091577,0.11678255372945638
1874,caf,0.39454942354237593,0.5916774363066494,0.22091517357786125,,,0.20129734801914526,0.32097792848477996,0.1158920539730135
1875,fob,0.3494990247518838,0.40091791810477456,0.20186456786900894,0.28151190099405177,0.38379995098819025,0.20131651493263203,0.14220462982577273,0.124790236460717
1875,caf,0.3737590894509916,0.6697213917486167,0.18498365653206175,,,0.19106808916203688,0.26420126326989024,0.12154135882949442
1876,fob,0.34944112924653536,0.4598549571162367,0.21028607587840908,0.24324923459459935,0.41817935395237954,0.19395061649385406,0.15592542892787173,0.11777269260106789
1876,caf,0.37601039130058145,0.5953265650247893,0.19490736744668438,,,0.2056359535046666,0.1595725415836568,0.11734028683181226
1877,fob,0.3898407491169259,0.6009304927691055,0.21102590923311265,0.2831059572833223,0.36245074871190697,0.19939997458395486,0.1361393683777651,0.11170798898071625
1877,caf,0.39415357424472,0.6452995957117924,0.1857827212858825,,,0.1954518737043139,0.15640770843900823,0.11694214876033057
1878,fob,0.39932045653097586,0.41630383270889815,0.19982931815635224,0.2821695256677902,0.35740437358524885,0.21799948937486804,0.19243400812115619,0.12355371900826446
1878,caf,0.409850306138852,0.2287729040916572,0.19178427217658875,,,0.22032854680373026,0.1109176587890394,0.11987096774193548
1879,fob,0.3870011993424042,0.27266524880525866,0.20689280732267745,0.24781679026626874,0.1476508376212664,0.19880966795066576,0.1638317232785106,0.11625806451612904
1879,caf,0.4153146404674839,0.21192182602135085,0.1993050030522023,,,0.21424159989673186,0.13260272602396786,0.1192258064516129
1880,fob,0.3919309835023016,0.6212686380607542,0.2098674003487016,0.24021302672098696,0.5206901902518142,0.20105977192597274,0.5033084269262649,0.11555555555555555
1880,caf,0.40770843656065314,0.2936505928213837,0.19658345545944364,,,0.21736950382974415,0.15012830436493346,0.12195121951219512
1881,fob,0.39976325855358974,0.6021928912430563,0.21128923892333445,0.32535187427474394,0.5412880198724728,0.20397387544819742,0.49204966330707073,0.1172063492063492
1881,caf,0.41145014786025996,0.33880230950967577,0.20343336384990776,,,0.20922524364573905,0.13704822210685647,0.1249032258064516
1882,fob,0.39523389456268787,0.6248438501644595,0.20888382477956388,0.31943139872164955,0.5495919625553947,0.20415407035814304,0.5052300290667285,0.11368110236220473
1882,caf,0.4132581210081584,0.22739745362879296,0.19756550937351883,,,0.20478852555432653,0.145125054318833,0.12368253968253969
1883,fob,0.403399084884122,0.625155061957455,0.21204846619525153,0.319026359086315,0.5007004985360457,0.20655581312198773,0.5269957289427811,0.12057245080500895
1883,caf,0.40369745452300165,0.7796299877605914,0.19632041071871167,,,0.20699633137266268,0.5856917309094254,0.12281976744186046
1884,fob,0.3946100945316394,0.6818310171203328,0.22710969739458575,0.26237916520985866,0.6250975758920502,0.20590971406742084,0.5095334880003516,0.11198568872987477
1884,caf,0.4045604139545084,0.7589358940284945,0.19354365408091323,,,0.20967031932952118,0.5368990360760049,0.11670968465940972
1885,fob,0.40863073980121967,0.7408095789111974,0.2156530862176062,0.26894443912135557,0.5683914433765481,0.20196578084171865,0.5114061643216966,0.11736896197327852
1885,caf,0.4073142527332406,0.7432963340863201,0.20645323023920834,,,0.2233054544301268,0.4938360470573888,0.11621073961499494
1886,fob,0.3938575715866267,0.3425598636430054,0.20677742898469725,0.3088182394380518,0.2968344494840281,0.21019642431559435,0.3045058186724754,0.11631205673758865
1886,caf,0.41855341598736423,0.6465539949032659,0.20282165114965578,,,0.22934355750003288,0.5247678645996832,0.11228208411307003
1887,fob,0.3840139288800103,0.6264123294630461,0.2052940760808833,0.27133998530926856,0.433353578248577,0.18697575225079546,0.48037969749700665,0.11936453413482181
1887,caf,0.4209431351685664,0.6078233518935316,0.20223741707905782,,,0.23068728213684134,0.4605219024817653,0.10766283524904215
1888,fob,0.36801784150631006,0.7015714782968747,0.20080198386430875,0.2978924985065468,0.6419026281069511,0.1885374773577725,0.4297923069973443,0.11424944462075531
1888,caf,0.399938882042464,0.6553403877890875,0.19450700855315062,,,0.2185326774601231,0.5450284077626261,0.11367495754669864
1889,fob,0.38377428284966125,0.6211236821461297,0.20331261033535505,0.29028530393079505,0.5921598542965419,0.19179327283645645,0.562634853990405,0.10949585313577485
1889,caf,0.4149553049983028,0.6681979734721887,0.19786755103791648,,,0.2256931407549359,0.5525923035041711,0.11273353890803556
1890,fob,0.3542798178415348,0.4332840420602562,0.2041615444862369,0.2608998678623458,0.09696748088353117,0.18524757485182616,0.3504545454606314,0.1180931744312026
1890,caf,0.4083784527813632,0.5713305819303857,0.2048467727807785,,,0.2130058315705302,0.42561057483766945,0.11331655950051253
1891,fob,0.3679969071027822,0.6562725633916887,0.21160049716892806,0.13739371341826062,0.16384456003936176,0.20189758121285778,0.3573724198004794,0.11427534917467803
1891,caf,0.39476094849721055,0.6177786395917456,0.19699327125828636,,,0.2113685377521783,0.44503155054879434,0.11659955257270693
1892,fob,0.3714412506260251,0.7805506513641329,0.19657922329946848,0.26193450931485696,0.6403016839612975,0.20681796702371724,0.5131188166741956,0.09796017092638877
1892,caf,0.3867378456559525,0.6851606729051166,0.18493076665601044,,,0.20433012475036302,0.49605801298681207,0.10230077223151023
1893,fob,0.37175086062484103,0.42458001103824833,0.21360634681313573,0.29618848696906036,0.33852987982744204,0.18327857027243613,0.27485163635823123,0.10297766749379653
1893,caf,0.3831179738800334,0.7870625703262237,0.19048549394243897,,,0.188787544429689,0.41642546481461795,0.1014751552795031
1894,fob,0.3698164566806284,0.5832085886597435,0.22178058829963604,0.2640874233064626,0.4125078625909025,0.17438679482931138,0.39429282046230496,0.10090984284532671
1894,caf,0.3749613421435239,0.7603881284790698,0.186274827689873,,,0.187755805551277,0.4027324123338538,0.1039308176100629
1895,fob,0.3582428205167875,0.49408500978925024,0.2199066977496334,0.2715939816490181,0.3214224548051593,0.1647459977810665,0.3291475968163192,0.10101257553486853
1895,caf,0.37175255489803294,0.8154127193383622,0.19108441804585782,,,0.1766421366270921,0.4663434068051387,0.11334313245141271
1896,fob,0.3666444629559271,0.5846746420273699,0.22806261502193123,0.26403327227880896,0.5570368363718278,0.18573603131466027,0.37264178105784873,0.10395231095868039
1896,caf,0.3762825611768345,0.7970152569349044,0.18683100270894204,,,0.2032805426284391,0.3996525448738321,0.12177672955974843
1897,fob,0.36796320266095706,0.4805724141914186,0.22287132677382332,0.2491969484560513,0.288897001624632,0.18736267119228112,0.2586439086423396,0.10248447204968944
1897,caf,0.3707223764123407,0.7875727483466318,0.18881298343422803,,,0.20071723863042598,0.3847161665551325,0.12391304347826088
1898,fob,0.36898846850385497,0.4385871575275907,0.21613352310579975,0.24956199808760393,0.408277865110317,0.1840427628139075,0.2377840988468435,0.10221729490022173
1898,caf,0.37288554040048305,0.804315484253358,0.18199942461920227,,,0.19010427730010282,0.35372918948891874,0.12507763975155278
1899,fob,0.36161095953154443,0.21893914422453686,0.22322806494491226,0.2376906481782123,0.19049219544130255,0.15763456267670536,0.04648671076034737,0.11304803232081401
1899,caf,0.3555628587277017,0.8042032477589874,0.18748589793558454,,,0.16514762334224786,0.35305097685194187,0.11865644395764878
1900,fob,0.3524872636278008,0.7619250424622597,0.19710924489606368,0.23776569724078564,0.6438718839588291,0.1623105859182151,0.35439371274109027,0.11677753141167775
1900,caf,0.3797840742110179,0.7743571187089255,0.17580001965724446,,,0.1988080866045299,0.4471168439093252,0.12639649507119385
1901,fob,0.3421661797079687,0.7246816447379228,0.20786437093759086,0.24830055520226593,0.669142446749896,0.16030477497797457,0.5057253923615094,0.1107423706803261
1901,caf,0.39320013179451613,0.7216723491929141,0.18868332110617353,,,0.21168294019545963,0.2910795846264317,0.121843825249398
1902,fob,0.34842891395376474,0.7398562501705664,0.20736470135813648,0.24605498977458465,0.6453642220718505,0.16484579027571422,0.499955801385097,0.11256059309951526
1902,caf,0.3659965193313852,0.7919961842680687,0.19001696762490117,,,0.1962046862990971,0.45751581316493783,0.1318639703097781
1903,fob,0.3492069678046247,0.6910282860592749,0.2048139663954348,0.22467877843332149,0.6122756426648982,0.1716961885000573,0.35911556702864167,0.1108232011162049
1903,caf,0.3762564977025483,0.8276978706035781,0.18346747260318813,,,0.20663401824066288,0.40095189026826217,0.1265326489877388
1904,fob,0.3502740404440985,0.7595582912746982,0.2025710628592851,0.23986074972052956,0.4829441031975289,0.17684833679931863,0.49989524439910304,0.11545505776275007
1904,caf,0.36164021192097245,0.8183781688771515,0.1780501360857487,,,0.1935221823847311,0.4050578421755027,0.13073852295409183
1905,fob,0.3423414644485946,0.7699770029036462,0.2117404661322868,0.24269344666954992,0.4721911018497409,0.1753094247463784,0.5232110367906975,0.11888544891640866
1905,caf,0.3455899619556534,0.8110616890132221,0.1845316998724879,,,0.1893290449999849,0.4064359789859132,0.13562453806356245
1906,fob,0.3504342549975259,0.6843220348367849,0.18921318770569512,0.24653542524989186,0.5047650655389014,0.1769201296041254,0.5035520676308233,0.11579638752052546
1906,caf,0.3431687335460589,0.831642330229753,0.1740528031251158,,,0.17050742855343537,0.4578957334003426,0.13602506091193875
1907,fob,0.3494563719168222,0.6972578844048627,0.2021661322608858,0.2745168955746107,0.46209098904543294,0.19580379757611877,0.486784465142003,0.11756978653530378
1907,caf,0.34228129496415,0.8312459239324795,0.16845076457988195,,,0.18491849976048114,0.4964452056633958,0.13556650246305418
1908,fob,0.3569885491084788,0.6765705923110478,0.19787646359647604,0.2784770522315217,0.4502988012360568,0.1850965267085443,0.4809271757209886,0.1174384236453202
1908,caf,0.34627386800003834,0.8203866529108399,0.16390511627223836,,,0.19035329331308512,0.46454929665545663,0.14300285597715218
1909,fob,0.34218498189452734,0.6278385013173836,0.21425560137346036,0.1594462290199922,0.06076722497480587,0.18117132327327246,0.4984097703783853,0.11738050900062073
1909,caf,0.34647764250911195,0.8224745423635228,0.16889197709483378,,,0.19263185206596478,0.512622738394673,0.14015151515151514
1910,fob,0.339703669110606,0.7653667979647416,0.1935066788667781,0.2514275596911723,0.6475092685709141,0.18502516726678525,0.590271833019435,0.11835705278328229
1910,caf,0.32616015608940124,0.8017712350088821,0.180712421809281,,,0.18230780549114572,0.5318153730847656,0.14425822470515207
1911,fob,0.343758624716056,0.08298363595433089,0.2010152978987942,0.14620808891176548,0.005703917924530477,0.1921833513290036,0.06392014107076552,0.13388896357037236
1911,caf,0.3226334605854919,0.7860799680015619,0.17544245919262008,,,0.18775449787642814,0.5111274925447914,0.16005581024516644
1912,fob,0.3388904584792972,0.5980519871142652,0.21214878292986566,0.22754441655832325,0.21639354887542778,0.18492572529269502,0.4451588429978437,0.13214285714285715
1912,caf,0.31529533647973135,0.7666639359996757,0.17089970850482367,,,0.19603478382130782,0.3779514173384357,0.1684346525227798
1913,fob,0.3361915320406333,0.6801297654867976,0.2122486608062013,0.18652839959319692,0.5102743512027811,0.16932659582491044,0.21520897955162274,0.13507960965588084
1913,caf,0.34056249720299575,0.7750526231098853,0.18165924458030336,,,0.18776188001892666,0.37687687318354357,0.16
1914,fob,0.35020305811829866,0.737397752049714,0.22125720245609865,0.2301182631874153,0.4047431089909065,0.18821693872140371,0.5082135184042355,0.12443216697360343
1914,caf,0.3471270482532831,0.7415900960695461,0.20258638675417603,,,0.20793508415588097,0.49532857727933355,0.16204417051874678
1915,fob,0.37253780611454657,0.7937658531572931,0.22166897106263198,0.2688373119571685,0.5079542753790973,0.22344691325073177,0.40248023746096495,0.10463875462933903
1915,caf,0.34432382635501435,0.8271638862692003,0.19868644350261613,,,0.22978947151448118,0.5837626609689326,0.14205009101751304
1916,fob,0.3709917359325845,0.8139545719769269,0.19617918528572212,0.25523044585516275,0.5382038065554098,0.23431795354160084,0.4076925308728139,0.0971243572652828
1916,caf,0.36039468431300403,0.8085067780240871,0.18557331176077768,,,0.23604303072412808,0.5133222305786953,0.14205086359309124
1917,fob,0.4044494132560905,0.8120423463143225,0.20576801196581,0.26741142287301584,0.2963936075094094,0.2629493259029061,0.5031721273164469,0.0931940987189606
1917,caf,0.3694289494459562,0.7942583255263164,0.20677198202047922,,,0.24299461691816035,0.32942355006310814,0.13013610683102209
1918,fob,0.421586880457707,0.8453696063944383,0.19557379467237634,0.31602393197653206,0.4345433164591823,0.27730160987069424,0.5422241618072484,0.08942996927978154
1918,caf,0.3992954636927696,0.7893042509005054,0.17746368483669056,,,0.26788518781368453,0.3094442524933767,0.11495405179615706
1919,fob,0.3773407137919637,0.8551636077407435,0.16900288820473355,0.2733592153248268,0.7127819862771686,0.24564655812330852,0.5069891682597304,0.11057038199895343
1919,caf,0.37269825453551525,0.8466842751899553,0.1550380388460322,,,0.23830213123936472,0.5850960686784732,0.13299916457811195
1920,fob,0.3515056108746508,0.8480841387258133,0.18873919462397706,0.2396682477955511,0.6995715509540835,0.21784964951300959,0.5503386011348063,0.12073966642494562
1920,caf,0.3647926871632144,0.8148659614161158,0.15715141030849628,,,0.21856585779903134,0.617873329280166,0.1426499533823682
1921,fob,0.3574211052761457,0.834644087016549,0.23473755401453944,0.24757308495618668,0.6687108507839672,0.22127209680590604,0.5781612759501724,0.13058116647674298
1921,caf,0.33965912831881967,0.8379009513624934,0.22185939802286103,,,0.2167668574967691,0.5906037031190321,0.1484163341707305
1922,fob,0.3477797126152882,0.8082961456048738,0.23657243874566639,0.2507942132026846,0.6173385131669776,0.21669112176083363,0.4543923902018852,0.1375220138816948
1922,caf,0.3471382670996742,0.8171831840302076,0.2264253643855021,,,0.21827570606026886,0.5857360338290649,0.16261306532663317
1923,fob,0.3417312145062616,0.8192982036474615,0.23620009049017854,0.25911845319655846,0.5171054610963899,0.206868538320031,0.48365566940765975,0.13929879644165358
1923,caf,0.3272974266335318,0.6860507132541895,0.23922560824328126,,,0.19565444097265178,0.07160854970068202,0.1726844583987441
1924,fob,0.31287312798010136,0.8074815668233516,0.21083466050241806,0.22823913500437776,0.707854565906056,0.18373584907621524,0.5529169048590359,0.15576091020778804
1924,caf,0.2983701719874273,0.7892085875253211,0.19245481203064177,,,0.1759748646251589,0.5458304561103215,0.19457037996545767
1925,fob,0.3305935924192065,0.813764479654316,0.20581634816186417,0.2515934895960045,0.637029176495318,0.18794523019324078,0.5788796665477107,0.1616472366148532
1925,caf,0.2880111832364756,0.7828159781241717,0.1653165676500337,,,0.17762128037275757,0.5348505998378403,0.19624352331606218
1926,fob,0.32244732859353203,0.8019885933266556,0.20590813020455326,0.23673286756668763,0.7490648805821492,0.186289820817011,0.553128362279883,0.159017921889568
1926,caf,0.2987504040948077,0.8068514337881146,0.1869202589009989,,,0.18679753686386816,0.5650209040652312,0.1923600209314495
1927,fob,0.31708216892507385,0.8187140067799439,0.20349276702988356,0.22731465334769713,0.6662202362503569,0.167654336471989,0.5694247753345476,0.16364651540530936
1927,caf,0.30098472468777543,0.8089115353792002,0.16976515508796283,,,0.1758565542519531,0.5030206980929033,0.19587838180803005
1928,fob,0.3147885934979672,0.8072664872641577,0.21087733908142664,0.21345358296103342,0.5113337738157763,0.15828546724913853,0.5585202914196309,0.16706467661691543
1928,caf,0.29878095768402213,0.8157704819289476,0.16914032930347578,,,0.17216406966732495,0.5159025898912966,0.20750025898684346
1929,fob,0.31238734484412006,0.7934060786813586,0.21494324510405158,0.213090218441142,0.37878253459705735,0.16398315091009222,0.5186147081990741,0.17435897435897435
1929,caf,0.28754044407018675,0.8211404416670393,0.18139436332867226,,,0.17340731572789805,0.5070881970993683,0.20648105419679025
1930,fob,0.3072120184903667,0.6079737066621171,0.21875538966600724,0.18655441021597927,0.464620269465332,0.1553926644692778,0.30335645783991305,0.1698507462686567
1930,caf,0.3022150111874968,0.6562943827346616,0.20626400434423806,,,0.1760582520685368,0.2966981255300377,0.2046514037086916
1931,fob,0.3012259467930186,0.7767399887554545,0.3271098254433395,0.15288971673262367,0.4818123525485357,0.1545737091606786,0.48117955189383266,0.1824477927570711
1931,caf,0.28517857339789787,0.7888617378616901,0.28987526598438457,,,0.1683839888515775,0.4790312735448429,0.20931449502878074
1932,fob,0.29911911906612354,0.7921768233610084,0.3575356031868577,0.17396234062393673,0.29735287746715255,0.16277750866560525,0.5669523427368556,0.18299748756601547
1932,caf,0.27701311366020526,0.7922771556521839,0.29837990093909605,,,0.16817352533224916,0.4610712564169791,0.21014161717679306
1933,fob,0.2926860865221864,0.8056421448766314,0.3330725774018414,0.10510250624684435,0.10515828190516179,0.1550236683789422,0.5820054543073035,0.18931938257536518
1933,caf,0.2644219230570492,0.7599300358455444,0.286897582929719,,,0.15764832111319976,0.35757583159798567,0.21812028918627904
1934,fob,0.2959122126837901,0.7533108755848541,0.328195280813744,0.17184975102866432,0.6419474439683583,0.1610191561246357,0.5609441616089561,0.19561093165154078
1934,caf,0.2567596906589032,0.7260444937065813,0.289075361075605,,,0.13869058172408505,0.29871155199034866,0.22452095955864243
1935,fob,0.284691521688216,0.6427381520014008,0.3151327643799191,0.19126720367012814,0.5299575074314662,0.16460373790698835,0.15741470434390017,0.19984924623115577
1935,caf,0.257174114514967,0.7242394421569619,0.2802357641888952,,,0.1373079504913159,0.3260328642617055,0.24953048068625958
1936,fob,0.2737673466080869,0.7186166753795556,0.29360917949004667,0.17722834036141116,0.5010258879338712,0.15870735207794964,0.46558979561814756,0.20821559392987965
1936,caf,0.2596352023650276,0.7294117627115336,0.27333705710978295,,,0.11843348923873268,0.3178102840720639,0.2945187919807209
1937,fob,0.2658978487834732,0.7326879952626791,0.2682366482543504,0.18797221445487108,0.5007733632500234,0.14704618762936295,0.5224141437029777,0.20883966569245757
1937,caf,0.2393205288619375,0.7317803382464887,0.24945911454173217,,,0.11557794833293036,0.30643843177314,0.3039555187045798
1938,fob,0.2535318708080411,0.6262159903635385,0.3985305172858162,0.15196913566287504,0.38238019467266926,0.14997769593395402,0.452883036459159,0.21004709576138147
1938,caf,0.22680012076002773,0.796345550651277,0.3945237556882934,,,0.11637935708582411,0.40697198855998196,0.3233348715582218
1948,fob,0.2383531921993532,0.6195166243133821,0.24044093569460492,0.1566903748061475,0.5514262907176238,0.13873900651698176,0.396817497944315,0.4062646096306685
1949,fob,0.2227672807540904,0.5851691188359717,0.2241725879918579,0.13684671158275316,0.44650087984441417,0.12185871461934998,0.35578491540973145,0.3972534332084894
1950,fob,0.20912104402739004,0.6004033469666713,0.2518596484364223,0.15642923837900152,0.46792929234635033,0.11174699819920425,0.3934518976774769,0.40157668418537984
1951,fob,0.21421197310789572,0.6111788383534794,0.2391066079034379,0.0950251970486628,0.4629232243655648,0.10714370210929403,0.3484422768748582,0.25583079820367954
1952,fob,0.19481801813977512,0.5756466793601497,0.23935156834668098,0.08404759075116429,0.41327596655636656,0.10571136922130522,0.35263641444251537,0.4409854423292273
1953,fob,0.19617099033087232,0.6016775912072492,0.23970276635183121,0.13612122342191163,0.45746587113007725,0.1050447736984793,0.2580053278824417,0.42478434672838206
1954,fob,0.19701298191809466,0.6218031670636348,0.2477557809140324,0.12602620001486314,0.5184089050009348,0.0945198840935941,0.37052082949490567,0.41952451083526193
1955,fob,0.2005341683516569,0.620843020807506,0.2535060866763953,0.1498918003201509,0.5115987690588439,0.10626170104206124,0.43104530156831483,0.4146202170188464
1956,fob,0.20792205650604714,0.5562185387178611,0.240430148403157,0.12856514755417955,0.47347602956145296,0.11026536274042574,0.38300018312239553,0.4385556202679091
1957,fob,0.21276239974557148,0.5494264452150187,0.22853620433217606,0.11900123216153995,0.36392430391076375,0.11192125194949334,0.3660215486465787,0.41411501120238986
1958,fob,0.22311302921359938,0.6306824200372987,0.236116572720609,0.15363532178485986,0.5092737148436993,0.11847380724659289,0.3050754401136783,0.2665306998711893
1959,fob,0.21868034869382125,0.6481997658270067,0.23435526649340976,0.15136587319938652,0.526479993202211,0.11096680825342044,0.33444387238814843,0.25632074473712047
1960,fob,0.19061562400745408,0.6253407887661129,0.2185990828697482,0.06362708005543237,0.29937821543276805,0.12124292017983351,0.3854978575215357,0.2552125279642058
1961,fob,0.22136181929242604,0.6130694347750807,0.22207267022963795,0.11392844627418172,0.3360211105875169,0.11095465090444351,0.3606008194102978,0.26183566116452023
1962,fob,0.228697200355303,0.6351367639022959,0.21175284630167598,0.13950582097070002,0.47700754377134885,0.11945074876953682,0.4083589685913306,0.2639821029082774
1963,fob,0.23441483894224482,0.6419873907215642,0.22039660407038564,0.11179382409372823,0.38406002962790764,0.12935043463705465,0.38137910163246536,0.27381898454746134
1964,fob,0.2232867875113505,0.618626865011634,0.21010191514191523,0.052848445788631786,0.18533380783012418,0.12895171751195478,0.3801953479763768,0.2872224549643905
1965,fob,0.2157630604304825,0.6270006836909466,0.2210071681043884,0.05336709590558484,0.2826854643806555,0.11785367818907058,0.38302490684287227,0.2983661499790532
1966,fob,0.215702273765934,0.5120036701449797,0.21984151887723627,0.050408282715500054,0.10134494185278443,0.11827431533722756,0.3731503448510265,0.30089494477142625
1967,fob,0.22406711979291175,0.496652502530188,0.22912193249204488,0.05400357366146784,0.09023499452891934,0.1213100078730518,0.35898236167106007,0.3078556263269639
1968,fob,0.21770072398807885,0.49879120935015553,0.2355694983529624,0.06596879373449464,0.10439060678499738,0.12320549613853765,0.3601317232436799,0.3077739670096358
1969,fob,0.23512453308824932,0.68747555943417,0.24323449474361256,0.057698159344810575,0.18361246830755173,0.13578238827468375,0.45719615705648714,0.3220883534136546
1970,fob,0.2350877112335753,0.6811090985603869,0.2505872376109869,0.11330260394577714,0.289699041216117,0.13456388270255076,0.4660821196361988,0.329697747362418
1971,fob,0.2318507744360117,0.7085719518666818,0.2508197155061268,0.14071151188599762,0.5554897678129636,0.148941158466838,0.46396983211516096,0.344810379241517
1972,fob,0.2342274664065742,0.6978914261355279,0.2544457599691288,0.029427682061939332,0.10269522984682757,0.14773502202946098,0.47364936991372025,0.3520005635390251
1973,fob,0.22330461640666632,0.7037304295719995,0.24948635517794873,0.06585858283244736,0.26540327291280175,0.15249945211596794,0.4855025860295875,0.3728515074668921
1974,fob,0.22756355799037994,0.6905147466633147,0.2398649645145981,0.059473519073730545,0.17699668360700543,0.1378947779711854,0.4464185180721735,0.3777824739363201
1975,fob,0.2299005322409253,0.40520354784232926,0.23796525208743816,0.07373407185204398,0.051295235846869215,0.14093456654102107,0.34395539522924473,0.36443068455452354
1976,fob,0.2339126085864185,0.47891990880560614,0.22354637622659398,0.06648371069443243,0.04394213258721019,0.13950758467392968,0.3862951046101345,0.36489269815959074
1977,fob,0.22461217860301516,0.2654119251935878,0.23490669633162495,0.0734024405061348,0.0707893421310858,0.13620515201337355,0.21948107229874564,0.36735632183908046
1978,fob,0.22558662058884787,0.34769292203547175,0.2326650787249033,0.10303503508247965,0.09401520688211967,0.13632206388201076,0.289430172896914,0.3789117002192545
1979,fob,0.234775603524562,0.4145947098324182,0.24261888895250103,0.06167576167009858,0.10364791419628043,0.14445375640443298,0.35313211055908283,0.3858879808650588
1980,fob,0.2343452606108941,0.6696922081444141,0.24172282218486313,0.1167200654171384,0.40014696474342315,0.14699887802325223,0.5574817689829503,0.3931691297208539
1981,fob,0.2163168634030116,0.6848646657435921,0.2379517244400381,0.0958711713745132,0.3205108884802155,0.13772191602588477,0.5691797841723163,0.4207553366174056
1982,fob,0.23028098230781263,0.690410439487728,0.2456071411438828,0.11194617312285379,0.2548362860580995,0.1470301894756349,0.5753843656955316,0.4153694581280788
1983,fob,0.2233276362226662,0.665267964706791,0.24728237774777861,0.11917475616659996,0.583083176392715,0.137066553043281,0.5455571622305031,0.4162233169129721
1984,fob,0.22557983407766696,0.6496906619055174,0.25093217936556106,0.12174694862478107,0.26980596219248426,0.13890313006514343,0.543282990175652,0.4124675324675325
1985,fob,0.22125229338609007,0.7009452068807029,0.24252552011806977,0.11797769132440096,0.3713631418579756,0.13735061321947037,0.5209266197065777,0.42344155844155845
1986,fob,0.2166943151595333,0.69893981490401,0.2529941383116845,0.16935042751774765,0.5961445550145917,0.13965253992465554,0.5417791377625906,0.4292207792207792
1987,fob,0.22037926995631102,0.7034389463208842,0.25349473000895134,0.009338430984164718,0.05546788692484814,0.14774768840199448,0.5744100464337546,0.4378531073446328
1988,fob,0.21870299084591124,0.6972919860434202,0.2587147513615489,0.06433502118694671,0.1905123893985214,0.14451932569876588,0.5546380054291008,0.451271186440678
1989,fob,0.2179320639423014,0.707100077397984,0.2575352144598889,0.09639528751043265,0.2873268772317613,0.14707977118025856,0.5555379902917804,0.47239342578325627
1990,fob,0.20716118960370222,0.707264850607916,0.26195954584803627,0.014451122774174712,0.0645973250628958,0.14459693970273074,0.547151608099925,0.48663382594417076
1991,fob,0.21727290594832604,0.71000251384186,0.2669276078810543,0.14442982602933588,0.6476988352331072,0.150413796418673,0.5298937211571457,0.4827586206896552
1992,fob,0.21577168146977058,0.7404849378290912,0.269852747880207,0.15619522968584615,0.631910220147736,0.16521049313022682,0.6410453275370792,0.4595294382528425
1993,fob,0.23797098461716576,0.7326321404391627,0.26607848513822474,0.14964711744578227,0.5739456075820294,0.17473780199841094,0.6199800190992605,0.4587499359072963
1994,fob,0.23657701025116534,0.7311302724314095,0.27575029606575846,0.1077394850664461,0.40876242870105617,0.1679101418225783,0.6073348541167889,0.4813618417679331
1995,fob,0.23770356772702678,0.7305546338927789,0.2795144861613903,0.18938115116151258,0.6664211825180575,0.17143729681390746,0.5843266561369044,0.49337597076290546
1996,fob,0.2331906735754778,0.7236802707552644,0.2911120385118657,0.17009893846413843,0.678683027539193,0.1662725403073031,0.5761545966279801,0.5179203199507768
1997,fob,0.19886652274008937,0.7127097283619502,0.2781686609292216,0.17078391747146232,0.6423146774706274,0.15871237045037648,0.5862540506250986,0.5322388059701493
1998,fob,0.2205827200100948,0.718378324917249,0.27461117310189875,0.15748750671044123,0.6185045238853134,0.15713285182063463,0.5679438369255113,0.5525125628140704
1999,fob,0.2170569400271301,0.7288945883828747,0.279676669924533,0.15175083370160528,0.6236254208756008,0.15944113764375384,0.5883608342569239,0.5647761194029851
2000,fob,0.22307865037102437,0.6703332055340349,0.28376301542455373,0.07875741145367324,0.12797707838673625,0.17321573080526195,0.5523641069897488,0.5738473805168613
2001,fob,0.2234139788032724,0.6604347062444702,0.2838863867887066,0.16604029607075316,0.56496049053601,0.17183644534916356,0.5411178998549034,0.5776662950575994
2002,fob,0.21818769471456553,0.6885332567492554,0.30456072917000065,0.14885851280126397,0.5082641917762298,0.17193244884940567,0.43569551958170044,0.5963134937385676
2003,fob,0.22204188654123708,0.6600030285298486,0.3077862903041046,0.15059266728450427,0.39547278650272594,0.17720692302755106,0.4898663816565221,0.5960158262789842
2004,fob,0.22528078989548306,0.7046272737811415,0.28880527816549034,0.14456124315637175,0.4383245509709483,0.17654885080612026,0.4465329554916479,0.6126242178873758
2005,fob,0.22503322160111358,0.6736589031683312,0.31270981945693965,0.02288372568338476,0.03324776910342188,0.1752257104842082,0.5696591785040596,0.6155686418844314
2006,fob,0.2250830406222529,0.7457043726764656,0.3101133528349616,0.15386197752680747,0.542286961553804,0.17565343915594966,0.5313990055218919,0.62365003417635
2007,fob,0.227599807170427,0.7206274466364122,0.3039254509776541,0.07219444727463524,0.037723970999727276,0.17416532266219958,0.5373897543260379,0.6314422419685578
2008,fob,0.22303121785545998,0.7108295989286595,0.3094304155732065,0.021197781376958453,0.014396894092884796,0.17264807545996827,0.5547630112359546,0.6520518954729481
2009,fob,0.22220861620898294,0.6947959976226488,0.30309445252694567,,,0.17405533749237456,0.5489135554125265,0.648302574618364
2010,fob,0.2274691530243968,0.29264853486802644,0.30222691309202654,0.14966537042001882,0.22134903209171183,0.17690260543509584,0.22925849196671164,0.6479030671555039
2011,fob,0.22332304006298018,0.701395065342048,0.3029873358799797,0.050534632322912325,0.5302072882707615,0.1741799238817963,0.5116682445517173,0.6501833139586873
2012,fob,0.22501321176665215,0.7155757859787554,0.29915841868736276,0.039409755785764736,0.15687665601093462,0.1715398610654636,0.5270035001901953,0.6501386032370563
2013,fob,0.22282838821302103,0.6809750382534449,0.2994446848191151,0.046238849555305196,0.5196718423422158,0.17054664379002019,0.543838524595427,0.6675693974272173
2014,fob,0.22310628956697975,0.7132128265354066,0.2961261110488605,0.051762767675510725,0.4745691705525637,0.16830886789614866,0.5549403562128944,0.6722635973820807
2015,fob,0.22034024136799302,0.753173364059298,0.28009845488026985,0.04291209254972026,0.49387808921809584,0.16832474542629872,0.6243566797582578,0.675332881967953
2016,fob,0.2228511692361056,0.7637459792630237,0.2753872176362751,0.048820442236355094,0.4597194045620572,0.1684114359443295,0.6390853285634777,0.6860753780185059
2017,fob,0.21835323819397612,0.7416116736078036,0.27799113670973674,0.03801522635611756,0.36368137326566036,0.16857834548858833,0.5434207834693118,0.699749373433584
2018,fob,0.21672113519007785,0.740538468861031,0.2740249810238342,0.03484316011056025,0.4024498528131398,0.1681343230598035,0.5341466496766865,0.6994759626338574
2019,fob,0.2195309814426395,0.7490920183443079,0.2735487500331734,0.03945999048677966,0.343552730084713,0.1691997459829956,0.5395185086158579,0.7042606516290727
2020,fob,0.2201761270731271,0.7547843571687645,0.2649942186787638,0.039133101624060196,0.4156983002589985,0.16989578739130443,0.5222660278278646,0.6861205145565336
2021,fob,0.22209982751371715,0.7186657766009344,0.26981460366275556,0.0442278301571584,0.5862297540744216,0.1706327831319229,0.5439454071820223,0.711825017088175
2022,fob,0.22260315539064007,0.7224658464049665,0.27638900377176256,0.048677899691495045,0.5785401439775589,0.17371256948426356,0.5407208687704892,0.7088174982911825
2023,fob,0.2240716529006282,0.706814108292064,0.27721092441160594,0.04058642356090217,0.3155952075961207,0.17491287898460492,0.5542714847345078,0.7082706766917293
2024,fob,0.22622554718123694,0.6938789984028038,0.2758662252336923,0.04233266747241084,0.2483785634431181,0.17739848940549968,0.5590925431706533,0.7065390749601276
2025,fob,0.22558922413446353,0.6893390381839969,0.27945765151168234,0.11260191891085919,0.5695153684841875,0.17632468174565163,0.5666372517857342,0.6953292321713375
