"target","source","key","proximity","observedTradeValues","coMembershipScore","bridgeNessEdgeScore","ambiguityScore","sourceCommunityId","maxObservedTradeValue","sourceCited","sourceReporting","sourceLabel","sourceGphStatus","sourceCommunity","sourceMeanAmbiguityScore","targetCited","targetReporting","targetLabel","targetGphStatus","targetCommunity","targetMeanAmbiguityScore","export","import"
"100","2","2->100",1.1839120484728,0.000845935218505096,0,1,0,"bridge",0.000845935218505096,1,1,"United States of America","Sovereign",0,0.139333333333333,1,NA,"Colombia (New Granada) (Gran Colombia)","Sovereign",2,0,91933.3876595834,NA
"100","200","200->100",0.87163894462444,0.0011209953919158,0,1,0,"bridge",0.0011209953919158,1,1,"United Kingdom","Sovereign",0,0.124444444444444,1,NA,"Colombia (New Granada) (Gran Colombia)","Sovereign",2,0,121826,NA
"100","220","220->100",0,0.000216296425323322,0,1,0,"bridge",0.000216296425323322,1,1,"France","Sovereign",7,0.0226086956521739,1,NA,"Colombia (New Granada) (Gran Colombia)","Sovereign",2,0,23506.3663075416,NA
"100","246","246->100",2.43630799366483,8.65185701293287e-05,1,0,0,"2",8.65185701293287e-05,1,1,"Bremen","Sovereign (unrecognized)",2,0.09,1,NA,"Colombia (New Granada) (Gran Colombia)","Sovereign",2,0,9402.54652301665,NA
"1025","211","211->1025",3.42145853183909,1.32553659318976e-06,1,0,0,"2",1.32553659318976e-06,1,1,"Belgium","Sovereign",2,0.171428571428571,1,NA,"Quebec (Lower Canada)","Colony of",2,0,144.054848188051,NA
"1029","101","101->1029",0,1.46305605794011e-06,0,1,0,"bridge",1.46305605794011e-06,1,1,"Venezuela","Sovereign",3,0.0423076923076923,1,NA,"St. Pierre and Miquelon","Colony of",7,0,159,NA
"1029","220","220->1029",1.70461382020168,0.00173037140258657,1,0,0,"7",0.00173037140258657,1,1,"France","Sovereign",7,0.0226086956521739,1,NA,"St. Pierre and Miquelon","Colony of",7,0,188050.930460333,NA
"1064","2","2->1064",2.1708923019678,0.000192578387603017,1,0,0,"0",0.000192578387603017,1,1,"United States of America","Sovereign",0,0.139333333333333,NA,NA,"St. Barthelemy","Colony of",0,0,20928.7699283311,NA
"110","2","2->110",2.1708923019678,9.13643259376754e-06,1,0,0,"0",9.13643259376754e-06,1,1,"United States of America","Sovereign",0,0.139333333333333,1,NA,"Guyana (British Guiana)","Colony of",0,0,992.916692785056,NA
"120","101","101->120",0,3.77266027519149e-07,0,1,0,"bridge",3.77266027519149e-07,1,1,"Venezuela","Sovereign",3,0.0423076923076923,1,NA,"French Guiana","Colony of",7,0,41,NA
"120","2","2->120",0,9.02299624632808e-06,0,1,0,"bridge",9.02299624632808e-06,1,1,"United States of America","Sovereign",0,0.139333333333333,1,NA,"French Guiana","Colony of",7,0,980.588812971437,NA
"120","220","220->120",1.6936759202542,0.00079308689285218,1,0,0,"7",0.00079308689285218,1,1,"France","Sovereign",7,0.0226086956521739,1,NA,"French Guiana","Colony of",7,0,86190.0097943193,NA
"135","200","200->135",1.15792756495686,0.00356584487922757,0.85,0.15,0.51,"0",0.00356584487922757,1,1,"United Kingdom","Sovereign",0,0.124444444444444,1,NA,"Peru","Sovereign (unrecognized)",0,0.17,387524,NA
"135","220","220->135",0.355592560694603,0.00140592676460159,0,1,0,"bridge",0.00140592676460159,1,1,"France","Sovereign",7,0.0226086956521739,1,NA,"Peru","Sovereign (unrecognized)",0,0.17,152791.380999021,NA
"135","230","230->135",1.36725395429778,0.000450761750373802,1,0,0,"0",0.000450761750373802,1,NA,"Spain","Sovereign",0,0.066764705882353,1,NA,"Peru","Sovereign (unrecognized)",0,0.17,48987.2673849167,NA
"140","165","165->140",1.55182724955436,0.000782416269202896,1,0,0,"6",0.000782416269202896,NA,NA,"Uruguay","Sovereign",6,0.114,1,NA,"Brazil","Sovereign",6,0.05,85030.3623898139,5210.57786483839
"140","2","2->140",0.115221315471187,0.00475770306335657,0.05,0.95,0.19,"bridge",0.00475770306335657,1,1,"United States of America","Sovereign",0,0.139333333333333,1,NA,"Brazil","Sovereign",6,0.05,517051.129359159,21245.8374142997
"140","200","200->140",1.1271457720939,0.0237004039453786,0.05,0.95,0.19,"bridge",0.0237004039453786,1,1,"United Kingdom","Sovereign",0,0.124444444444444,1,NA,"Brazil","Sovereign",6,0.05,2575680,331866.797257591
"140","211","211->140",0,9.8991303495598e-05,0,1,0,"bridge",9.8991303495598e-05,1,1,"Belgium","Sovereign",2,0.171428571428571,1,NA,"Brazil","Sovereign",6,0.05,10758.041136141,NA
"140","220","220->140",0,0.00461432374023086,0,1,0,"bridge",0.00461432374023086,1,1,"France","Sovereign",7,0.0226086956521739,1,NA,"Brazil","Sovereign",6,0.05,501469.147894221,64313.4182174339
"140","248","248->140",0,0.00198451970234148,0,1,0,"bridge",0.00198451970234148,1,1,"Hamburg","Sovereign (unrecognized)",2,0.110769230769231,1,NA,"Brazil","Sovereign",6,0.05,215670.910871694,NA
"140","300","300->140",0,0.000220261859787583,0,1,0,"bridge",0.000220261859787583,1,NA,"Austria-Hungary (Austrian Empire)","Sovereign",4,0,1,NA,"Brazil","Sovereign",6,0.05,23937.3163565132,102628.795298727
"140","324","324->140",0,0.000855776806791722,0,1,0,"bridge",0.000855776806791722,1,NA,"Kingdom of Sardinia","Sovereign",4,0,1,NA,"Brazil","Sovereign",6,0.05,93002.9382957884,48540.6464250735
"140","380","380->140",0,0.000153150328375746,0,1,0,"bridge",0.000153150328375746,1,1,"Sweden","Sovereign",2,0.05625,1,NA,"Brazil","Sovereign",6,0.05,16643.8613746818,33966.6993143977
"155","165","165->155",0,2.45135948699765e-06,0.05,0.95,0.19,"bridge",2.45135948699765e-06,NA,NA,"Uruguay","Sovereign",6,0.114,1,NA,"Chile","Sovereign",0,0.242,266.405484818805,NA
"155","2","2->155",0.243702470700765,0.00140380363931259,0.85,0.15,0.51,"0",0.00140380363931259,1,1,"United States of America","Sovereign",0,0.139333333333333,1,NA,"Chile","Sovereign",0,0.242,152560.64690027,NA
"155","200","200->155",1.32775271526111,0.00751603182439289,1,0,0,"0",0.00751603182439289,1,1,"United Kingdom","Sovereign",0,0.124444444444444,1,NA,"Chile","Sovereign",0,0.242,816817,NA
"155","220","220->155",0,0.000720988084411072,0,1,0,"bridge",0.000720988084411072,1,1,"France","Sovereign",7,0.0226086956521739,1,NA,"Chile","Sovereign",0,0.242,78354.5543584721,NA
"155","901","901->155",0,1.10419325127556e-06,0.15,0.85,0.51,"bridge",1.10419325127556e-06,1,1,"New South Wales","Colony of",5,0.255,1,NA,"Chile","Sovereign",0,0.242,120,NA
"160","2","2->160",0.07708597157826,0.000950540834693882,0.85,0.15,0.51,"0",0.000950540834693882,1,1,"United States of America","Sovereign",0,0.139333333333333,1,NA,"Argentina (La Plata)","Sovereign",0,0.255,103301.57337178,NA
"160","200","200->160",1.09050029741643,0.00474216035303228,1,0,0,"0",0.00474216035303228,1,1,"United Kingdom","Sovereign",0,0.124444444444444,1,NA,"Argentina (La Plata)","Sovereign",0,0.255,515362,NA
"160","220","220->160",0.0283913171400899,0.00144197616882214,0,1,0,"bridge",0.00144197616882214,1,1,"France","Sovereign",7,0.0226086956521739,1,NA,"Argentina (La Plata)","Sovereign",0,0.255,156709.108716944,NA
"160","230","230->160",0.643119361609987,0.000310854012593834,0.85,0.15,0.51,"0",0.000310854012593834,1,NA,"Spain","Sovereign",0,0.066764705882353,1,NA,"Argentina (La Plata)","Sovereign",0,0.255,33782.5661116552,NA
"160","324","324->160",0,0.00026629694897723,0,1,0,"bridge",0.00026629694897723,1,NA,"Kingdom of Sardinia","Sovereign",4,0,1,NA,"Argentina (La Plata)","Sovereign",0,0.255,28940.2546523017,NA
"160","901","901->160",0,2.52124125707919e-06,0.15,0.85,0.51,"bridge",2.52124125707919e-06,1,1,"New South Wales","Colony of",5,0.255,1,NA,"Argentina (La Plata)","Sovereign",0,0.255,274,NA
"165","140","140->165",5.04668729671994,4.79457076133363e-05,1,0,0,"6",4.79457076133363e-05,1,NA,"Brazil","Sovereign",6,0.05,NA,NA,"Uruguay","Sovereign",6,0.114,5210.57786483839,85030.3623898139
"2","101","101->2",1.19845603538515,0.00153022511035406,0.1,0.9,0.36,"bridge",0.00153022511035406,1,1,"Venezuela","Sovereign",3,0.0423076923076923,1,1,"United States of America","Sovereign",0,0.139333333333333,166299.706170421,NA
"2","1075","1075->2",0,7.16161339556472e-05,0.85,0.15,0.51,"0",7.16161339556472e-05,1,1,"St. Kitts","Colony of",0,0.255,1,1,"United States of America","Sovereign",0,0.139333333333333,7783,NA
"2","140","140->2",0,0.000195495919088062,0.05,0.95,0.19,"bridge",0.000195495919088062,1,NA,"Brazil","Sovereign",6,0.05,1,1,"United States of America","Sovereign",0,0.139333333333333,21245.8374142997,517051.129359159
"2","165","165->2",0.523208274010884,0.000984220834029555,0.05,0.95,0.19,"bridge",0.000984220834029555,NA,NA,"Uruguay","Sovereign",6,0.114,1,1,"United States of America","Sovereign",0,0.139333333333333,106961.80215475,NA
"2","200","200->2",0.948423324506328,0.0697454373541674,0.85,0.15,0.51,"0",0.0697454373541674,1,1,"United Kingdom","Sovereign",0,0.124444444444444,1,1,"United States of America","Sovereign",0,0.139333333333333,7579699,6181214.19168808
"2","210","210->2",0,0.00224840134123593,0,1,0,"bridge",0.00224840134123593,1,1,"Netherlands","Sovereign",3,0.118275862068966,1,1,"United States of America","Sovereign",0,0.139333333333333,244348.677766895,341493.345034372
"2","220","220->2",0.493792008506609,0.0389333565581979,0,1,0,"bridge",0.0389333565581979,1,1,"France","Sovereign",7,0.0226086956521739,1,1,"United States of America","Sovereign",0,0.139333333333333,4231145.93535749,2258004.3461
"2","230","230->2",0,0.00135978352719928,1,0,0,"0",0.00135978352719928,1,NA,"Spain","Sovereign",0,0.066764705882353,1,1,"United States of America","Sovereign",0,0.139333333333333,147776.689520078,75655.9894690654
"2","246","246->2",0,0.000219180377660966,0,1,0,"bridge",0.000219180377660966,1,1,"Bremen","Sovereign (unrecognized)",2,0.09,1,1,"United States of America","Sovereign",0,0.139333333333333,23819.7845249755,NA
"2","248","248->2",0,0.00234717670880025,0,1,0,"bridge",0.00234717670880025,1,1,"Hamburg","Sovereign (unrecognized)",2,0.110769230769231,1,1,"United States of America","Sovereign",0,0.139333333333333,255083.251714006,NA
"2","300","300->2",0,0.000466839784656169,0,1,0,"bridge",0.000466839784656169,1,NA,"Austria-Hungary (Austrian Empire)","Sovereign",4,0,1,1,"United States of America","Sovereign",0,0.139333333333333,50734.5739471107,30614.3045195261
"2","329","329->2",0.205631291978532,0.000669545584588342,0,1,0,"bridge",0.000669545584588342,1,1,"Two Sicilies","Sovereign",4,0,1,1,"United States of America","Sovereign",0,0.139333333333333,72763.9569049951,1279.38318811509
"2","380","380->2",0.529190934169462,0.0022305946244543,0,1,0,"bridge",0.0022305946244543,1,1,"Sweden","Sovereign",2,0.05625,1,1,"United States of America","Sovereign",0,0.139333333333333,242413.503818561,14550
"2","40","40->2",1.20188915970332,0.00790722989219821,1,0,0,"0",0.00790722989219821,1,1,"Cuba","Colony of",0,0.055625,1,1,"United States of America","Sovereign",0,0.139333333333333,859331.087169442,828707.87103784
"2","41","41->2",0.983022708677094,0.00050332178172737,0.9,0.1,0.36,"0",0.00050332178172737,1,1,"Haiti","Sovereign (unrecognized)",0,0.34,1,1,"United States of America","Sovereign",0,0.139333333333333,54699.3143976494,239831.379677804
"2","54","54->2",0,4.15912791313793e-06,0.85,0.15,0.51,"0",4.15912791313793e-06,1,1,"Dominica","Colony of",0,0.255,1,1,"United States of America","Sovereign",0,0.139333333333333,452,NA
"2","561","561->2",0,6.40432085739823e-05,0.85,0.15,0.51,"0",6.40432085739823e-05,1,NA,"Cape Colony (Cape of Good Hope)","Colony of",0,0.204,1,1,"United States of America","Sovereign",0,0.139333333333333,6960,1580.0580872981
"2","58","58->2",0,2.27279777554219e-05,0.85,0.15,0.51,"0",2.27279777554219e-05,1,1,"Antigua and Barbuda (Antigua)","Colony of",0,0.255,1,1,"United States of America","Sovereign",0,0.139333333333333,2470,NA
"2","616","616->2",0,3.28049578407038e-06,0,1,0,"bridge",3.28049578407038e-06,1,NA,"Tunisia (Regency of Tunis)","Sovereign",4,0,1,1,"United States of America","Sovereign",0,0.139333333333333,356.513222331048,NA
"2","640","640->2",0,0.00126245013580379,0,1,0,"bridge",0.00126245013580379,1,NA,"Turkey (Ottoman Empire)","Sovereign",4,0,1,1,"United States of America","Sovereign",0,0.139333333333333,137198.824681685,NA
"2","901","901->2",0,1.11523518378831e-05,0,1,0,"bridge",1.11523518378831e-05,1,1,"New South Wales","Colony of",5,0.255,1,1,"United States of America","Sovereign",0,0.139333333333333,1212,NA
"200","101","101->200",0,0.000350544406640663,0,1,0,"bridge",0.000350544406640663,1,1,"Venezuela","Sovereign",3,0.0423076923076923,1,1,"United Kingdom","Sovereign",0,0.124444444444444,38095.9843290891,NA
"200","1049","1049->200",1.36972600884741,0.000752783749057111,1,0,0,"0",0.000752783749057111,1,1,"Tobago","Colony of",0,0,1,1,"United Kingdom","Sovereign",0,0.124444444444444,81810,NA
"200","1075","1075->200",1.27906757638947,0.000754688482415561,1,0,0,"0",0.000754688482415561,1,1,"St. Kitts","Colony of",0,0.255,1,1,"United Kingdom","Sovereign",0,0.124444444444444,82017,NA
"200","140","140->200",0.625014938113924,0.00305370898211888,0.05,0.95,0.19,"bridge",0.00305370898211888,1,NA,"Brazil","Sovereign",6,0.05,1,1,"United Kingdom","Sovereign",0,0.124444444444444,331866.797257591,2575680
"200","165","165->200",0,0.00108292410278543,0.05,0.95,0.19,"bridge",0.00108292410278543,NA,NA,"Uruguay","Sovereign",6,0.114,1,1,"United Kingdom","Sovereign",0,0.124444444444444,117688.540646425,NA
"200","2","2->200",0.673756270333094,0.056877124959589,0.85,0.15,0.51,"0",0.056877124959589,1,1,"United States of America","Sovereign",0,0.139333333333333,1,1,"United Kingdom","Sovereign",0,0.124444444444444,6181214.19168808,7579699
"200","210","210->200",0,0.00480123990111443,0,1,0,"bridge",0.00480123990111443,1,1,"Netherlands","Sovereign",3,0.118275862068966,1,1,"United Kingdom","Sovereign",0,0.124444444444444,521782.566111655,2181893
"200","211","211->200",0,0.00373431163996975,0,1,0,"bridge",0.00373431163996975,1,1,"Belgium","Sovereign",2,0.171428571428571,1,1,"United Kingdom","Sovereign",0,0.124444444444444,405832.399608227,886429
"200","220","220->200",0,0.0244775454657559,0,1,0,"bridge",0.0244775454657559,1,1,"France","Sovereign",7,0.0226086956521739,1,1,"United Kingdom","Sovereign",0,0.124444444444444,2660137.12047013,818333
"200","230","230->200",0.695990516206225,0.0107982745896289,0.85,0.15,0.51,"0",0.0107982745896289,1,NA,"Spain","Sovereign",0,0.066764705882353,1,1,"United Kingdom","Sovereign",0,0.124444444444444,1173520.07835455,473344
"200","239","239->200",1.09299345743723,0.00481284780927345,0,1,0,"bridge",0.00481284780927345,1,NA,"Prussia","Sovereign",1,0,1,1,"United Kingdom","Sovereign",0,0.124444444444444,523044.074436827,144179
"200","246","246->200",0,0.000426824945971355,0,1,0,"bridge",0.000426824945971355,1,1,"Bremen","Sovereign (unrecognized)",2,0.09,1,1,"United Kingdom","Sovereign",0,0.124444444444444,46385.8961802155,NA
"200","248","248->200",0.70510729992779,0.0687076409860797,0,1,0,"bridge",0.0687076409860797,1,1,"Hamburg","Sovereign (unrecognized)",2,0.110769230769231,1,1,"United Kingdom","Sovereign",0,0.124444444444444,7466914.78942214,NA
"200","300","300->200",0,0.0021425963398486,0,1,0,"bridge",0.0021425963398486,1,NA,"Austria-Hungary (Austrian Empire)","Sovereign",4,0,1,1,"United Kingdom","Sovereign",0,0.124444444444444,232850.146914789,NA
"200","327","327->200",0.196217000035558,0.00121504516925376,0,1,0,"bridge",0.00121504516925376,1,1,"Papal States","Sovereign",4,0,1,1,"United Kingdom","Sovereign",0,0.124444444444444,132047.012732615,NA
"200","3349","3349->200",0.0797059114598713,0.000616336663958805,0,1,0,"bridge",0.000616336663958805,1,1,"Ionian Is.","Protectorate of",4,0,1,1,"United Kingdom","Sovereign",0,0.124444444444444,66981.3907933399,38915
"200","337","337->200",0,0.00307501418001322,0,1,0,"bridge",0.00307501418001322,1,NA,"Tuscany","Sovereign",4,0.035,1,1,"United Kingdom","Sovereign",0,0.124444444444444,334182.174338883,NA
"200","350","350->200",0,0.00034899428225918,0,1,0,"bridge",0.00034899428225918,1,NA,"Greece","Sovereign",4,0,1,1,"United Kingdom","Sovereign",0,0.124444444444444,37927.5220372184,25914
"200","365","365->200",0.713506161090597,0.045246769766368,0,1,0,"bridge",0.045246769766368,1,1,"Russia (USSR)","Sovereign",1,0,1,1,"United Kingdom","Sovereign",0,0.124444444444444,4917266.39851485,1531002
"200","380","380->200",0.0566762191264246,0.00270273548961785,0,1,0,"bridge",0.00270273548961785,1,1,"Sweden","Sovereign",2,0.05625,1,1,"United Kingdom","Sovereign",0,0.124444444444444,293724.181323768,59549
"200","40","40->200",0,0.00344448668683393,0.85,0.15,0.51,"0",0.00344448668683393,1,1,"Cuba","Colony of",0,0.055625,1,1,"United Kingdom","Sovereign",0,0.124444444444444,374335.200783546,NA
"200","41","41->200",0.563447384898315,0.000643013223082015,0.8,0.2,0.64,"0",0.000643013223082015,1,1,"Haiti","Sovereign (unrecognized)",0,0.34,1,1,"United Kingdom","Sovereign",0,0.124444444444444,69880.5093046033,381528
"200","451","451->200",1.36972600884741,0.000486765191603975,1,0,0,"0",0.000486765191603975,1,1,"Sierra Leone","Colony of",0,0,1,1,"United Kingdom","Sovereign",0,0.124444444444444,52900,NA
"200","54","54->200",1.36631766869566,0.00121820120446976,1,0,0,"0",0.00121820120446976,1,1,"Dominica","Colony of",0,0.255,1,1,"United Kingdom","Sovereign",0,0.124444444444444,132390,NA
"200","561","561->200",1.33298298046736,0.00171117748311216,1,0,0,"0",0.00171117748311216,1,NA,"Cape Colony (Cape of Good Hope)","Colony of",0,0.204,1,1,"United Kingdom","Sovereign",0,0.124444444444444,185965,346197
"200","58","58->200",1.35521639957973,0.00155507216221308,1,0,0,"0",0.00155507216221308,1,1,"Antigua and Barbuda (Antigua)","Colony of",0,0.255,1,1,"United Kingdom","Sovereign",0,0.124444444444444,169000,NA
"200","600","600->200",0.786084024201006,0.00105170531873043,0,1,0,"bridge",0.00105170531873043,1,1,"Morocco","Sovereign (unrecognized)",7,0,1,1,"United Kingdom","Sovereign",0,0.124444444444444,114295.788442703,NA
"200","616","616->200",0,8.99072141260607e-05,0,1,0,"bridge",8.99072141260607e-05,1,NA,"Tunisia (Regency of Tunis)","Sovereign",4,0,1,1,"United Kingdom","Sovereign",0,0.124444444444444,9770.81292850147,NA
"200","640","640->200",0,0.00319249918836801,0,1,0,"bridge",0.00319249918836801,1,NA,"Turkey (Ottoman Empire)","Sovereign",4,0,1,1,"United Kingdom","Sovereign",0,0.124444444444444,346950.048971597,1019601
"200","651","651->200",0,0.00114746842511513,0,1,0,"bridge",0.00114746842511513,1,NA,"Egypt Arab Republic (Egypt)","Sovereign (unrecognized)",4,0,1,1,"United Kingdom","Sovereign",0,0.124444444444444,124703,145647
"200","850","850->200",0,0.000196284225858525,0,1,0,"bridge",0.000196284225858525,1,NA,"Indonesia (Dutch East Indies)","Colony of",3,0.0981818181818182,1,1,"United Kingdom","Sovereign",0,0.124444444444444,21331.5079365079,NA
"200","901","901->200",1.31342910701423,0.0034620599152181,0.15,0.85,0.51,"bridge",0.0034620599152181,1,1,"New South Wales","Colony of",5,0.255,1,1,"United Kingdom","Sovereign",0,0.124444444444444,376245,NA
"210","140","140->210",0,6.38074454703799e-06,0,1,0,"bridge",6.38074454703799e-06,1,NA,"Brazil","Sovereign",6,0.05,1,1,"Netherlands","Sovereign",3,0.118275862068966,693.437806072478,NA
"210","2","2->210",0,0.00314228872452057,0,1,0,"bridge",0.00314228872452057,1,1,"United States of America","Sovereign",0,0.139333333333333,1,1,"Netherlands","Sovereign",3,0.118275862068966,341493.345034372,244348.677766895
"210","200","200->210",0.613011753647048,0.0200769293800448,0,1,0,"bridge",0.0200769293800448,1,1,"United Kingdom","Sovereign",0,0.124444444444444,1,1,"Netherlands","Sovereign",3,0.118275862068966,2181893,521782.566111655
"210","211","211->210",1.31116019984101,0.00638116668556141,0.1,0.9,0.36,"bridge",0.00638116668556141,1,1,"Belgium","Sovereign",2,0.171428571428571,1,1,"Netherlands","Sovereign",3,0.118275862068966,693483.682664055,NA
"210","220","220->210",0,0.00418173088958422,0,1,0,"bridge",0.00418173088958422,1,1,"France","Sovereign",7,0.0226086956521739,1,1,"Netherlands","Sovereign",3,0.118275862068966,454456.415279138,277014.691478942
"210","230","230->210",0,0.0001159348839733,0,1,0,"bridge",0.0001159348839733,1,NA,"Spain","Sovereign",0,0.066764705882353,1,1,"Netherlands","Sovereign",3,0.118275862068966,12599.4123408423,31345.7394711068
"210","239","239->210",1.09839943317533,0.00100231763494827,0,1,0,"bridge",0.00100231763494827,1,NA,"Prussia","Sovereign",1,0,1,1,"Netherlands","Sovereign",3,0.118275862068966,108928.501469148,23110.6758080313
"210","246","246->210",1.30054050466015,0.000644563347463499,0.1,0.9,0.36,"bridge",0.000644563347463499,1,1,"Bremen","Sovereign (unrecognized)",2,0.09,1,1,"Netherlands","Sovereign",3,0.118275862068966,70048.971596474,NA
"210","248","248->210",0,0.00223866800209638,0.1,0.9,0.36,"bridge",0.00223866800209638,1,1,"Hamburg","Sovereign (unrecognized)",2,0.110769230769231,1,1,"Netherlands","Sovereign",3,0.118275862068966,243290.891283056,NA
"210","324","324->210",0,0.000167629729625574,0,1,0,"bridge",0.000167629729625574,1,NA,"Kingdom of Sardinia","Sovereign",4,0,1,1,"Netherlands","Sovereign",3,0.118275862068966,18217.4338883448,NA
"210","3349","3349->210",0.636177487857742,0.00022271321927458,0,1,0,"bridge",0.00022271321927458,1,1,"Ionian Is.","Protectorate of",4,0,1,1,"Netherlands","Sovereign",3,0.118275862068966,24203.721841332,NA
"210","365","365->210",0,0.00324268322754708,0,1,0,"bridge",0.00324268322754708,1,1,"Russia (USSR)","Sovereign",1,0,1,1,"Netherlands","Sovereign",3,0.118275862068966,352403.881164949,532101.860920666
"210","380","380->210",0,0.000496551032954837,0.1,0.9,0.36,"bridge",0.000496551032954837,1,1,"Sweden","Sovereign",2,0.05625,1,1,"Netherlands","Sovereign",3,0.118275862068966,53963.492247165,19926.3831628818
"210","40","40->210",0,0.000481750358982853,0,1,0,"bridge",0.000481750358982853,1,1,"Cuba","Colony of",0,0.055625,1,1,"Netherlands","Sovereign",3,0.118275862068966,52355.0048971596,NA
"210","850","850->210",2.88771591600613,0.0102477992094124,1,0,0,"3",0.0102477992094124,1,NA,"Indonesia (Dutch East Indies)","Colony of",3,0.0981818181818182,1,1,"Netherlands","Sovereign",3,0.118275862068966,1113696.26984127,694244.85798237
"211","2","2->211",0,0.00123840190884613,0,1,0,"bridge",0.00123840190884613,1,1,"United States of America","Sovereign",0,0.139333333333333,1,1,"Belgium","Sovereign",2,0.171428571428571,134585.34444932,NA
"211","200","200->211",0.441635802128174,0.00815657432945784,0,1,0,"bridge",0.00815657432945784,1,1,"United Kingdom","Sovereign",0,0.124444444444444,1,1,"Belgium","Sovereign",2,0.171428571428571,886429,405832.399608227
"211","220","220->211",1.21442399213503,0.0155372932190586,0.1,0.9,0.36,"bridge",0.0155372932190586,1,1,"France","Sovereign",7,0.0226086956521739,1,1,"Belgium","Sovereign",2,0.171428571428571,1688540.64642507,2180820.84231146
"211","246","246->211",0,8.21926416228622e-05,0.9,0.1,0.36,"2",8.21926416228622e-05,1,1,"Bremen","Sovereign (unrecognized)",2,0.09,1,1,"Belgium","Sovereign",2,0.171428571428571,8932.41919686582,11107
"211","3349","3349->211",0.824932172916912,0.000129705756385552,0,1,0,"bridge",0.000129705756385552,1,1,"Ionian Is.","Protectorate of",4,0,1,1,"Belgium","Sovereign",2,0.171428571428571,14095.9843290891,NA
"211","365","365->211",0,0.000152822054409496,0,1,0,"bridge",0.000152822054409496,1,1,"Russia (USSR)","Sovereign",1,0,1,1,"Belgium","Sovereign",2,0.171428571428571,16608.1856667344,9995.76885406464
"211","380","380->211",0,9.10485084067509e-05,0.9,0.1,0.36,"2",9.10485084067509e-05,1,1,"Sweden","Sovereign",2,0.05625,1,1,"Belgium","Sovereign",2,0.171428571428571,9894.84494330016,2492
"220","101","101->220",0,0.000269721642378182,0,1,0,"bridge",0.000269721642378182,1,1,"Venezuela","Sovereign",3,0.0423076923076923,1,1,"France","Sovereign",7,0.0226086956521739,29312.4387855044,NA
"220","140","140->220",0,0.000591787019684608,0,1,0,"bridge",0.000591787019684608,1,NA,"Brazil","Sovereign",6,0.05,1,1,"France","Sovereign",7,0.0226086956521739,64313.4182174339,501469.147894221
"220","165","165->220",0.664362812120355,0.00084910766701092,0,1,0,"bridge",0.00084910766701092,NA,NA,"Uruguay","Sovereign",6,0.114,1,1,"France","Sovereign",7,0.0226086956521739,92278.1586679726,NA
"220","2","2->220",0.620052699574159,0.0207772763359542,0,1,0,"bridge",0.0207772763359542,1,1,"United States of America","Sovereign",0,0.139333333333333,1,1,"France","Sovereign",7,0.0226086956521739,2258004.3461,4231145.93535749
"220","200","200->220",0,0.00752998146580067,0,1,0,"bridge",0.00752998146580067,1,1,"United Kingdom","Sovereign",0,0.124444444444444,1,1,"France","Sovereign",7,0.0226086956521739,818333,2660137.12047013
"220","210","210->220",0.012329443900434,0.0025489812736269,0,1,0,"bridge",0.0025489812736269,1,1,"Netherlands","Sovereign",3,0.118275862068966,1,1,"France","Sovereign",7,0.0226086956521739,277014.691478942,454456.415279138
"220","211","211->220",1.83583887806397,0.0200670638026782,0.1,0.9,0.36,"bridge",0.0200670638026782,1,1,"Belgium","Sovereign",2,0.171428571428571,1,1,"France","Sovereign",7,0.0226086956521739,2180820.84231146,1688540.64642507
"220","230","230->220",0.81534930134024,0.00468991934088136,0,1,0,"bridge",0.00468991934088136,1,NA,"Spain","Sovereign",0,0.066764705882353,1,1,"France","Sovereign",7,0.0226086956521739,509684.622918707,1731635.65132223
"220","239","239->220",0,0.000303319687111738,0,1,0,"bridge",0.000303319687111738,1,NA,"Prussia","Sovereign",1,0,1,1,"France","Sovereign",7,0.0226086956521739,32963.7610186092,262487.757100881
"220","246","246->220",0,9.7477589012377e-05,0,1,0,"bridge",9.7477589012377e-05,1,1,"Bremen","Sovereign (unrecognized)",2,0.09,1,1,"France","Sovereign",7,0.0226086956521739,10593.5357492654,NA
"220","248","248->220",0,0.0014196255382054,0,1,0,"bridge",0.0014196255382054,1,1,"Hamburg","Sovereign (unrecognized)",2,0.110769230769231,1,1,"France","Sovereign",7,0.0226086956521739,154280.117531832,NA
"220","300","300->220",0,0.0010481364277126,0,1,0,"bridge",0.0010481364277126,1,NA,"Austria-Hungary (Austrian Empire)","Sovereign",4,0,1,1,"France","Sovereign",7,0.0226086956521739,113907.933398629,141038.19784525
"220","324","324->220",1.63268488394583,0.0198227021951811,0,1,0,"bridge",0.0198227021951811,1,NA,"Kingdom of Sardinia","Sovereign",4,0,1,1,"France","Sovereign",7,0.0226086956521739,2154264.44662096,1183153.77081293
"220","327","327->220",0,0.000268063369784037,0,1,0,"bridge",0.000268063369784037,1,1,"Papal States","Sovereign",4,0,1,1,"France","Sovereign",7,0.0226086956521739,29132.2233104799,173171
"220","329","329->220",1.41892352253194,0.001687616809181,0,1,0,"bridge",0.001687616809181,1,1,"Two Sicilies","Sovereign",4,0,1,1,"France","Sovereign",7,0.0226086956521739,183404.505386876,282076.3956905
"220","3349","3349->220",0,6.49610264054376e-05,0,1,0,"bridge",6.49610264054376e-05,1,1,"Ionian Is.","Protectorate of",4,0,1,1,"France","Sovereign",7,0.0226086956521739,7059.74534769834,NA
"220","337","337->220",0.414885894065451,0.00182770479398207,0,1,0,"bridge",0.00182770479398207,1,NA,"Tuscany","Sovereign",4,0.035,1,1,"France","Sovereign",7,0.0226086956521739,198628.795298727,159835
"220","350","350->220",0,9.4809933100056e-05,0,1,0,"bridge",9.4809933100056e-05,1,NA,"Greece","Sovereign",4,0,1,1,"France","Sovereign",7,0.0226086956521739,10303.6238981391,20616.6947992859
"220","365","365->220",0,0.0044225720044601,0,1,0,"bridge",0.0044225720044601,1,1,"Russia (USSR)","Sovereign",1,0,1,1,"France","Sovereign",7,0.0226086956521739,480630.215700141,313418.217433888
"220","380","380->220",0.00462016837252663,0.000988940205835884,0,1,0,"bridge",0.000988940205835884,1,1,"Sweden","Sovereign",2,0.05625,1,1,"France","Sovereign",7,0.0226086956521739,107474.687572321,105778.648383937
"220","40","40->220",0,0.00095769063548748,0,1,0,"bridge",0.00095769063548748,1,1,"Cuba","Colony of",0,0.055625,1,1,"France","Sovereign",7,0.0226086956521739,104078.589618022,257798
"220","41","41->220",0.733274693764344,0.000293730545589071,0,1,0,"bridge",0.000293730545589071,1,1,"Haiti","Sovereign (unrecognized)",0,0.34,1,1,"France","Sovereign",7,0.0226086956521739,31921.6454456415,223310.479921645
"220","600","600->220",1.29604881713132,0.000675061143434087,1,0,0,"7",0.000675061143434087,1,1,"Morocco","Sovereign (unrecognized)",7,0,1,1,"France","Sovereign",7,0.0226086956521739,73363.3692458374,NA
"220","616","616->220",1.34349544988434,0.00115841155522327,0,1,0,"bridge",0.00115841155522327,1,NA,"Tunisia (Regency of Tunis)","Sovereign",4,0,1,1,"France","Sovereign",7,0.0226086956521739,125892.262487757,NA
"220","640","640->220",0.553654747081525,0.00244537528589703,0,1,0,"bridge",0.00244537528589703,1,NA,"Turkey (Ottoman Empire)","Sovereign",4,0,1,1,"France","Sovereign",7,0.0226086956521739,265755.14201763,394662.443300616
"220","651","651->220",0.820725334400869,0.00301434303271003,0,1,0,"bridge",0.00301434303271003,1,NA,"Egypt Arab Republic (Egypt)","Sovereign (unrecognized)",4,0,1,1,"France","Sovereign",7,0.0226086956521739,327588.638589618,109696.376101861
"220","850","850->220",0,5.93620718407308e-05,0,1,0,"bridge",5.93620718407308e-05,1,NA,"Indonesia (Dutch East Indies)","Colony of",3,0.0981818181818182,1,1,"France","Sovereign",7,0.0226086956521739,6451.26984126984,35259.5494613124
"225","220","220->225",1.6494444936308,0.0116439575632388,1,0,0,"7",0.0116439575632388,1,1,"France","Sovereign",7,0.0226086956521739,1,NA,"Switzerland","Sovereign",7,0,1265426.05288932,NA
"225","324","324->225",0,0.00040047283148613,0,1,0,"bridge",0.00040047283148613,1,NA,"Kingdom of Sardinia","Sovereign",4,0,1,NA,"Switzerland","Sovereign",7,0,43522.0372184133,NA
"225","337","337->225",0.577760645759473,0.000270370531654152,0,1,0,"bridge",0.000270370531654152,1,NA,"Tuscany","Sovereign",4,0.035,1,NA,"Switzerland","Sovereign",7,0,29382.957884427,NA
"230","140","140->230",0,7.60642429053681e-05,0.05,0.95,0.19,"bridge",7.60642429053681e-05,1,NA,"Brazil","Sovereign",6,0.05,1,NA,"Spain","Sovereign",0,0.066764705882353,8266.40548481881,NA
"230","165","165->230",0.924521181080466,0.000316874263098666,0.05,0.95,0.19,"bridge",0.000316874263098666,NA,NA,"Uruguay","Sovereign",6,0.114,1,NA,"Spain","Sovereign",0,0.066764705882353,34436.8266405485,NA
"230","2","2->230",0,0.000696156941585972,1,0,0,"0",0.000696156941585972,1,1,"United States of America","Sovereign",0,0.139333333333333,1,NA,"Spain","Sovereign",0,0.066764705882353,75655.9894690654,147776.689520078
"230","200","200->230",0,0.00435552708609814,0.85,0.15,0.51,"0",0.00435552708609814,1,1,"United Kingdom","Sovereign",0,0.124444444444444,1,NA,"Spain","Sovereign",0,0.066764705882353,473344,1173520.07835455
"230","210","210->230",0,0.000288431283168649,0,1,0,"bridge",0.000288431283168649,1,1,"Netherlands","Sovereign",3,0.118275862068966,1,NA,"Spain","Sovereign",0,0.066764705882353,31345.7394711068,12599.4123408423
"230","211","211->230",0,0.000292706021521123,0,1,0,"bridge",0.000292706021521123,1,1,"Belgium","Sovereign",2,0.171428571428571,1,NA,"Spain","Sovereign",0,0.066764705882353,31810.3036238981,NA
"230","220","220->230",1.13504372541932,0.0159338366654847,0,1,0,"bridge",0.0159338366654847,1,1,"France","Sovereign",7,0.0226086956521739,1,NA,"Spain","Sovereign",0,0.066764705882353,1731635.65132223,509684.622918707
"230","246","246->230",0.750024680541349,0.000198992711297456,0,1,0,"bridge",0.000198992711297456,1,1,"Bremen","Sovereign (unrecognized)",2,0.09,1,NA,"Spain","Sovereign",0,0.066764705882353,21625.8570029383,NA
"230","248","248->230",0,0.00103750185346753,0,1,0,"bridge",0.00103750185346753,1,1,"Hamburg","Sovereign (unrecognized)",2,0.110769230769231,1,NA,"Spain","Sovereign",0,0.066764705882353,112752.203721841,NA
"230","300","300->230",0,0.000134211931913121,0,1,0,"bridge",0.000134211931913121,1,NA,"Austria-Hungary (Austrian Empire)","Sovereign",4,0,1,NA,"Spain","Sovereign",0,0.066764705882353,14585.7002938296,NA
"230","324","324->230",0,0.000867925456014049,0,1,0,"bridge",0.000867925456014049,1,NA,"Kingdom of Sardinia","Sovereign",4,0,1,NA,"Spain","Sovereign",0,0.066764705882353,94323.2125367287,767.323212536729
"230","327","327->230",0.657595447215404,0.000213736917623662,0,1,0,"bridge",0.000213736917623662,1,1,"Papal States","Sovereign",4,0,1,NA,"Spain","Sovereign",0,0.066764705882353,23228.2076395691,NA
"230","365","365->230",0,0.000268990677621153,0,1,0,"bridge",0.000268990677621153,1,1,"Russia (USSR)","Sovereign",1,0,1,NA,"Spain","Sovereign",0,0.066764705882353,29233,NA
"230","380","380->230",0,5.62516581671582e-05,0,1,0,"bridge",5.62516581671582e-05,1,1,"Sweden","Sovereign",2,0.05625,1,NA,"Spain","Sovereign",0,0.066764705882353,6113.24056931266,1003
"230","40","40->230",1.87565836731441,0.00334306673497599,1,0,0,"0",0.00334306673497599,1,1,"Cuba","Colony of",0,0.055625,1,NA,"Spain","Sovereign",0,0.066764705882353,363313.222331048,275496.69836656
"230","600","600->230",0.32443469088932,7.35047352057088e-05,0,1,0,"bridge",7.35047352057088e-05,1,1,"Morocco","Sovereign (unrecognized)",7,0,1,NA,"Spain","Sovereign",0,0.066764705882353,7988.24681684623,NA
"230","616","616->230",0,3.32015012871299e-05,0,1,0,"bridge",3.32015012871299e-05,1,NA,"Tunisia (Regency of Tunis)","Sovereign",4,0,1,NA,"Spain","Sovereign",0,0.066764705882353,3608.22722820764,NA
"231","165","165->231",0.0625763507814573,2.34321127433598e-05,0.05,0.95,0.19,"bridge",2.34321127433598e-05,NA,NA,"Uruguay","Sovereign",6,0.114,1,NA,"Gibraltar","Colony of",0,0.275,2546.52301665034,NA
"231","2","2->231",0.671452390462487,0.00110182454652902,0.9,0.1,0.36,"0",0.00110182454652902,1,1,"United States of America","Sovereign",0,0.139333333333333,1,NA,"Gibraltar","Colony of",0,0.275,119742.577153722,NA
"231","200","200->231",1.24674293513562,0.00354685275530564,0.95,0.05,0.19,"0",0.00354685275530564,1,1,"United Kingdom","Sovereign",0,0.124444444444444,1,NA,"Gibraltar","Colony of",0,0.275,385460,NA
"231","230","230->231",0.923235435600148,0.000263160650810041,0.9,0.1,0.36,"0",0.000263160650810041,1,NA,"Spain","Sovereign",0,0.066764705882353,1,NA,"Gibraltar","Colony of",0,0.275,28599.4123408423,NA
"235","140","140->235",2.27482176769703,0.000755667611271245,1,0,0,"6",0.000755667611271245,1,NA,"Brazil","Sovereign",6,0.05,1,NA,"Portugal","Sovereign",6,0.057,82123.4084231146,NA
"235","2","2->235",0,0.000140955236268283,0.05,0.95,0.19,"bridge",0.000140955236268283,1,1,"United States of America","Sovereign",0,0.139333333333333,1,NA,"Portugal","Sovereign",6,0.057,15318.539877557,NA
"235","200","200->235",1.27129363934788,0.00889879462974441,0.05,0.95,0.19,"bridge",0.00889879462974441,1,1,"United Kingdom","Sovereign",0,0.124444444444444,1,NA,"Portugal","Sovereign",6,0.057,967091,NA
"235","211","211->235",0.433217949419934,0.000608639755663675,0,1,0,"bridge",0.000608639755663675,1,1,"Belgium","Sovereign",2,0.171428571428571,1,NA,"Portugal","Sovereign",6,0.057,66144.916748286,NA
"235","220","220->235",0,0.000648889275969965,0,1,0,"bridge",0.000648889275969965,1,1,"France","Sovereign",7,0.0226086956521739,1,NA,"Portugal","Sovereign",6,0.057,70519.0989226249,NA
"235","300","300->235",0,0.000115790686356418,0,1,0,"bridge",0.000115790686356418,1,NA,"Austria-Hungary (Austrian Empire)","Sovereign",4,0,1,NA,"Portugal","Sovereign",6,0.057,12583.7414299706,NA
"235","324","324->235",0,0.000462622004362365,0,1,0,"bridge",0.000462622004362365,1,NA,"Kingdom of Sardinia","Sovereign",4,0,1,NA,"Portugal","Sovereign",6,0.057,50276.1998041136,NA
"235","365","365->235",0,0.000196150729478675,0,1,0,"bridge",0.000196150729478675,1,1,"Russia (USSR)","Sovereign",1,0,1,NA,"Portugal","Sovereign",6,0.057,21317,NA
"235","380","380->235",0.571964460365072,0.000215075798341615,0,1,0,"bridge",0.000215075798341615,1,1,"Sweden","Sovereign",2,0.05625,1,NA,"Portugal","Sovereign",6,0.057,23373.7126822495,NA
"235","40","40->235",0,3.93553148345995e-05,0.05,0.95,0.19,"bridge",3.93553148345995e-05,1,1,"Cuba","Colony of",0,0.055625,1,NA,"Portugal","Sovereign",6,0.057,4277.00293829579,NA
"239","2","2->239",0,2.46329912439709e-05,0,1,0,"bridge",2.46329912439709e-05,1,1,"United States of America","Sovereign",0,0.139333333333333,1,NA,"Prussia","Sovereign",1,0,2677.03044359473,NA
"239","200","200->239",0,0.00132667898979715,0,1,0,"bridge",0.00132667898979715,1,1,"United Kingdom","Sovereign",0,0.124444444444444,1,NA,"Prussia","Sovereign",1,0,144179,523044.074436827
"239","210","210->239",0,0.000212655435497046,0,1,0,"bridge",0.000212655435497046,1,1,"Netherlands","Sovereign",3,0.118275862068966,1,NA,"Prussia","Sovereign",1,0,23110.6758080313,108928.501469148
"239","211","211->239",0,0.00017931081807516,0,1,0,"bridge",0.00017931081807516,1,1,"Belgium","Sovereign",2,0.171428571428571,1,NA,"Prussia","Sovereign",1,0,19486.8952007835,NA
"239","220","220->239",0,0.00241531008277709,0,1,0,"bridge",0.00241531008277709,1,1,"France","Sovereign",7,0.0226086956521739,1,NA,"Prussia","Sovereign",1,0,262487.757100881,32963.7610186092
"239","248","248->239",1.60314954183959,0.0290897062417335,0,1,0,"bridge",0.0290897062417335,1,1,"Hamburg","Sovereign (unrecognized)",2,0.110769230769231,1,NA,"Prussia","Sovereign",1,0,3161371.20470127,NA
"239","2901","2901->239",2.78367286976107,0.00415350420607953,1,0,0,"1",0.00415350420607953,1,1,"Congress Poland","Dependency of",1,0,1,NA,"Prussia","Sovereign",1,0,451388.834476004,NA
"239","365","365->239",0.444018352793251,0.00596032607208361,1,0,0,"1",0.00596032607208361,1,1,"Russia (USSR)","Sovereign",1,0,1,NA,"Prussia","Sovereign",1,0,647748.143564356,8901.07737512243
"239","380","380->239",0.0782480085144392,0.000476312041841281,0,1,0,"bridge",0.000476312041841281,1,1,"Sweden","Sovereign",2,0.05625,1,NA,"Prussia","Sovereign",1,0,51763.9869243231,2025
"240","210","210->240",0,0.000178552699104402,0.1,0.9,0.36,"bridge",0.000178552699104402,1,1,"Netherlands","Sovereign",3,0.118275862068966,1,NA,"Hanover","Sovereign (unrecognized)",2,0.24,19404.5053868756,NA
"240","211","211->240",0,0.000674439651705325,0.9,0.1,0.36,"2",0.000674439651705325,1,1,"Belgium","Sovereign",2,0.171428571428571,1,NA,"Hanover","Sovereign (unrecognized)",2,0.24,73295.8276199804,NA
"240","248","248->240",1.97855870779944,0.0241455304528846,1,0,0,"2",0.0241455304528846,1,1,"Hamburg","Sovereign (unrecognized)",2,0.110769230769231,1,NA,"Hanover","Sovereign (unrecognized)",2,0.24,2624054.84818805,NA
"246","211","211->246",2.91334322991594,0.00010220228701598,0.9,0.1,0.36,"2",0.00010220228701598,1,1,"Belgium","Sovereign",2,0.171428571428571,1,1,"Bremen","Sovereign (unrecognized)",2,0.09,11107,8932.41919686582
"246","380","380->246",3.68007104676243,6.76738145960891e-05,1,0,0,"2",6.76738145960891e-05,1,1,"Sweden","Sovereign",2,0.05625,1,1,"Bremen","Sovereign (unrecognized)",2,0.09,7354.56202267994,8387
"248","211","211->248",2.77269579482272,0.000352072018169211,0.9,0.1,0.36,"2",0.000352072018169211,1,1,"Belgium","Sovereign",2,0.171428571428571,1,1,"Hamburg","Sovereign (unrecognized)",2,0.110769230769231,38262,NA
"248","246","246->248",4.69845153548469,0.000246577924868587,1,0,0,"2",0.000246577924868587,1,1,"Bremen","Sovereign (unrecognized)",2,0.09,1,1,"Hamburg","Sovereign (unrecognized)",2,0.110769230769231,26797.2575905975,NA
"248","850","850->248",2.3281843815515,7.49244780475311e-05,0.1,0.9,0.36,"bridge",7.49244780475311e-05,1,NA,"Indonesia (Dutch East Indies)","Colony of",3,0.0981818181818182,1,1,"Hamburg","Sovereign (unrecognized)",2,0.110769230769231,8142.53968253968,NA
"280","210","210->280",0.923380390627646,2.10528520648033e-05,0.1,0.9,0.36,"bridge",2.10528520648033e-05,1,1,"Netherlands","Sovereign",3,0.118275862068966,1,NA,"Mecklenburg Schwerin","Sovereign (limited)",2,0.18,2287.95298726739,NA
"280","380","380->280",4.53355042097881,0.000304326202188183,1,0,0,"2",0.000304326202188183,1,1,"Sweden","Sovereign",2,0.05625,1,NA,"Mecklenburg Schwerin","Sovereign (limited)",2,0.18,33073.1456838695,NA
"2901","365","365->2901",2.43940415000612,0.00485943090509708,1,0,0,"1",0.00485943090509708,1,1,"Russia (USSR)","Sovereign",1,0,1,1,"Congress Poland","Dependency of",1,0,528106.56824611,143408.423114594
"2903","2901","2901->2903",5.14023149168023,0.000335475755676472,1,0,0,"1",0.000335475755676472,1,1,"Congress Poland","Dependency of",1,0,1,NA,"Cracow (Free City of Cracow)","Protectorate of",1,0,36458.3741429971,NA
"300","140","140->300",1.83633461845143,0.000944350192961622,0,1,0,"bridge",0.000944350192961622,1,NA,"Brazil","Sovereign",6,0.05,1,NA,"Austria-Hungary (Austrian Empire)","Sovereign",4,0,102628.795298727,23937.3163565132
"300","2","2->300",0,0.000281700903691296,0,1,0,"bridge",0.000281700903691296,1,1,"United States of America","Sovereign",0,0.139333333333333,1,NA,"Austria-Hungary (Austrian Empire)","Sovereign",4,0,30614.3045195261,50734.5739471107
"300","220","220->300",0,0.00129777855193993,0,1,0,"bridge",0.00129777855193993,1,1,"France","Sovereign",7,0.0226086956521739,1,NA,"Austria-Hungary (Austrian Empire)","Sovereign",4,0,141038.19784525,113907.933398629
"300","246","246->300",0,2.16296425323322e-05,0,1,0,"bridge",2.16296425323322e-05,1,1,"Bremen","Sovereign (unrecognized)",2,0.09,1,NA,"Austria-Hungary (Austrian Empire)","Sovereign",4,0,2350.63663075416,NA
"300","2901","2901->300",0,4.77654605922335e-05,0,1,0,"bridge",4.77654605922335e-05,1,1,"Congress Poland","Dependency of",1,0,1,NA,"Austria-Hungary (Austrian Empire)","Sovereign",4,0,5190.98922624878,NA
"300","324","324->300",1.7961430629834,0.00557716727755763,1,0,0,"4",0.00557716727755763,1,NA,"Kingdom of Sardinia","Sovereign",4,0,1,NA,"Austria-Hungary (Austrian Empire)","Sovereign",4,0,606107.737512243,31698.3349657199
"300","327","327->300",2.75228506121754,0.00144183197120526,1,0,0,"4",0.00144183197120526,1,1,"Papal States","Sovereign",4,0,1,NA,"Austria-Hungary (Austrian Empire)","Sovereign",4,0,156693.437806072,574479.921645446
"300","329","329->300",1.79483629671584,0.000587208745348598,1,0,0,"4",0.000587208745348598,1,1,"Two Sicilies","Sovereign",4,0,1,NA,"Austria-Hungary (Austrian Empire)","Sovereign",4,0,63815.8667972576,198041.136141038
"300","3349","3349->300",2.40132193953225,0.000578520838931444,1,0,0,"4",0.000578520838931444,1,1,"Ionian Is.","Protectorate of",4,0,1,NA,"Austria-Hungary (Austrian Empire)","Sovereign",4,0,62871.694417238,187925.563173359
"300","337","337->300",1.34807971774398,0.00111032164999305,1,0,0,"4",0.00111032164999305,1,NA,"Tuscany","Sovereign",4,0.035,1,NA,"Austria-Hungary (Austrian Empire)","Sovereign",4,0,120666.013712047,NA
"300","350","350->300",2.20504017545255,0.000403933574291303,1,0,0,"4",0.000403933574291303,1,NA,"Greece","Sovereign",4,0,1,NA,"Austria-Hungary (Austrian Empire)","Sovereign",4,0,43898.139079334,174879.529872674
"300","365","365->300",1.06830380510174,0.00594169305499973,0,1,0,"bridge",0.00594169305499973,1,1,"Russia (USSR)","Sovereign",1,0,1,NA,"Austria-Hungary (Austrian Empire)","Sovereign",4,0,645723.170084866,16141.0381978453
"300","380","380->300",0,3.37700273911984e-05,0,1,0,"bridge",3.37700273911984e-05,1,1,"Sweden","Sovereign",2,0.05625,1,NA,"Austria-Hungary (Austrian Empire)","Sovereign",4,0,3670.01272853506,NA
"300","616","616->300",0.194721829124678,8.77442498728275e-05,1,0,0,"4",8.77442498728275e-05,1,NA,"Tunisia (Regency of Tunis)","Sovereign",4,0,1,NA,"Austria-Hungary (Austrian Empire)","Sovereign",4,0,9535.74926542605,NA
"300","640","640->300",1.23652254203701,0.00115657303560802,1,0,0,"4",0.00115657303560802,1,NA,"Turkey (Ottoman Empire)","Sovereign",4,0,1,NA,"Austria-Hungary (Austrian Empire)","Sovereign",4,0,125692.458374143,363737.512242899
"300","651","651->300",2.50900148460674,0.00389639985517854,1,0,0,"4",0.00389639985517854,1,NA,"Egypt Arab Republic (Egypt)","Sovereign (unrecognized)",4,0,1,NA,"Austria-Hungary (Austrian Empire)","Sovereign",4,0,423447.600391773,104885.406464251
"324","140","140->324",1.45788463333926,0.000446652118292659,0,1,0,"bridge",0.000446652118292659,1,NA,"Brazil","Sovereign",6,0.05,1,NA,"Kingdom of Sardinia","Sovereign",4,0,48540.6464250735,93002.9382957884
"324","165","165->324",0,3.0281499545265e-05,0,1,0,"bridge",3.0281499545265e-05,NA,NA,"Uruguay","Sovereign",6,0.114,1,NA,"Kingdom of Sardinia","Sovereign",4,0,3290.89128305583,NA
"324","220","220->324",1.31019363693284,0.0108869200746072,0,1,0,"bridge",0.0108869200746072,1,1,"France","Sovereign",7,0.0226086956521739,1,NA,"Kingdom of Sardinia","Sovereign",4,0,1183153.77081293,2154264.44662096
"324","230","230->324",0,7.06060927358447e-06,0,1,0,"bridge",7.06060927358447e-06,1,NA,"Spain","Sovereign",0,0.066764705882353,1,NA,"Kingdom of Sardinia","Sovereign",4,0,767.323212536729,94323.2125367287
"324","246","246->324",0.18546626137081,6.48889275969965e-05,0,1,0,"bridge",6.48889275969965e-05,1,1,"Bremen","Sovereign (unrecognized)",2,0.09,1,NA,"Kingdom of Sardinia","Sovereign",4,0,7051.90989226249,NA
"324","300","300->324",0,0.000291675729548499,1,0,0,"4",0.000291675729548499,1,NA,"Austria-Hungary (Austrian Empire)","Sovereign",4,0,1,NA,"Kingdom of Sardinia","Sovereign",4,0,31698.3349657199,606107.737512243
"324","327","327->324",1.66453946391009,0.000335511805080692,1,0,0,"4",0.000335511805080692,1,1,"Papal States","Sovereign",4,0,1,NA,"Kingdom of Sardinia","Sovereign",4,0,36462.291870715,147149.853085211
"324","329","329->324",2.7167327896672,0.00101944110195304,1,0,0,"4",0.00101944110195304,1,1,"Two Sicilies","Sovereign",4,0,1,NA,"Kingdom of Sardinia","Sovereign",4,0,110789.422135162,355643.486777669
"324","3349","3349->324",1.44597789269834,0.00015367861019222,1,0,0,"4",0.00015367861019222,1,1,"Ionian Is.","Protectorate of",4,0,1,NA,"Kingdom of Sardinia","Sovereign",4,0,16701.2732615083,NA
"324","337","337->324",1.83179139840436,0.0012437044456091,1,0,0,"4",0.0012437044456091,1,NA,"Tuscany","Sovereign",4,0.035,1,NA,"Kingdom of Sardinia","Sovereign",4,0,135161.606268364,289124.387855044
"324","350","350->324",1.31173188235875,0.000114168463166493,1,0,0,"4",0.000114168463166493,1,NA,"Greece","Sovereign",4,0,1,NA,"Kingdom of Sardinia","Sovereign",4,0,12407.4436826641,NA
"324","380","380->324",0,3.51528776043957e-05,0,1,0,"bridge",3.51528776043957e-05,1,1,"Sweden","Sovereign",2,0.05625,1,NA,"Kingdom of Sardinia","Sovereign",4,0,3820.29622772506,NA
"324","600","600->324",0.839931519621667,7.0584733463844e-05,0,1,0,"bridge",7.0584733463844e-05,1,1,"Morocco","Sovereign (unrecognized)",7,0,1,NA,"Kingdom of Sardinia","Sovereign",4,0,7670.91087169442,NA
"324","616","616->324",3.29229913237603,0.00134175882508901,1,0,0,"4",0.00134175882508901,1,NA,"Tunisia (Regency of Tunis)","Sovereign",4,0,1,NA,"Kingdom of Sardinia","Sovereign",4,0,145817.825661117,NA
"324","640","640->324",0,0.000123180814221632,1,0,0,"4",0.000123180814221632,1,NA,"Turkey (Ottoman Empire)","Sovereign",4,0,1,NA,"Kingdom of Sardinia","Sovereign",4,0,13386.875612145,48854.0646425074
"327","220","220->327",0,0.00159345207930533,0,1,0,"bridge",0.00159345207930533,1,1,"France","Sovereign",7,0.0226086956521739,1,1,"Papal States","Sovereign",4,0,173171,29132.2233104799
"327","300","300->327",3.33027208898776,0.0052861404372851,1,0,0,"4",0.0052861404372851,1,NA,"Austria-Hungary (Austrian Empire)","Sovereign",4,0,1,1,"Papal States","Sovereign",4,0,574479.921645446,156693.437806072
"327","324","324->327",1.25256021021234,0.00135401562252399,1,0,0,"4",0.00135401562252399,1,NA,"Kingdom of Sardinia","Sovereign",4,0,1,1,"Papal States","Sovereign",4,0,147149.853085211,36462.291870715
"327","3349","3349->327",0.512649746699099,3.65901452838619e-05,1,0,0,"4",3.65901452838619e-05,1,1,"Ionian Is.","Protectorate of",4,0,1,1,"Papal States","Sovereign",4,0,3976.49363369246,NA
"327","337","337->327",2.51828188089378,0.00149605027515297,1,0,0,"4",0.00149605027515297,1,NA,"Tuscany","Sovereign",4,0.035,1,1,"Papal States","Sovereign",4,0,162585.70029383,26914.7894221352
"327","350","350->327",0.11597631865066,2.09086544479211e-05,1,0,0,"4",2.09086544479211e-05,1,NA,"Greece","Sovereign",4,0,1,1,"Papal States","Sovereign",4,0,2272.28207639569,9543.5847208619
"329","2","2->329",0,1.17723856842674e-05,0,1,0,"bridge",1.17723856842674e-05,1,1,"United States of America","Sovereign",0,0.139333333333333,1,1,"Two Sicilies","Sovereign",4,0,1279.38318811509,72763.9569049951
"329","220","220->329",0.441636116810307,0.00259555710387986,0,1,0,"bridge",0.00259555710387986,1,1,"France","Sovereign",7,0.0226086956521739,1,1,"Two Sicilies","Sovereign",4,0,282076.3956905,183404.505386876
"329","300","300->329",2.32872870792788,0.00182229738334899,1,0,0,"4",0.00182229738334899,1,NA,"Austria-Hungary (Austrian Empire)","Sovereign",4,0,1,1,"Two Sicilies","Sovereign",4,0,198041.136141038,63815.8667972576
"329","324","324->329",2.19848452031967,0.00327249281633342,1,0,0,"4",0.00327249281633342,1,NA,"Kingdom of Sardinia","Sovereign",4,0,1,1,"Two Sicilies","Sovereign",4,0,355643.486777669,110789.422135162
"329","327","327->329",1.19289850541523,0.000118963033927827,1,0,0,"4",0.000118963033927827,1,1,"Papal States","Sovereign",4,0,1,1,"Two Sicilies","Sovereign",4,0,12928.5014691479,NA
"329","337","337->329",2.44785319387413,0.0013085933732061,1,0,0,"4",0.0013085933732061,1,NA,"Tuscany","Sovereign",4,0.035,1,1,"Two Sicilies","Sovereign",4,0,142213.516160627,9116.55239960823
"329","616","616->329",0.677620034565745,5.5804477733417e-05,1,0,0,"4",5.5804477733417e-05,1,NA,"Tunisia (Regency of Tunis)","Sovereign",4,0,1,1,"Two Sicilies","Sovereign",4,0,6064.64250734574,NA
"3349","200","200->3349",0,0.000358080669778236,0,1,0,"bridge",0.000358080669778236,1,1,"United Kingdom","Sovereign",0,0.124444444444444,1,1,"Ionian Is.","Protectorate of",4,0,38915,66981.3907933399
"3349","300","300->3349",3.67549543609806,0.00172921782165152,1,0,0,"4",0.00172921782165152,1,NA,"Austria-Hungary (Austrian Empire)","Sovereign",4,0,1,1,"Ionian Is.","Protectorate of",4,0,187925.563173359,62871.694417238
"3349","337","337->3349",1.4627130191578,0.000120587104649718,1,0,0,"4",0.000120587104649718,1,NA,"Tuscany","Sovereign",4,0.035,1,1,"Ionian Is.","Protectorate of",4,0,13105,NA
"3349","350","350->3349",2.59334967400073,5.76790467528858e-05,1,0,0,"4",5.76790467528858e-05,1,NA,"Greece","Sovereign",4,0,1,1,"Ionian Is.","Protectorate of",4,0,6268.36434867777,12058.7659157689
"3349","6203","6203->3349",0.686649409904245,1.36987736038104e-06,1,0,0,"4",1.36987736038104e-06,NA,NA,"Tripolitania (Regency of Tripoli)","Vassal of",4,0,1,1,"Ionian Is.","Protectorate of",4,0,148.873653281097,NA
"335","324","324->335",3.23055653560392,0.00145553074480907,1,0,0,"4",0.00145553074480907,1,NA,"Kingdom of Sardinia","Sovereign",4,0,1,NA,"Parma","Sovereign (unrecognized)",4,0,158182.174338883,NA
"337","220","220->337",0.162386811430364,0.00147073940264691,0,1,0,"bridge",0.00147073940264691,1,1,"France","Sovereign",7,0.0226086956521739,1,NA,"Tuscany","Sovereign",4,0.035,159835,198628.795298727
"337","230","230->337",0,3.88307960031904e-06,0,1,0,"bridge",3.88307960031904e-06,1,NA,"Spain","Sovereign",0,0.066764705882353,1,NA,"Tuscany","Sovereign",4,0.035,422,NA
"337","324","324->337",2.28019933864137,0.00266040998207264,1,0,0,"4",0.00266040998207264,1,NA,"Kingdom of Sardinia","Sovereign",4,0,1,NA,"Tuscany","Sovereign",4,0.035,289124.387855044,135161.606268364
"337","327","327->337",2.21492674562084,0.000247659406995203,1,0,0,"4",0.000247659406995203,1,1,"Papal States","Sovereign",4,0,1,NA,"Tuscany","Sovereign",4,0.035,26914.7894221352,162585.70029383
"337","329","329->337",1.07318317494317,8.38869636212283e-05,1,0,0,"4",8.38869636212283e-05,1,1,"Two Sicilies","Sovereign",4,0,1,NA,"Tuscany","Sovereign",4,0.035,9116.55239960823,142213.516160627
"337","350","350->337",1.96921747557262,9.38005497818805e-05,1,0,0,"4",9.38005497818805e-05,1,NA,"Greece","Sovereign",4,0,1,NA,"Tuscany","Sovereign",4,0.035,10193.9275220372,NA
"337","380","380->337",0,2.8528106732221e-05,0,1,0,"bridge",2.8528106732221e-05,1,1,"Sweden","Sovereign",2,0.05625,1,NA,"Tuscany","Sovereign",4,0.035,3100.33846331868,NA
"337","600","600->337",0.103204094101137,1.43837122840009e-05,0,1,0,"bridge",1.43837122840009e-05,1,1,"Morocco","Sovereign (unrecognized)",7,0,1,NA,"Tuscany","Sovereign",4,0.035,1563.17335945152,NA
"337","616","616->337",2.33049237797714,0.000218315191959673,1,0,0,"4",0.000218315191959673,1,NA,"Tunisia (Regency of Tunis)","Sovereign",4,0,1,NA,"Tuscany","Sovereign",4,0.035,23725.7590597453,NA
"337","6203","6203->337",3.61790572685823,7.79748613290575e-05,1,0,0,"4",7.79748613290575e-05,NA,NA,"Tripolitania (Regency of Tripoli)","Vassal of",4,0,1,NA,"Tuscany","Sovereign",4,0.035,8474.04505386876,NA
"337","640","640->337",1.65536662991492,0.000516876357714298,1,0,0,"4",0.000516876357714298,1,NA,"Turkey (Ottoman Empire)","Sovereign",4,0,1,NA,"Tuscany","Sovereign",4,0.035,56172.3800195886,NA
"337","651","651->337",2.7550933605496,0.0014650477875233,1,0,0,"4",0.0014650477875233,1,NA,"Egypt Arab Republic (Egypt)","Sovereign (unrecognized)",4,0,1,NA,"Tuscany","Sovereign",4,0.035,159216.454456415,85619.9056721015
"338","2","2->338",0,9.77244519941112e-05,0,1,0,"bridge",9.77244519941112e-05,1,1,"United States of America","Sovereign",0,0.139333333333333,1,1,"Malta","Colony of",4,0,10620.3639858752,NA
"338","200","200->338",0.656781171138196,0.00124624771305216,0,1,0,"bridge",0.00124624771305216,1,1,"United Kingdom","Sovereign",0,0.124444444444444,1,1,"Malta","Colony of",4,0,135438,NA
"338","324","324->338",2.4409863243715,0.00142031047688559,1,0,0,"4",0.00142031047688559,1,NA,"Kingdom of Sardinia","Sovereign",4,0,1,1,"Malta","Colony of",4,0,154354.554358472,NA
"338","337","337->338",1.82852555042381,0.000239895185450042,1,0,0,"4",0.000239895185450042,1,NA,"Tuscany","Sovereign",4,0.035,1,1,"Malta","Colony of",4,0,26071,NA
"338","6203","6203->338",4.41687470147977,7.88039976261302e-05,1,0,0,"4",7.88039976261302e-05,NA,NA,"Tripolitania (Regency of Tripoli)","Vassal of",4,0,1,1,"Malta","Colony of",4,0,8564.152791381,NA
"338","640","640->338",0,2.1881988361876e-05,1,0,0,"4",2.1881988361876e-05,1,NA,"Turkey (Ottoman Empire)","Sovereign",4,0,1,1,"Malta","Colony of",4,0,2378.06072477963,NA
"338","651","651->338",0,2.32984776019143e-05,1,0,0,"4",2.32984776019143e-05,1,NA,"Egypt Arab Republic (Egypt)","Sovereign (unrecognized)",4,0,1,1,"Malta","Colony of",4,0,2532,NA
"350","200","200->350",0,0.000238450532612957,0,1,0,"bridge",0.000238450532612957,1,1,"United Kingdom","Sovereign",0,0.124444444444444,1,NA,"Greece","Sovereign",4,0,25914,37927.5220372184
"350","220","220->350",0,0.000189706793841495,0,1,0,"bridge",0.000189706793841495,1,1,"France","Sovereign",7,0.0226086956521739,1,NA,"Greece","Sovereign",4,0,20616.6947992859,10303.6238981391
"350","300","300->350",3.46841083522775,0.00160917330559707,1,0,0,"4",0.00160917330559707,1,NA,"Austria-Hungary (Austrian Empire)","Sovereign",4,0,1,NA,"Greece","Sovereign",4,0,174879.529872674,43898.139079334
"350","327","327->350",2.1533929453548,8.78163486812686e-05,1,0,0,"4",8.78163486812686e-05,1,1,"Papal States","Sovereign",4,0,1,NA,"Greece","Sovereign",4,0,9543.5847208619,2272.28207639569
"350","3349","3349->350",2.94954772713258,0.000110960066190864,1,0,0,"4",0.000110960066190864,1,1,"Ionian Is.","Protectorate of",4,0,1,NA,"Greece","Sovereign",4,0,12058.7659157689,6268.36434867777
"350","616","616->350",1.9299835533669,5.5155588457447e-05,1,0,0,"4",5.5155588457447e-05,1,NA,"Tunisia (Regency of Tunis)","Sovereign",4,0,1,NA,"Greece","Sovereign",4,0,5994.12340842311,NA
"350","6203","6203->350",2.69775243935548,1.17160563716799e-05,1,0,0,"4",1.17160563716799e-05,NA,NA,"Tripolitania (Regency of Tripoli)","Vassal of",4,0,1,NA,"Greece","Sovereign",4,0,1273.26150832517,NA
"350","640","640->350",2.05946682787166,0.000291964124782264,1,0,0,"4",0.000291964124782264,1,NA,"Turkey (Ottoman Empire)","Sovereign",4,0,1,NA,"Greece","Sovereign",4,0,31729.6767874633,83475.0244857982
"365","2","2->365",0,0.000430162165390149,0,1,0,"bridge",0.000430162165390149,1,1,"United States of America","Sovereign",0,0.139333333333333,1,1,"Russia (USSR)","Sovereign",1,0,46748.5739359368,NA
"365","200","200->365",0.919014118857058,0.0140876839674115,0,1,0,"bridge",0.0140876839674115,1,1,"United Kingdom","Sovereign",0,0.124444444444444,1,1,"Russia (USSR)","Sovereign",1,0,1531002,4917266.39851485
"365","210","210->365",1.94641686037213,0.00489619403183137,0,1,0,"bridge",0.00489619403183137,1,1,"Netherlands","Sovereign",3,0.118275862068966,1,1,"Russia (USSR)","Sovereign",1,0,532101.860920666,352403.881164949
"365","211","211->365",0,9.19771709164049e-05,0,1,0,"bridge",9.19771709164049e-05,1,1,"Belgium","Sovereign",2,0.171428571428571,1,1,"Russia (USSR)","Sovereign",1,0,9995.76885406464,16608.1856667344
"365","220","220->365",0,0.00288395233764429,0,1,0,"bridge",0.00288395233764429,1,1,"France","Sovereign",7,0.0226086956521739,1,1,"Russia (USSR)","Sovereign",1,0,313418.217433888,480630.215700141
"365","239","239->365",0,8.19042463890978e-05,1,0,0,"1",8.19042463890978e-05,1,NA,"Prussia","Sovereign",1,0,1,1,"Russia (USSR)","Sovereign",1,0,8901.07737512243,647748.143564356
"365","246","246->365",0.868889994970721,0.000216296425323322,0,1,0,"bridge",0.000216296425323322,1,1,"Bremen","Sovereign (unrecognized)",2,0.09,1,1,"Russia (USSR)","Sovereign",1,0,23506.3663075416,NA
"365","2901","2901->365",2.11417490503108,0.00131958844149337,1,0,0,"1",0.00131958844149337,1,1,"Congress Poland","Dependency of",1,0,1,1,"Russia (USSR)","Sovereign",1,0,143408.423114594,528106.56824611
"365","300","300->365",0,0.000148523545388681,0,1,0,"bridge",0.000148523545388681,1,NA,"Austria-Hungary (Austrian Empire)","Sovereign",4,0,1,1,"Russia (USSR)","Sovereign",1,0,16141.0381978453,645723.170084866
"365","324","324->365",0,0.000444381005826764,0,1,0,"bridge",0.000444381005826764,1,NA,"Kingdom of Sardinia","Sovereign",4,0,1,1,"Russia (USSR)","Sovereign",1,0,48293.8295788443,NA
"365","329","329->365",0,3.94740976215062e-05,0,1,0,"bridge",3.94740976215062e-05,1,1,"Two Sicilies","Sovereign",4,0,1,1,"Russia (USSR)","Sovereign",1,0,4289.91185112635,NA
"365","3349","3349->365",0.601034421087161,0.000111104263807746,0,1,0,"bridge",0.000111104263807746,1,1,"Ionian Is.","Protectorate of",4,0,1,1,"Russia (USSR)","Sovereign",1,0,12074.4368266405,NA
"365","337","337->365",0.212630039010221,0.000414568148536367,0,1,0,"bridge",0.000414568148536367,1,NA,"Tuscany","Sovereign",4,0.035,1,1,"Russia (USSR)","Sovereign",1,0,45053.8687561215,NA
"365","380","380->365",0,0.000196101203476892,0,1,0,"bridge",0.000196101203476892,1,1,"Sweden","Sovereign",2,0.05625,1,1,"Russia (USSR)","Sovereign",1,0,21311.6176810923,42497
"365","40","40->365",1.28860845001117,0.00179383349476452,0,1,0,"bridge",0.00179383349476452,1,1,"Cuba","Colony of",0,0.055625,1,1,"Russia (USSR)","Sovereign",1,0,194947.77668952,NA
"365","640","640->365",0,4.85945968893063e-05,0,1,0,"bridge",4.85945968893063e-05,1,NA,"Turkey (Ottoman Empire)","Sovereign",4,0,1,1,"Russia (USSR)","Sovereign",1,0,5281.09696376102,787518.652758133
"380","140","140->380",2.87929533693425,0.0003125483345922,0,1,0,"bridge",0.0003125483345922,1,NA,"Brazil","Sovereign",6,0.05,1,1,"Sweden","Sovereign",2,0.05625,33966.6993143977,16643.8613746818
"380","2","2->380",0,0.000133883431717161,0,1,0,"bridge",0.000133883431717161,1,1,"United States of America","Sovereign",0,0.139333333333333,1,1,"Sweden","Sovereign",2,0.05625,14550,242413.503818561
"380","200","200->380",0,0.000547946699335068,0,1,0,"bridge",0.000547946699335068,1,1,"United Kingdom","Sovereign",0,0.124444444444444,1,1,"Sweden","Sovereign",2,0.05625,59549,293724.181323768
"380","210","210->380",0.960607241362007,0.000183354815089875,0.1,0.9,0.36,"bridge",0.000183354815089875,1,1,"Netherlands","Sovereign",3,0.118275862068966,1,1,"Sweden","Sovereign",2,0.05625,19926.3831628818,53963.492247165
"380","211","211->380",0,2.29304131848224e-05,0.9,0.1,0.36,"2",2.29304131848224e-05,1,1,"Belgium","Sovereign",2,0.171428571428571,1,1,"Sweden","Sovereign",2,0.05625,2492,9894.84494330016
"380","220","220->380",0.674035094005888,0.000973333913954948,0,1,0,"bridge",0.000973333913954948,1,1,"France","Sovereign",7,0.0226086956521739,1,1,"Sweden","Sovereign",2,0.05625,105778.648383937,107474.687572321
"380","230","230->380",0,9.2292152585782e-06,0,1,0,"bridge",9.2292152585782e-06,1,NA,"Spain","Sovereign",0,0.066764705882353,1,1,"Sweden","Sovereign",2,0.05625,1003,6113.24056931266
"380","239","239->380",0.0725308865557251,1.8633261115275e-05,0,1,0,"bridge",1.8633261115275e-05,1,NA,"Prussia","Sovereign",1,0,1,1,"Sweden","Sovereign",2,0.05625,2025,51763.9869243231
"380","246","246->380",2.13728227097719,7.71739066537341e-05,1,0,0,"2",7.71739066537341e-05,1,1,"Bremen","Sovereign (unrecognized)",2,0.09,1,1,"Sweden","Sovereign",2,0.05625,8387,7354.56202267994
"380","329","329->380",0.704623508493899,2.30224292890954e-05,0,1,0,"bridge",2.30224292890954e-05,1,1,"Two Sicilies","Sovereign",4,0,1,1,"Sweden","Sovereign",2,0.05625,2502,NA
"380","365","365->380",0.496065062694226,0.000391040838328811,0,1,0,"bridge",0.000391040838328811,1,1,"Russia (USSR)","Sovereign",1,0,1,1,"Sweden","Sovereign",2,0.05625,42497,21311.6176810923
"380","40","40->380",0,9.27100553042087e-06,0,1,0,"bridge",9.27100553042087e-06,1,1,"Cuba","Colony of",0,0.055625,1,1,"Sweden","Sovereign",2,0.05625,1007.541625857,NA
"380","850","850->380",0,2.78889127466682e-05,0.1,0.9,0.36,"bridge",2.78889127466682e-05,1,NA,"Indonesia (Dutch East Indies)","Colony of",3,0.0981818181818182,1,1,"Sweden","Sovereign",2,0.05625,3030.87301587302,NA
"385","2","2->385",0,0.000336364869169817,0,1,0,"bridge",0.000336364869169817,1,1,"United States of America","Sovereign",0,0.139333333333333,1,NA,"Norway","Sovereign (limited)",2,0.072,36555,NA
"385","200","200->385",0,0.000506438234697534,0,1,0,"bridge",0.000506438234697534,1,1,"United Kingdom","Sovereign",0,0.124444444444444,1,NA,"Norway","Sovereign (limited)",2,0.072,55038,NA
"385","210","210->385",2.54016196276577,0.00130826138334397,0.1,0.9,0.36,"bridge",0.00130826138334397,1,1,"Netherlands","Sovereign",3,0.118275862068966,1,NA,"Norway","Sovereign (limited)",2,0.072,142177.436621643,NA
"385","211","211->385",0,5.76204844957295e-05,0.9,0.1,0.36,"2",5.76204844957295e-05,1,1,"Belgium","Sovereign",2,0.171428571428571,1,NA,"Norway","Sovereign (limited)",2,0.072,6262,NA
"385","230","230->385",0,2.32064614976413e-05,0,1,0,"bridge",2.32064614976413e-05,1,NA,"Spain","Sovereign",0,0.066764705882353,1,NA,"Norway","Sovereign (limited)",2,0.072,2522,NA
"385","239","239->385",0.60856606450559,4.68269954645109e-05,0,1,0,"bridge",4.68269954645109e-05,1,NA,"Prussia","Sovereign",1,0,1,NA,"Norway","Sovereign (limited)",2,0.072,5089,NA
"385","246","246->385",2.67311551409166,0.000193905536534415,1,0,0,"2",0.000193905536534415,1,1,"Bremen","Sovereign (unrecognized)",2,0.09,1,NA,"Norway","Sovereign (limited)",2,0.072,21073,NA
"385","329","329->385",1.24069968247776,5.78597263668392e-05,0,1,0,"bridge",5.78597263668392e-05,1,1,"Two Sicilies","Sovereign",4,0,1,NA,"Norway","Sovereign (limited)",2,0.072,6288,NA
"385","365","365->385",1.0318320965825,0.000982455945322427,0,1,0,"bridge",0.000982455945322427,1,1,"Russia (USSR)","Sovereign",1,0,1,NA,"Norway","Sovereign (limited)",2,0.072,106770,NA
"385","380","380->385",2.52021305363493,0.000501397663418127,1,0,0,"2",0.000501397663418127,1,1,"Sweden","Sovereign",2,0.05625,1,NA,"Norway","Sovereign (limited)",2,0.072,54490.2077065494,NA
"390","2","2->390",0,0.000347059466315987,0,1,0,"bridge",0.000347059466315987,1,1,"United States of America","Sovereign",0,0.139333333333333,1,NA,"Denmark","Sovereign",2,0.03,37717.2527633256,NA
"390","200","200->390",0,0.000919710163818693,0,1,0,"bridge",0.000919710163818693,1,1,"United Kingdom","Sovereign",0,0.124444444444444,1,NA,"Denmark","Sovereign",2,0.03,99951,NA
"390","210","210->390",0.0586046934111613,0.000275309300032368,0.1,0.9,0.36,"bridge",0.000275309300032368,1,1,"Netherlands","Sovereign",3,0.118275862068966,1,NA,"Denmark","Sovereign",2,0.03,29919.6865817826,NA
"390","220","220->390",0,0.000720988084411072,0,1,0,"bridge",0.000720988084411072,1,1,"France","Sovereign",7,0.0226086956521739,1,NA,"Denmark","Sovereign",2,0.03,78354.5543584721,NA
"390","230","230->390",0.285760849023982,0.000284790293342374,0,1,0,"bridge",0.000284790293342374,1,NA,"Spain","Sovereign",0,0.066764705882353,1,NA,"Denmark","Sovereign",2,0.03,30950.0489715965,NA
"390","239","239->390",0.238477888597857,8.13995547300101e-05,0,1,0,"bridge",8.13995547300101e-05,1,NA,"Prussia","Sovereign",1,0,1,NA,"Denmark","Sovereign",2,0.03,8846.2291870715,NA
"390","246","246->390",0,8.65185701293287e-06,1,0,0,"2",8.65185701293287e-06,1,1,"Bremen","Sovereign (unrecognized)",2,0.09,1,NA,"Denmark","Sovereign",2,0.03,940.254652301665,NA
"390","248","248->390",0.498040338570784,0.0022202828059439,1,0,0,"2",0.0022202828059439,1,1,"Hamburg","Sovereign (unrecognized)",2,0.110769230769231,1,NA,"Denmark","Sovereign",2,0.03,241292.850146915,NA
"390","324","324->390",0,5.82197878161941e-05,0,1,0,"bridge",5.82197878161941e-05,1,NA,"Kingdom of Sardinia","Sovereign",4,0,1,NA,"Denmark","Sovereign",2,0.03,6327.13026444662,NA
"390","365","365->390",1.45588872599052,0.00377860528666673,0,1,0,"bridge",0.00377860528666673,1,1,"Russia (USSR)","Sovereign",1,0,1,NA,"Denmark","Sovereign",2,0.03,410646.083804809,NA
"390","380","380->390",2.59783372122076,0.00136378378323661,1,0,0,"2",0.00136378378323661,1,1,"Sweden","Sovereign",2,0.05625,1,NA,"Denmark","Sovereign",2,0.03,148211.423860218,NA
"390","40","40->390",0,4.45833796816853e-05,0,1,0,"bridge",4.45833796816853e-05,1,1,"Cuba","Colony of",0,0.055625,1,NA,"Denmark","Sovereign",2,0.03,4845.17140058766,NA
"40","165","165->40",1.87781999151609,0.000388179984646921,0.05,0.95,0.19,"bridge",0.000388179984646921,NA,NA,"Uruguay","Sovereign",6,0.114,1,1,"Cuba","Colony of",0,0.055625,42186.0920666014,NA
"40","2","2->40",1.61385779988718,0.00762544698732432,1,0,0,"0",0.00762544698732432,1,1,"United States of America","Sovereign",0,0.139333333333333,1,1,"Cuba","Colony of",0,0.055625,828707.87103784,859331.087169442
"40","220","220->40",0,0.00237215676493613,0,1,0,"bridge",0.00237215676493613,1,1,"France","Sovereign",7,0.0226086956521739,1,1,"Cuba","Colony of",0,0.055625,257798,104078.589618022
"40","230","230->40",2.19630686161899,0.00253501329237545,1,0,0,"0",0.00253501329237545,1,NA,"Spain","Sovereign",0,0.066764705882353,1,1,"Cuba","Colony of",0,0.055625,275496.69836656,363313.222331048
"40","246","246->40",2.17152770361286,0.000389333565581979,0,1,0,"bridge",0.000389333565581979,1,1,"Bremen","Sovereign (unrecognized)",2,0.09,1,1,"Cuba","Colony of",0,0.055625,42311.4593535749,NA
"401","2","2->401",1.32079592974201,0.00022945096847071,1,0,0,"0",0.00022945096847071,1,1,"United States of America","Sovereign",0,0.139333333333333,1,NA,"Madeira Isles","Colony of",0,0.255,24935.9577091038,NA
"401","200","200->401",1.01956763691685,0.000307435005986397,0.85,0.15,0.51,"0",0.000307435005986397,1,1,"United Kingdom","Sovereign",0,0.124444444444444,1,NA,"Madeira Isles","Colony of",0,0.255,33411,NA
"402","2","2->402",2.16658923338241,0.000311532740417916,1,0,0,"0",0.000311532740417916,1,1,"United States of America","Sovereign",0,0.139333333333333,1,NA,"Cape Verde","Colony of",0,0.255,33856.3279633925,NA
"402","200","200->402",0,1.34343512238526e-06,0.85,0.15,0.51,"0",1.34343512238526e-06,1,1,"United Kingdom","Sovereign",0,0.124444444444444,1,NA,"Cape Verde","Colony of",0,0.255,146,NA
"4050","2","2->4050",0,1.51004927591436e-05,0.85,0.15,0.51,"0",1.51004927591436e-05,1,1,"United States of America","Sovereign",0,0.139333333333333,1,NA,"St. Helena","Colony of",0,0.255,1641.07064501975,NA
"4050","200","200->4050",1.52390185775972,0.000276425578846408,1,0,0,"0",0.000276425578846408,1,1,"United Kingdom","Sovereign",0,0.124444444444444,1,NA,"St. Helena","Colony of",0,0.255,30041,NA
"41","2","2->41",0.845577850593455,0.00220683492403614,0.9,0.1,0.36,"0",0.00220683492403614,1,1,"United States of America","Sovereign",0,0.139333333333333,1,1,"Haiti","Sovereign (unrecognized)",0,0.34,239831.379677804,54699.3143976494
"41","200","200->41",0.716023367964057,0.00351067202310551,0.8,0.2,0.64,"0",0.00351067202310551,1,1,"United Kingdom","Sovereign",0,0.124444444444444,1,1,"Haiti","Sovereign (unrecognized)",0,0.34,381528,69880.5093046033
"41","220","220->41",0.308771525239374,0.00205481604057156,0,1,0,"bridge",0.00205481604057156,1,1,"France","Sovereign",7,0.0226086956521739,1,1,"Haiti","Sovereign (unrecognized)",0,0.34,223310.479921645,31921.6454456415
"41","246","246->41",1.83224915222939,0.000173037140258657,0.1,0.9,0.36,"bridge",0.000173037140258657,1,1,"Bremen","Sovereign (unrecognized)",2,0.09,1,1,"Haiti","Sovereign (unrecognized)",0,0.34,18805.0930460333,NA
"41","248","248->41",0,0.000359773054121125,0.1,0.9,0.36,"bridge",0.000359773054121125,1,1,"Hamburg","Sovereign (unrecognized)",2,0.110769230769231,1,1,"Haiti","Sovereign (unrecognized)",0,0.34,39098.9226248776,NA
"433","101","101->433",0,6.25709509056149e-07,0,1,0,"bridge",6.25709509056149e-07,1,1,"Venezuela","Sovereign",3,0.0423076923076923,1,NA,"Senegal","Colony of",7,0,68,NA
"433","220","220->433",1.69309805419304,0.00079308689285218,1,0,0,"7",0.00079308689285218,1,1,"France","Sovereign",7,0.0226086956521739,1,NA,"Senegal","Colony of",7,0,86190.0097943193,NA
"433","230","230->433",0,9.23841686900549e-06,0,1,0,"bridge",9.23841686900549e-06,1,NA,"Spain","Sovereign",0,0.066764705882353,1,NA,"Senegal","Colony of",7,0,1004,NA
"5","101","101->5",4.25188013565202,0.0011437394477055,1,0,0,"3",0.0011437394477055,1,1,"Venezuela","Sovereign",3,0.0423076923076923,1,NA,"Virgin Islands (Danish West Indies)","Colony of",3,0.12,124297.747306562,NA
"5","2","2->5",1.54221645030414,0.00246035746996349,0.1,0.9,0.36,"bridge",0.00246035746996349,1,1,"United States of America","Sovereign",0,0.139333333333333,1,NA,"Virgin Islands (Danish West Indies)","Colony of",3,0.12,267383.35527278,NA
"5","220","220->5",0.185816042847225,0.0010093833181755,0,1,0,"bridge",0.0010093833181755,1,1,"France","Sovereign",7,0.0226086956521739,1,NA,"Virgin Islands (Danish West Indies)","Colony of",3,0.12,109696.376101861,NA
"561","2","2->561",0,1.45390789718161e-05,0.85,0.15,0.51,"0",1.45390789718161e-05,1,1,"United States of America","Sovereign",0,0.139333333333333,1,NA,"Cape Colony (Cape of Good Hope)","Colony of",0,0.204,1580.0580872981,6960
"561","200","200->561",1.53809067987209,0.0031855699250987,1,0,0,"0",0.0031855699250987,1,1,"United Kingdom","Sovereign",0,0.124444444444444,1,NA,"Cape Colony (Cape of Good Hope)","Colony of",0,0.204,346197,185965
"561","220","220->561",0,0.000112149227887887,0,1,0,"bridge",0.000112149227887887,1,1,"France","Sovereign",7,0.0226086956521739,1,NA,"Cape Colony (Cape of Good Hope)","Colony of",0,0.204,12188,NA
"585","101","101->585",0,1.15020130341204e-06,0,1,0,"bridge",1.15020130341204e-06,1,1,"Venezuela","Sovereign",3,0.0423076923076923,1,NA,"Reunion (Bourbon I.)","Colony of",7,0,125,NA
"585","2","2->585",0,1.26625726141736e-05,0,1,0,"bridge",1.26625726141736e-05,1,1,"United States of America","Sovereign",0,0.139333333333333,1,NA,"Reunion (Bourbon I.)","Colony of",7,0,1376.12570258468,NA
"585","220","220->585",1.69267747198699,0.00237926067855654,1,0,0,"7",0.00237926067855654,1,1,"France","Sovereign",7,0.0226086956521739,1,NA,"Reunion (Bourbon I.)","Colony of",7,0,258570.029382958,NA
"585","230","230->585",0,1.67929390298158e-05,0,1,0,"bridge",1.67929390298158e-05,1,NA,"Spain","Sovereign",0,0.066764705882353,1,NA,"Reunion (Bourbon I.)","Colony of",7,0,1825,NA
"590","200","200->590",1.15945972851462,0.000767607543455485,0.15,0.85,0.51,"bridge",0.000767607543455485,1,1,"United Kingdom","Sovereign",0,0.124444444444444,1,NA,"Mauritius","Colony of",5,0.17,83421,NA
"590","220","220->590",0.414235766564782,0.000320436881520167,0,1,0,"bridge",0.000320436881520167,1,1,"France","Sovereign",7,0.0226086956521739,1,NA,"Mauritius","Colony of",5,0.17,34824,NA
"590","901","901->590",2.8984368680949,7.74591565769803e-05,1,0,0,"5",7.74591565769803e-05,1,1,"New South Wales","Colony of",5,0.255,1,NA,"Mauritius","Colony of",5,0.17,8418,NA
"6","2","2->6",1.83632506597065,0.000757508701701107,1,0,0,"0",0.000757508701701107,1,1,"United States of America","Sovereign",0,0.139333333333333,1,NA,"Puerto Rico","Colony of",0,0,82323.491924194,NA
"6","220","220->6",0,4.31463512935924e-05,0,1,0,"bridge",4.31463512935924e-05,1,1,"France","Sovereign",7,0.0226086956521739,1,NA,"Puerto Rico","Colony of",0,0,4689,NA
"6","230","230->6",2.29437196863615,0.000222369587050478,1,0,0,"0",0.000222369587050478,1,NA,"Spain","Sovereign",0,0.066764705882353,1,NA,"Puerto Rico","Colony of",0,0,24166.3770496983,NA
"6","40","40->6",0.611692135952952,3.54691890596238e-05,1,0,0,"0",3.54691890596238e-05,1,1,"Cuba","Colony of",0,0.055625,1,NA,"Puerto Rico","Colony of",0,0,3854.67189030362,NA
"615","101","101->615",0,5.55777269808697e-06,0,1,0,"bridge",5.55777269808697e-06,1,1,"Venezuela","Sovereign",3,0.0423076923076923,1,NA,"Algeria (Regency of Algiers)","Colony of",7,0.336,604,NA
"615","220","220->615",1.61087672385635,0.00558765765418581,0.7,0.3,0.84,"7",0.00558765765418581,1,1,"France","Sovereign",7,0.0226086956521739,1,NA,"Algeria (Regency of Algiers)","Colony of",7,0.336,607247.796278159,NA
"615","230","230->615",0,8.10937926957624e-05,0,1,0,"bridge",8.10937926957624e-05,1,NA,"Spain","Sovereign",0,0.066764705882353,1,NA,"Algeria (Regency of Algiers)","Colony of",7,0.336,8813,NA
"615","337","337->615",1.72673689939716,0.000425434149080929,0.3,0.7,0.84,"bridge",0.000425434149080929,1,NA,"Tuscany","Sovereign",4,0.035,1,NA,"Algeria (Regency of Algiers)","Colony of",7,0.336,46234.7490629348,NA
"615","380","380->615",0,4.22075432011737e-05,0,1,0,"bridge",4.22075432011737e-05,1,1,"Sweden","Sovereign",2,0.05625,1,NA,"Algeria (Regency of Algiers)","Colony of",7,0.336,4586.97350150428,NA
"616","6203","6203->616",8.09811195822898,0.000116908217887255,1,0,0,"4",0.000116908217887255,NA,NA,"Tripolitania (Regency of Tripoli)","Vassal of",4,0,1,NA,"Tunisia (Regency of Tunis)","Sovereign",4,0,12705.1909892262,NA
"630","365","365->630",0.888443348939267,0.0012041241070918,0,1,0,"bridge",0.0012041241070918,1,1,"Russia (USSR)","Sovereign",1,0,1,NA,"Iran (Persia)","Sovereign (unrecognized)",4,0,130860.148514851,NA
"630","640","640->630",4.0058424422304,0.00447452415066356,1,0,0,"4",0.00447452415066356,1,NA,"Turkey (Ottoman Empire)","Sovereign",4,0,1,NA,"Iran (Persia)","Sovereign (unrecognized)",4,0,486276.199804114,NA
"640","200","200->640",0.441894306174502,0.00938197119328174,0,1,0,"bridge",0.00938197119328174,1,1,"United Kingdom","Sovereign",0,0.124444444444444,1,NA,"Turkey (Ottoman Empire)","Sovereign",4,0,1019601,346950.048971597
"640","220","220->640",0,0.00363153005353719,0,1,0,"bridge",0.00363153005353719,1,1,"France","Sovereign",7,0.0226086956521739,1,NA,"Turkey (Ottoman Empire)","Sovereign",4,0,394662.443300616,265755.14201763
"640","300","300->640",1.78032521488616,0.00334697088545308,1,0,0,"4",0.00334697088545308,1,NA,"Austria-Hungary (Austrian Empire)","Sovereign",4,0,1,NA,"Turkey (Ottoman Empire)","Sovereign",4,0,363737.512242899,125692.458374143
"640","324","324->640",0,0.000449536070630304,1,0,0,"4",0.000449536070630304,1,NA,"Kingdom of Sardinia","Sovereign",4,0,1,NA,"Turkey (Ottoman Empire)","Sovereign",4,0,48854.0646425074,13386.875612145
"640","3349","3349->640",1.18823813977852,0.000214493955112294,1,0,0,"4",0.000214493955112294,1,1,"Ionian Is.","Protectorate of",4,0,1,NA,"Turkey (Ottoman Empire)","Sovereign",4,0,23310.4799216454,NA
"640","350","350->640",2.6268249373312,0.000768104655727336,1,0,0,"4",0.000768104655727336,1,NA,"Greece","Sovereign",4,0,1,NA,"Turkey (Ottoman Empire)","Sovereign",4,0,83475.0244857982,31729.6767874633
"640","365","365->640",1.0459291908141,0.00724643984690958,0,1,0,"bridge",0.00724643984690958,1,1,"Russia (USSR)","Sovereign",1,0,1,NA,"Turkey (Ottoman Empire)","Sovereign",4,0,787518.652758133,5281.09696376102
"640","40","40->640",0,0.000119685824482449,0,1,0,"bridge",0.000119685824482449,1,1,"Cuba","Colony of",0,0.055625,1,NA,"Turkey (Ottoman Empire)","Sovereign",4,0,13007.0519098923,NA
"640","616","616->640",0,4.16010124705189e-05,1,0,0,"4",4.16010124705189e-05,1,NA,"Tunisia (Regency of Tunis)","Sovereign",4,0,1,NA,"Turkey (Ottoman Empire)","Sovereign",4,0,4521.05778648384,NA
"640","651","651->640",2.31292854144824,0.00399431003704156,1,0,0,"4",0.00399431003704156,1,NA,"Egypt Arab Republic (Egypt)","Sovereign (unrecognized)",4,0,1,NA,"Turkey (Ottoman Empire)","Sovereign",4,0,434088.148873653,88454.4564152791
"65","101","101->65",0,4.90445835774893e-06,0,1,0,"bridge",4.90445835774893e-06,1,1,"Venezuela","Sovereign",3,0.0423076923076923,1,NA,"Guadeloupe","Colony of",7,0,533,NA
"65","2","2->65",0.0209731812672414,0.000585296036059464,0,1,0,"bridge",0.000585296036059464,1,1,"United States of America","Sovereign",0,0.139333333333333,1,NA,"Guadeloupe","Colony of",7,0,63608,NA
"65","220","220->65",1.58049678658974,0.00443407671912809,1,0,0,"7",0.00443407671912809,1,1,"France","Sovereign",7,0.0226086956521739,1,NA,"Guadeloupe","Colony of",7,0,481880.509304603,NA
"651","200","200->651",0.260942744104752,0.00134018695390443,0,1,0,"bridge",0.00134018695390443,1,1,"United Kingdom","Sovereign",0,0.124444444444444,1,NA,"Egypt Arab Republic (Egypt)","Sovereign (unrecognized)",4,0,145647,124703
"651","220","220->651",0.105842500376434,0.0010093833181755,0,1,0,"bridge",0.0010093833181755,1,1,"France","Sovereign",7,0.0226086956521739,1,NA,"Egypt Arab Republic (Egypt)","Sovereign (unrecognized)",4,0,109696.376101861,327588.638589618
"651","300","300->651",2.30179032010678,0.000965114649792661,1,0,0,"4",0.000965114649792661,1,NA,"Austria-Hungary (Austrian Empire)","Sovereign",4,0,1,NA,"Egypt Arab Republic (Egypt)","Sovereign (unrecognized)",4,0,104885.406464251,423447.600391773
"651","337","337->651",2.54910942208511,0.000787841016816536,1,0,0,"4",0.000787841016816536,1,NA,"Tuscany","Sovereign",4,0.035,1,NA,"Egypt Arab Republic (Egypt)","Sovereign (unrecognized)",4,0,85619.9056721015,159216.454456415
"651","380","380->651",0.239515867448367,6.38021001878206e-05,0,1,0,"bridge",6.38021001878206e-05,1,1,"Sweden","Sovereign",2,0.05625,1,NA,"Egypt Arab Republic (Egypt)","Sovereign (unrecognized)",4,0,6933.7971534367,NA
"651","6203","6203->651",2.43440296097413,1.73397634300863e-05,1,0,0,"4",1.73397634300863e-05,NA,NA,"Tripolitania (Regency of Tripoli)","Vassal of",4,0,1,NA,"Egypt Arab Republic (Egypt)","Sovereign (unrecognized)",4,0,1884.42703232125,NA
"651","640","640->651",2.42931064528679,0.000813923448491659,1,0,0,"4",0.000813923448491659,1,NA,"Turkey (Ottoman Empire)","Sovereign",4,0,1,NA,"Egypt Arab Republic (Egypt)","Sovereign (unrecognized)",4,0,88454.4564152791,434088.148873653
"66","101","101->66",0,4.9872728515946e-06,0,1,0,"bridge",4.9872728515946e-06,1,1,"Venezuela","Sovereign",3,0.0423076923076923,1,NA,"Martinique","Colony of",7,0,542,NA
"66","2","2->66",0.0278355771102016,0.000594663275474451,0,1,0,"bridge",0.000594663275474451,1,1,"United States of America","Sovereign",0,0.139333333333333,1,NA,"Martinique","Colony of",7,0,64626,NA
"66","220","220->66",1.57957883466781,0.00447012612334865,1,0,0,"7",0.00447012612334865,1,1,"France","Sovereign",7,0.0226086956521739,1,NA,"Martinique","Colony of",7,0,485798.237022527,NA
"68","101","101->68",2.9893897282685,0.000216260375919101,0.95,0.05,0.19,"3",0.000216260375919101,1,1,"Venezuela","Sovereign",3,0.0423076923076923,1,NA,"Netherlands Antilles","Colony of",3,0.19,23502.4485798237,NA
"68","2","2->68",0.454615828932015,0.000554117330742166,0.05,0.95,0.19,"bridge",0.000554117330742166,1,1,"United States of America","Sovereign",0,0.139333333333333,1,NA,"Netherlands Antilles","Colony of",3,0.19,60219.6034183748,NA
"68","210","210->68",3.37381226396836,0.00231260533015273,0.95,0.05,0.19,"3",0.00231260533015273,1,1,"Netherlands","Sovereign",3,0.118275862068966,1,NA,"Netherlands Antilles","Colony of",3,0.19,251326.150832517,NA
"70","2","2->70",0.90114308020711,0.00317105349052128,0,1,0,"bridge",0.00317105349052128,1,1,"United States of America","Sovereign",0,0.139333333333333,1,NA,"Mexico","Sovereign",2,0,344619.402829144,NA
"70","200","200->70",0.508688753650273,0.00387835917416984,0,1,0,"bridge",0.00387835917416984,1,1,"United Kingdom","Sovereign",0,0.124444444444444,1,NA,"Mexico","Sovereign",2,0,421487,NA
"70","220","220->70",0.694979399276067,0.00410963208114311,0,1,0,"bridge",0.00410963208114311,1,1,"France","Sovereign",7,0.0226086956521739,1,NA,"Mexico","Sovereign",2,0,446620.959843291,NA
"70","246","246->70",1.23762777325436,0.000129777855193993,1,0,0,"2",0.000129777855193993,1,1,"Bremen","Sovereign (unrecognized)",2,0.09,1,NA,"Mexico","Sovereign",2,0,14103.819784525,NA
"7010","365","365->7010",2.43940415000612,0.000410729645850419,1,0,0,"1",0.000410729645850419,1,1,"Russia (USSR)","Sovereign",1,0,1,NA,"Kokand","Sovereign (unrecognized)",1,0,44636.7132248939,NA
"7020","365","365->7020",2.43940415000612,0.000356140229746225,1,0,0,"1",0.000356140229746225,1,1,"Russia (USSR)","Sovereign",1,0,1,NA,"Bokhara","Sovereign (unrecognized)",1,0,38704.1195190948,NA
"7030","365","365->7030",2.43940415000612,0.000208718424356357,1,0,0,"1",0.000208718424356357,1,1,"Russia (USSR)","Sovereign",1,0,1,NA,"Khiva","Sovereign (unrecognized)",1,0,22682.8147100424,NA
"710","2","2->710",0.976973006546355,0.0010339511577611,0,1,0,"bridge",0.0010339511577611,1,1,"United States of America","Sovereign",0,0.139333333333333,1,NA,"People's Republic of China (China)","Sovereign (unrecognized)",1,0,112366.326082868,NA
"710","210","210->710",0,3.4967922093937e-05,0,1,0,"bridge",3.4967922093937e-05,1,1,"Netherlands","Sovereign",3,0.118275862068966,1,NA,"People's Republic of China (China)","Sovereign (unrecognized)",1,0,3800.1958863859,NA
"710","365","365->710",2.06357595920131,0.00234310891420062,1,0,0,"1",0.00234310891420062,1,1,"Russia (USSR)","Sovereign",1,0,1,NA,"People's Republic of China (China)","Sovereign (unrecognized)",1,0,254641.177510608,NA
"740","850","850->740",4.52430222346458,0.000193407627170183,1,0,0,"3",0.000193407627170183,1,NA,"Indonesia (Dutch East Indies)","Colony of",3,0.0981818181818182,1,NA,"Japan","Sovereign (unrecognized)",3,0,21018.8888888889,NA
"750","220","220->750",1.7054589785797,0.00162222318992491,1,0,0,"7",0.00162222318992491,1,1,"France","Sovereign",7,0.0226086956521739,1,NA,"India","Colony of",7,0,176297.747306562,NA
"751","101","101->751",0,8.28144938456668e-08,0,1,0,"bridge",8.28144938456668e-08,1,1,"Venezuela","Sovereign",3,0.0423076923076923,1,NA,"French India","Colony of",7,0,9,NA
"751","220","220->751",1.70431101274469,7.20988084411072e-05,1,0,0,"7",7.20988084411072e-05,1,1,"France","Sovereign",7,0.0226086956521739,1,NA,"French India","Colony of",7,0,7835.45543584721,NA
"800","850","850->800",4.52430222346458,4.26107591438004e-05,1,0,0,"3",4.26107591438004e-05,1,NA,"Indonesia (Dutch East Indies)","Colony of",3,0.0981818181818182,1,NA,"Thailand (Siam)","Sovereign (unrecognized)",3,0,4630.79365079365,NA
"840","2","2->840",0,1.96302560568953e-06,0.85,0.15,0.51,"0",1.96302560568953e-06,1,1,"United States of America","Sovereign",0,0.139333333333333,1,NA,"Philippines","Colony of",0,0.255,213.335004910257,NA
"840","200","200->840",1.57593902314613,0.00170504000895715,1,0,0,"0",0.00170504000895715,1,1,"United Kingdom","Sovereign",0,0.124444444444444,1,NA,"Philippines","Colony of",0,0.255,185298,NA
"850","2","2->850",0,0.000180444543726909,0,1,0,"bridge",0.000180444543726909,1,1,"United States of America","Sovereign",0,0.139333333333333,1,NA,"Indonesia (Dutch East Indies)","Colony of",3,0.0981818181818182,19610.1046825049,NA
"850","210","210->850",3.5769351508622,0.00638817072430742,1,0,0,"3",0.00638817072430742,1,1,"Netherlands","Sovereign",3,0.118275862068966,1,NA,"Indonesia (Dutch East Indies)","Colony of",3,0.0981818181818182,694244.85798237,1113696.26984127
"850","220","220->850",0,0.000324444637984983,0,1,0,"bridge",0.000324444637984983,1,1,"France","Sovereign",7,0.0226086956521739,1,NA,"Indonesia (Dutch East Indies)","Colony of",3,0.0981818181818182,35259.5494613124,6451.26984126984
"850","246","246->850",0.911662664808212,5.76790467528858e-05,0.1,0.9,0.36,"bridge",5.76790467528858e-05,1,1,"Bremen","Sovereign (unrecognized)",2,0.09,1,NA,"Indonesia (Dutch East Indies)","Colony of",3,0.0981818181818182,6268.36434867777,NA
"89","2","2->89",2.04323985093499,0.00051480875237946,1,0,0,"0",0.00051480875237946,1,1,"United States of America","Sovereign",0,0.139333333333333,1,NA,"United States of Central America","Sovereign (unrecognized)",0,0.17,55947.6796422825,NA
"89","200","200->89",0,3.40459585809963e-05,0.85,0.15,0.51,"0",3.40459585809963e-05,1,1,"United Kingdom","Sovereign",0,0.124444444444444,1,NA,"United States of Central America","Sovereign (unrecognized)",0,0.17,3700,NA
"89","220","220->89",0,3.60494042205536e-05,0,1,0,"bridge",3.60494042205536e-05,1,1,"France","Sovereign",7,0.0226086956521739,1,NA,"United States of Central America","Sovereign (unrecognized)",0,0.17,3917.7277179236,NA
"902","901","901->902",5.60959461401144,0.000108256946677141,1,0,0,"5",0.000108256946677141,1,1,"New South Wales","Colony of",5,0.255,1,NA,"Western Australia","Colony of",5,0,11765,NA
