key,source,target,proximity,observedTradeValues,coMembershipScore,bridgeNessEdgeScore,ambiguityScore,sourceCommunityId,maxObservedTradeValue,sourceCited,sourceReporting,sourceLabel,sourceGphStatus,sourceCommunity,sourceMeanAmbiguityScore,targetCited,targetReporting,targetLabel,targetGphStatus,targetCommunity,targetMeanAmbiguityScore
2-365,365,2,18.222537135444906,580388.93762794,0,1,0,bridge,580388.93762794,1,1,Russia (USSR),Sovereign,2,0.4061538461538461,1,1,United States of America,Sovereign,1,0.3794117647058824
2-239,239,2,17.952746667422893,16982.286836278567|64990.74037590133,0,1,0,bridge,64990.74037590133,1,,Prussia,Sovereign,3,0.14357142857142854,1,1,United States of America,Sovereign,1,0.3794117647058824
2-390,390,2,15.597197770324826,10229.143167481305,0,1,0,bridge,10229.143167481305,1,,Denmark,Sovereign,3,0.25545454545454543,1,1,United States of America,Sovereign,1,0.3794117647058824
2-5,5,2,19.643215145316375,381286.084304633,0.6,0.4,0.96,3,381286.084304633,1,,Virgin Islands (Danish West Indies),Colony of,3,0.5875,1,1,United States of America,Sovereign,1,0.3794117647058824
2-210,210,2,19.243837058962384,381883.9035802315|966688.9948382521,0.35,0.65,0.9099999999999999,bridge,966688.9948382521,1,1,Netherlands,Sovereign,3,0.5194117647058824,1,1,United States of America,Sovereign,1,0.3794117647058824
2-850,850,2,17.70080118346453,308707.4403642896,0,1,0,bridge,308707.4403642896,1,,Indonesia (Dutch East Indies),Colony of,4,0,1,1,United States of America,Sovereign,1,0.3794117647058824
2-68,68,2,18.157773569344084,109016.58520282408,0.6,0.4,0.96,3,109016.58520282408,1,,Netherlands Antilles,Colony of,3,0.655,1,1,United States of America,Sovereign,1,0.3794117647058824
2-211,211,2,19.358848034194686,100265.07081087856|710784.0734465503,0,1,0,bridge,710784.0734465503,1,1,Belgium,Sovereign,3,0.19606060606060607,1,1,United States of America,Sovereign,1,0.3794117647058824
2-200,200,2,19.132369063702065,15825231.440865606,0.25,0.75,0.75,bridge,15825231.440865606,1,1,United Kingdom,Sovereign,0,0.5142424242424243,1,1,United States of America,Sovereign,1,0.3794117647058824
2-231,231,2,19.129527018612883,51380.28992772695,1,0,0,1,51380.28992772695,1,,Gibraltar,Colony of,1,0.0633333333333334,1,1,United States of America,Sovereign,1,0.3794117647058824
2-338,338,2,19.12678113060657,7183.43986297364|13184,0,1,0,bridge,13184,1,1,Malta,Colony of,0,0.10500000000000001,1,1,United States of America,Sovereign,1,0.3794117647058824
110-2,110,2,19.63609307296851,19221.08033588169,0.95,0.050000000000000044,0.19000000000000017,3,19221.08033588169,1,,Guyana (British Guiana),Colony of,3,0.5750000000000001,1,1,United States of America,Sovereign,1,0.3794117647058824
2-80,80,2,20.12023452020726,44991.435852446004|34225,0.75,0.25,0.75,1,44991.435852446004,1,1,Belize (British Honduras),Occupied by,1,0.875,1,1,United States of America,Sovereign,1,0.3794117647058824
2-561,561,2,20.021696511207722,6006.391778418349|49357,0,1,0,bridge,49357,1,,Cape Colony (Cape of Good Hope),Colony of,4,0,1,1,United States of America,Sovereign,1,0.3794117647058824
120-2,120,2,15.425970750267245,727.5347787943351,0.35,0.65,0.9099999999999999,bridge,727.5347787943351,1,,French Guiana,Colony of,1,0.45499999999999996,1,1,United States of America,Sovereign,1,0.3794117647058824
2-41,41,2,20.33432631365686,381839.62067092786|119677.686276055,0.25,0.75,0.75,bridge,381839.62067092786,1,1,Haiti,Sovereign (unrecognized),3,0.37375,1,1,United States of America,Sovereign,1,0.3794117647058824
2-840,840,2,18.97439165317923,167800.894013452|19996.84778754088,0,1,0,bridge,167800.894013452,1,1,Philippines,Colony of,4,0.019999999999999997,1,1,United States of America,Sovereign,1,0.3794117647058824
2-40,40,2,19.85126688404168,2660081.6727242344,1,0,0,1,2660081.6727242344,1,,Cuba,Colony of,1,0.40199999999999997,1,1,United States of America,Sovereign,1,0.3794117647058824
2-6,6,2,19.775804392667887,670310.1892467728,0.95,0.050000000000000044,0.19000000000000017,1,670310.1892467728,1,,Puerto Rico,Colony of,1,0.43600000000000005,1,1,United States of America,Sovereign,1,0.3794117647058824
2-235,235,2,17.685146939312208,57499.477795880855|40387.722132471725,0,1,0,bridge,57499.477795880855,1,,Portugal,Sovereign,3,0.14789473684210525,1,1,United States of America,Sovereign,1,0.3794117647058824
2-402,402,2,20.12023452020726,2885.282199105987,1,0,0,1,2885.282199105987,1,,Cape Verde,Colony of,1,0,1,1,United States of America,Sovereign,1,0.3794117647058824
2-640,640,2,19.45672755696941,203737.1015582571|161424.8000315221,0,1,0,bridge,203737.1015582571,1,,Turkey (Ottoman Empire),Sovereign,0,0.11736842105263158,1,1,United States of America,Sovereign,1,0.3794117647058824
2-350,350,2,15.856856126119707,6889.1256214229015,0,1,0,bridge,6889.1256214229015,1,,Greece,Sovereign,0,0.12923076923076923,1,1,United States of America,Sovereign,1,0.3794117647058824
2-600,600,2,20.12023452020726,8192.547102811548,0.05,0.95,0.19,bridge,8192.547102811548,1,1,Morocco,Sovereign (unrecognized),0,0.33749999999999997,1,1,United States of America,Sovereign,1,0.3794117647058824
2-70,70,2,19.989471092797995,1173041.5256715545,1,0,0,1,1173041.5256715545,1,,Mexico,Sovereign,1,0.43500000000000005,1,1,United States of America,Sovereign,1,0.3794117647058824
2-89,89,2,19.603763760838618,40795.421314283325,0.35,0.65,0.9099999999999999,bridge,40795.421314283325,1,,United States of Central America,Sovereign (unrecognized),1,0.45499999999999996,1,1,United States of America,Sovereign,1,0.3794117647058824
100-2,100,2,20.107441866096316,354399.0474996867,0.95,0.050000000000000044,0.19000000000000017,1,354399.0474996867,1,,Colombia (New Granada) (Gran Colombia),Sovereign,1,0.275,1,1,United States of America,Sovereign,1,0.3794117647058824
140-2,140,2,19.954984370166656,1506076.3671303838|611135.1905118405,0.4,0.6,0.96,bridge,1506076.3671303838,1,,Brazil,Sovereign,3,0.5885,1,1,United States of America,Sovereign,1,0.3794117647058824
160-2,160,2,19.129306961017694,220057.44245310608|43985.653048727145,0.85,0.15000000000000002,0.51,1,220057.44245310608,1,1,Argentina (La Plata),Sovereign,1,0.59,1,1,United States of America,Sovereign,1,0.3794117647058824
155-2,155,2,19.57526185884487,169506.83042987844,0.45,0.55,0.9900000000000001,bridge,169506.83042987844,1,,Chile,Sovereign,1,0.45,1,1,United States of America,Sovereign,1,0.3794117647058824
135-2,135,2,19.262951438192474,32550.236036261856,0.1,0.9,0.36000000000000004,bridge,32550.236036261856,1,,Peru,Sovereign (unrecognized),1,0.36,1,1,United States of America,Sovereign,1,0.3794117647058824
2-710,710,2,19.668720371331588,1530019.6348748798,0,1,0,bridge,1530019.6348748798,1,,People's Republic of China (China),Sovereign (unrecognized),4,0,1,1,United States of America,Sovereign,1,0.3794117647058824
380-385,385,380,21.462132772723724,152180.54737875523,1,0,0,3,152180.54737875523,1,,Norway,Sovereign (limited),3,0.20099999999999998,1,1,Sweden,Sovereign,3,0.21857142857142856
365-380,365,380,20.124998793194926,94306.94553950864|130352.59957253182,0.65,0.35,0.9099999999999999,2,130352.59957253182,1,1,Russia (USSR),Sovereign,2,0.4061538461538461,1,1,Sweden,Sovereign,3,0.21857142857142856
239-380,239,380,19.64732291739341,7051.727776585734|25526.125016417274,1,0,0,3,25526.125016417274,1,,Prussia,Sovereign,3,0.14357142857142854,1,1,Sweden,Sovereign,3,0.21857142857142856
380-390,390,380,21.257748245857826,91078.81904694298,1,0,0,3,91078.81904694298,1,,Denmark,Sovereign,3,0.25545454545454543,1,1,Sweden,Sovereign,3,0.21857142857142856
210-380,210,380,19.711511155476867,22663.03080112335|111322.60275833274,0.65,0.35,0.9099999999999999,3,111322.60275833274,1,1,Netherlands,Sovereign,3,0.5194117647058824,1,1,Sweden,Sovereign,3,0.21857142857142856
211-380,211,380,18.80649655326038,3557.7702740129353|29515,1,0,0,3,29515,1,1,Belgium,Sovereign,3,0.19606060606060607,1,1,Sweden,Sovereign,3,0.21857142857142856
200-380,200,380,17.86720814218371,138398.07173205746,0,1,0,bridge,138398.07173205746,1,1,United Kingdom,Sovereign,0,0.5142424242424243,1,1,Sweden,Sovereign,3,0.21857142857142856
220-380,220,380,17.16782890323585,25487.28742953524,0,1,0,bridge,25487.28742953524,1,1,France,Sovereign,1,0.16596153846153847,1,1,Sweden,Sovereign,3,0.21857142857142856
230-380,230,380,18.974023177149874,13071.538059922159|9547,0.05,0.95,0.19,bridge,13071.538059922159,1,,Spain,Sovereign,1,0.3503703703703704,1,1,Sweden,Sovereign,3,0.21857142857142856
235-380,235,380,20.444951446215782,16365.310066710823|46026.242168722165,1,0,0,3,46026.242168722165,1,,Portugal,Sovereign,3,0.14789473684210525,1,1,Sweden,Sovereign,3,0.21857142857142856
2-380,2,380,19.429235209957803,118773.06201302142|95947,0,1,0,bridge,118773.06201302142,1,1,United States of America,Sovereign,1,0.3794117647058824,1,1,Sweden,Sovereign,3,0.21857142857142856
140-380,140,380,20.114170686586778,177134.0901260229|51696.28432956381,0.55,0.44999999999999996,0.99,3,177134.0901260229,1,,Brazil,Sovereign,3,0.5885,1,1,Sweden,Sovereign,3,0.21857142857142856
200-248,200,248,18.948377657226043,6939162.299538989,0,1,0,bridge,6939162.299538989,1,1,United Kingdom,Sovereign,0,0.5142424242424243,1,1,Hamburg,Sovereign (unrecognized),3,0.2596
239-248,239,248,20.39475131603117,4722565.900941723,1,0,0,3,4722565.900941723,1,,Prussia,Sovereign,3,0.14357142857142854,1,1,Hamburg,Sovereign (unrecognized),3,0.2596
240-248,240,248,20.631804350840145,3279758.8557468774,1,0,0,3,3279758.8557468774,1,,Hanover,Sovereign (unrecognized),3,0.22749999999999998,1,1,Hamburg,Sovereign (unrecognized),3,0.2596
140-248,140,248,19.54283501791775,1068954.6475432443|154119,0.55,0.44999999999999996,0.99,3,1068954.6475432443,1,,Brazil,Sovereign,3,0.5885,1,1,Hamburg,Sovereign (unrecognized),3,0.2596
220-248,220,248,18.45320704818407,838330.9035028961|308952,0,1,0,bridge,838330.9035028961,1,1,France,Sovereign,1,0.16596153846153847,1,1,Hamburg,Sovereign (unrecognized),3,0.2596
2-248,2,248,18.811117126011798,641396.43011939|786599,0,1,0,bridge,786599,1,1,United States of America,Sovereign,1,0.3794117647058824,1,1,Hamburg,Sovereign (unrecognized),3,0.2596
210-248,210,248,19.056859430973127,508806.4935576658|305349,0.65,0.35,0.9099999999999999,3,508806.4935576658,1,1,Netherlands,Sovereign,3,0.5194117647058824,1,1,Hamburg,Sovereign (unrecognized),3,0.2596
248-41,41,248,21.11360684985278,384845.7386027818|99349,0.75,0.25,0.75,3,384845.7386027818,1,1,Haiti,Sovereign (unrecognized),3,0.37375,1,1,Hamburg,Sovereign (unrecognized),3,0.2596
248-390,390,248,19.671647074476965,317112.5733874463,1,0,0,3,317112.5733874463,1,,Denmark,Sovereign,3,0.25545454545454543,1,1,Hamburg,Sovereign (unrecognized),3,0.2596
211-248,211,248,18.093735672684385,253713.70030340043|76387,1,0,0,3,253713.70030340043,1,1,Belgium,Sovereign,3,0.19606060606060607,1,1,Hamburg,Sovereign (unrecognized),3,0.2596
235-248,235,248,18.72465692556055,84164.07265849719|43492.65140470467,1,0,0,3,84164.07265849719,1,,Portugal,Sovereign,3,0.14789473684210525,1,1,Hamburg,Sovereign (unrecognized),3,0.2596
230-248,230,248,19.415817788947024,64502.14744473777|78390,0.05,0.95,0.19,bridge,78390,1,,Spain,Sovereign,1,0.3503703703703704,1,1,Hamburg,Sovereign (unrecognized),3,0.2596
248-329,329,248,16.74168646738838,55203.12069033452,0,1,0,bridge,55203.12069033452,1,,Two Sicilies,Sovereign,0,0.060000000000000005,1,1,Hamburg,Sovereign (unrecognized),3,0.2596
248-300,300,248,16.496327854966573,48031.837345837106,0,1,0,bridge,48031.837345837106,1,,Austria-Hungary (Austrian Empire),Sovereign,0,0.08904761904761906,1,1,Hamburg,Sovereign (unrecognized),3,0.2596
246-257,257,246,25.965597597770966,47428.97671303045,1,0,0,3,47428.97671303045,1,,Oldenburg,Sovereign (limited),3,0.375,1,1,Bremen,Sovereign (unrecognized),3,0.5053333333333333
3349-640,640,3349,20.911837755339825,119271.83892194333|1359,1,0,0,0,119271.83892194333,1,,Turkey (Ottoman Empire),Sovereign,0,0.11736842105263158,1,1,Ionian Is.,Protectorate of,0,0.09363636363636364
200-3349,200,3349,18.37001358726119,119035.42298750936,0.7,0.30000000000000004,0.8400000000000001,0,119035.42298750936,1,1,United Kingdom,Sovereign,0,0.5142424242424243,1,1,Ionian Is.,Protectorate of,0,0.09363636363636364
300-3349,300,3349,21.431279042763396,94389.06182276685|153741.0566234564,1,0,0,0,153741.0566234564,1,,Austria-Hungary (Austrian Empire),Sovereign,0,0.08904761904761906,1,1,Ionian Is.,Protectorate of,0,0.09363636363636364
3349-350,350,3349,23.006706118476217,73249.53701879506|22782.615548287955,1,0,0,0,73249.53701879506,1,,Greece,Sovereign,0,0.12923076923076923,1,1,Ionian Is.,Protectorate of,0,0.09363636363636364
3349-365,365,3349,20.214428612011204,68580.32231372394,0.05,0.95,0.19,bridge,68580.32231372394,1,1,Russia (USSR),Sovereign,2,0.4061538461538461,1,1,Ionian Is.,Protectorate of,0,0.09363636363636364
327-3349,327,3349,21.534092066430944,38228.4565979747,1,0,0,0,38228.4565979747,1,1,Papal States,Sovereign,0,0.15272727272727274,1,1,Ionian Is.,Protectorate of,0,0.09363636363636364
329-3349,329,3349,19.815310171671488,36506.56054218054,1,0,0,0,36506.56054218054,1,,Two Sicilies,Sovereign,0,0.060000000000000005,1,1,Ionian Is.,Protectorate of,0,0.09363636363636364
3349-338,338,3349,23.042456795705323,33965.08924701525,1,0,0,0,33965.08924701525,1,1,Malta,Colony of,0,0.10500000000000001,1,1,Ionian Is.,Protectorate of,0,0.09363636363636364
3349-337,337,3349,21.663561783544253,7900.2324756688595|76743,1,0,0,0,76743,1,,Tuscany,Sovereign,0,0.13954545454545456,1,1,Ionian Is.,Protectorate of,0,0.09363636363636364
220-3349,220,3349,16.16952698050869,4885.929311635604,0,1,0,bridge,4885.929311635604,1,1,France,Sovereign,1,0.16596153846153847,1,1,Ionian Is.,Protectorate of,0,0.09363636363636364
300-327,300,327,21.703808312038483,445265.77091295953|138192.9942078096,1,0,0,0,445265.77091295953,1,,Austria-Hungary (Austrian Empire),Sovereign,0,0.08904761904761906,1,1,Papal States,Sovereign,0,0.15272727272727274
220-327,220,327,19.795823850596154,157051.10524449346|234223,0,1,0,bridge,234223,1,1,France,Sovereign,1,0.16596153846153847,1,1,Papal States,Sovereign,0,0.15272727272727274
200-327,200,327,18.191721788452497,165274.4394972221,0.7,0.30000000000000004,0.8400000000000001,0,165274.4394972221,1,1,United Kingdom,Sovereign,0,0.5142424242424243,1,1,Papal States,Sovereign,0,0.15272727272727274
327-337,337,327,21.127595214767886,55896.60743134087|98900.66590488199,1,0,0,0,98900.66590488199,1,,Tuscany,Sovereign,0,0.13954545454545456,1,1,Papal States,Sovereign,0,0.15272727272727274
327-329,329,327,19.8224600877218,61015.01241183656,1,0,0,0,61015.01241183656,1,,Two Sicilies,Sovereign,0,0.060000000000000005,1,1,Papal States,Sovereign,0,0.15272727272727274
327-350,350,327,20.182622207341893,8893.17940029158|2978.8407738681585,1,0,0,0,8893.17940029158,1,,Greece,Sovereign,0,0.12923076923076923,1,1,Papal States,Sovereign,0,0.15272727272727274
230-327,230,327,16.866992145425698,2348.3982820442097,0,1,0,bridge,2348.3982820442097,1,,Spain,Sovereign,1,0.3503703703703704,1,1,Papal States,Sovereign,0,0.15272727272727274
220-324,220,324,20.47613370552519,1055534.1029985421|2273533.2361401157,0.1,0.9,0.36000000000000004,bridge,2273533.2361401157,1,1,France,Sovereign,1,0.16596153846153847,1,1,Kingdom of Sardinia,Sovereign,1,0.5291666666666667
324-329,329,324,20.96611930832172,738106.3083651838,0.7,0.30000000000000004,0.8400000000000001,0,738106.3083651838,1,,Two Sicilies,Sovereign,0,0.060000000000000005,1,1,Kingdom of Sardinia,Sovereign,1,0.5291666666666667
300-324,300,324,20.4218498888286,476287.4817762717|38216.635801253,0.7,0.30000000000000004,0.8400000000000001,0,476287.4817762717,1,,Austria-Hungary (Austrian Empire),Sovereign,0,0.08904761904761906,1,1,Kingdom of Sardinia,Sovereign,1,0.5291666666666667
324-337,337,324,20.844661797937018,311052.44493478857|240356.2000078805,0.7,0.30000000000000004,0.8400000000000001,0,311052.44493478857,1,,Tuscany,Sovereign,0,0.13954545454545456,1,1,Kingdom of Sardinia,Sovereign,1,0.5291666666666667
140-324,140,324,19.53050440617566,330682.8480239568|67378.54131368455,0.15,0.85,0.51,bridge,330682.8480239568,1,,Brazil,Sovereign,3,0.5885,1,1,Kingdom of Sardinia,Sovereign,1,0.5291666666666667
324-365,365,324,19.86996417537736,310855.4316560936,0.05,0.95,0.19,bridge,310855.4316560936,1,1,Russia (USSR),Sovereign,2,0.4061538461538461,1,1,Kingdom of Sardinia,Sovereign,1,0.5291666666666667
230-324,230,324,19.33900313072044,107238.26785925371|1615.508885298869,0.2,0.8,0.6400000000000001,bridge,107238.26785925371,1,,Spain,Sovereign,1,0.3503703703703704,1,1,Kingdom of Sardinia,Sovereign,1,0.5291666666666667
324-335,335,324,22.39203205873019,7703.219196973876,1,0,0,1,7703.219196973876,1,,Parma,Sovereign (unrecognized),1,0,1,1,Kingdom of Sardinia,Sovereign,1,0.5291666666666667
324-327,327,324,20.26259707448501,64167.2248709563|87450.25414712951,0.7,0.30000000000000004,0.8400000000000001,0,87450.25414712951,1,1,Papal States,Sovereign,0,0.15272727272727274,1,1,Kingdom of Sardinia,Sovereign,1,0.5291666666666667
225-324,225,324,19.850288668237145,83376.01954371724,1,0,0,1,83376.01954371724,1,,Switzerland,Sovereign,1,0.42750000000000005,1,1,Kingdom of Sardinia,Sovereign,1,0.5291666666666667
324-640,640,324,18.611373112025767,76456.9131959494|10721.550123225898,0.7,0.30000000000000004,0.8400000000000001,0,76456.9131959494,1,,Turkey (Ottoman Empire),Sovereign,0,0.11736842105263158,1,1,Kingdom of Sardinia,Sovereign,1,0.5291666666666667
235-324,235,324,19.454727964978332,45474.60498837622|42550.927932542654,0,1,0,bridge,45474.60498837622,1,,Portugal,Sovereign,3,0.14789473684210525,1,1,Kingdom of Sardinia,Sovereign,1,0.5291666666666667
135-324,135,324,21.232811871594144,24067.14212537925,0.1,0.9,0.36000000000000004,bridge,24067.14212537925,1,,Peru,Sovereign (unrecognized),1,0.36,1,1,Kingdom of Sardinia,Sovereign,1,0.5291666666666667
210-324,210,324,17.96575509095899,40572.91461444501|20446.038062965443,0,1,0,bridge,40572.91461444501,1,1,Netherlands,Sovereign,3,0.5194117647058824,1,1,Kingdom of Sardinia,Sovereign,1,0.5291666666666667
324-390,390,324,19.126239830128885,35962.80389298238,0,1,0,bridge,35962.80389298238,1,,Denmark,Sovereign,3,0.25545454545454543,1,1,Kingdom of Sardinia,Sovereign,1,0.5291666666666667
2-324,2,324,17.35048195723147,49438.51215571929,0.2,0.8,0.6400000000000001,bridge,49438.51215571929,1,1,United States of America,Sovereign,1,0.3794117647058824,1,1,Kingdom of Sardinia,Sovereign,1,0.5291666666666667
324-70,70,324,18.737865672922226,34603.412269987,0.2,0.8,0.6400000000000001,bridge,34603.412269987,1,,Mexico,Sovereign,1,0.43500000000000005,1,1,Kingdom of Sardinia,Sovereign,1,0.5291666666666667
160-324,160,324,19.049373243264572,20950.392056424604,0.3,0.7,0.84,bridge,20950.392056424604,1,1,Argentina (La Plata),Sovereign,1,0.59,1,1,Kingdom of Sardinia,Sovereign,1,0.5291666666666667
220-615,220,615,20.97342912770672,450805.7843098625|74865.04590409393,0,1,0,bridge,450805.7843098625,1,1,France,Sovereign,1,0.16596153846153847,1,1,Algeria (Regency of Algiers),Colony of,0,0
200-338,200,338,19.901149751476773,158907,0.7,0.30000000000000004,0.8400000000000001,0,158907,1,1,United Kingdom,Sovereign,0,0.5142424242424243,1,1,Malta,Colony of,0,0.10500000000000001
200-31,200,31,19.564734223076343,71293,0.5,0.5,1,bridge,71293,1,1,United Kingdom,Sovereign,0,0.5142424242424243,1,1,Bahamas,Colony of,1,0.875
2-31,2,31,20.618163043564717,36792,0.75,0.25,0.75,1,36792,1,1,United States of America,Sovereign,1,0.3794117647058824,1,1,Bahamas,Colony of,1,0.875
200-220,200,220,17.27734693659401,1390913.7475865872,0,1,0,bridge,1390913.7475865872,1,1,United Kingdom,Sovereign,0,0.5142424242424243,1,1,France,Sovereign,1,0.16596153846153847
220-300,300,220,17.884300042341724,177311.95082548563|266468.33996611374,0,1,0,bridge,266468.33996611374,1,,Austria-Hungary (Austrian Empire),Sovereign,0,0.08904761904761906,1,1,France,Sovereign,1,0.16596153846153847
211-220,211,220,20.420576649785918,3010362.898459356|1338391.2683714882,0,1,0,bridge,3010362.898459356,1,1,Belgium,Sovereign,3,0.19606060606060607,1,1,France,Sovereign,1,0.16596153846153847
220-585,585,220,20.695410613485965,531935.8524764569,1,0,0,1,531935.8524764569,1,,Reunion (Bourbon I.),Colony of,1,0,1,1,France,Sovereign,1,0.16596153846153847
140-220,140,220,18.640445303135476,228535.40328618148|338035.3835848536,0,1,0,bridge,338035.3835848536,1,,Brazil,Sovereign,3,0.5885,1,1,France,Sovereign,1,0.16596153846153847
155-220,155,220,19.824226554837914,122148.2327908901,0.9,0.09999999999999998,0.35999999999999993,1,122148.2327908901,1,,Chile,Sovereign,1,0.45,1,1,France,Sovereign,1,0.16596153846153847
220-390,390,220,18.355322038664347,90626.10819969265,0,1,0,bridge,90626.10819969265,1,,Denmark,Sovereign,3,0.25545454545454543,1,1,France,Sovereign,1,0.16596153846153847
220-329,329,220,19.285128691011533,748650.4590409393,0,1,0,bridge,748650.4590409393,1,,Two Sicilies,Sovereign,0,0.060000000000000005,1,1,France,Sovereign,1,0.16596153846153847
220-651,651,220,19.096917507518658,181252.2163993853|427144.48953859485,0,1,0,bridge,427144.48953859485,1,,Egypt Arab Republic (Egypt),Sovereign (unrecognized),0,0.15928571428571428,1,1,France,Sovereign,1,0.16596153846153847
220-230,230,220,19.98899738701421,1119035.4229875093|340135.5451357421,0.3,0.7,0.84,bridge,1119035.4229875093,1,,Spain,Sovereign,1,0.3503703703703704,1,1,France,Sovereign,1,0.16596153846153847
2-220,2,220,19.829013555887,3211316.4427282396|7648288.6326607345,0.35,0.65,0.9099999999999999,bridge,7648288.6326607345,1,1,United States of America,Sovereign,1,0.3794117647058824,1,1,France,Sovereign,1,0.16596153846153847
220-65,65,220,20.62977710639283,736829.6623192403,1,0,0,1,736829.6623192403,1,,Guadeloupe,Colony of,1,0.45499999999999996,1,1,France,Sovereign,1,0.16596153846153847
220-41,41,220,19.060144446973126,173371.68525158594|68923.12541865322,0,1,0,bridge,173371.68525158594,1,1,Haiti,Sovereign (unrecognized),3,0.37375,1,1,France,Sovereign,1,0.16596153846153847
210-220,210,220,18.158235260098134,267938.05902517826|524346.9009811261,0,1,0,bridge,524346.9009811261,1,1,Netherlands,Sovereign,3,0.5194117647058824,1,1,France,Sovereign,1,0.16596153846153847
220-750,750,220,20.51299077810587,732889.3967453405,0,1,0,bridge,732889.3967453405,1,,India,Colony of,4,0,1,1,France,Sovereign,1,0.16596153846153847
220-751,751,220,20.696857109770054,15761.062295598722,1,0,0,1,15761.062295598722,1,,French India,Colony of,1,0,1,1,France,Sovereign,1,0.16596153846153847
220-850,850,220,17.568490607377438,133969.02951258913|29980.703125,0,1,0,bridge,133969.02951258913,1,,Indonesia (Dutch East Indies),Colony of,4,0,1,1,France,Sovereign,1,0.16596153846153847
220-66,66,220,20.62934555565514,516174.79018085817,1,0,0,1,516174.79018085817,1,,Martinique,Colony of,1,0.45499999999999996,1,1,France,Sovereign,1,0.16596153846153847
220-70,70,220,18.303973753190053,122148.2327908901,0.35,0.65,0.9099999999999999,bridge,122148.2327908901,1,,Mexico,Sovereign,1,0.43500000000000005,1,1,France,Sovereign,1,0.16596153846153847
135-220,135,220,19.114331892839083,15761.062295598722,0.1,0.9,0.36000000000000004,bridge,15761.062295598722,1,,Peru,Sovereign (unrecognized),1,0.36,1,1,France,Sovereign,1,0.16596153846153847
220-235,235,220,18.01052230631877,47283.18688679617|115154.26139721817,0,1,0,bridge,115154.26139721817,1,,Portugal,Sovereign,3,0.14789473684210525,1,1,France,Sovereign,1,0.16596153846153847
220-5,5,220,17.72697741347389,31522.124591197444,0.2,0.8,0.6400000000000001,bridge,31522.124591197444,1,,Virgin Islands (Danish West Indies),Colony of,3,0.5875,1,1,France,Sovereign,1,0.16596153846153847
220-239,239,220,18.84457926755274,634382.7573978486|326506.1665156231,0,1,0,bridge,634382.7573978486,1,,Prussia,Sovereign,3,0.14357142857142854,1,1,France,Sovereign,1,0.16596153846153847
160-220,160,220,19.554490073643244,189132.74754718467|109993.29309188464,0.25,0.75,0.75,bridge,189132.74754718467,1,1,Argentina (La Plata),Sovereign,1,0.59,1,1,France,Sovereign,1,0.16596153846153847
220-365,365,220,18.90045959567919,642263.288545648|727895.5005972658,0,1,0,bridge,727895.5005972658,1,1,Russia (USSR),Sovereign,2,0.4061538461538461,1,1,France,Sovereign,1,0.16596153846153847
1029-220,1029,220,20.696857109770054,299460.1836163757,1,0,0,1,299460.1836163757,1,,St. Pierre and Miquelon,Colony of,1,0,1,1,France,Sovereign,1,0.16596153846153847
220-433,433,220,20.696857109770054,86685.84262579297,1,0,0,1,86685.84262579297,1,,Senegal,Colony of,1,0,1,1,France,Sovereign,1,0.16596153846153847
220-225,225,220,20.360496486109696,756530.9901887387,0.1,0.9,0.36000000000000004,bridge,756530.9901887387,1,,Switzerland,Sovereign,1,0.42750000000000005,1,1,France,Sovereign,1,0.16596153846153847
200-80,200,80,19.865026029468947,278699,0.5,0.5,1,bridge,278699,1,1,United Kingdom,Sovereign,0,0.5142424242424243,1,1,Belize (British Honduras),Occupied by,1,0.875
220-652,220,652,19.277471055465135,181059.14338626422,0,1,0,bridge,181059.14338626422,1,1,France,Sovereign,1,0.16596153846153847,1,1,Syria,Occupied by,0,0.14
200-652,200,652,18.881544031929824,328807.2816107805,0.7,0.30000000000000004,0.8400000000000001,0,328807.2816107805,1,1,United Kingdom,Sovereign,0,0.5142424242424243,1,1,Syria,Occupied by,0,0.14
101-2,2,101,20.515162405430427,139658.7730013003,0.6,0.4,0.96,1,139658.7730013003,1,1,United States of America,Sovereign,1,0.3794117647058824,1,1,Venezuela,Sovereign,3,0.6022222222222222
101-200,200,101,18.069877277672653,67280.03467433705,0.1,0.9,0.36000000000000004,bridge,67280.03467433705,1,1,United Kingdom,Sovereign,0,0.5142424242424243,1,1,Venezuela,Sovereign,3,0.6022222222222222
101-210,210,101,17.60111478912255,3361.0465345364278,0.75,0.25,0.75,3,3361.0465345364278,1,1,Netherlands,Sovereign,3,0.5194117647058824,1,1,Venezuela,Sovereign,3,0.6022222222222222
101-220,220,101,17.343905247797665,12065.093187280821,0.2,0.8,0.6400000000000001,bridge,12065.093187280821,1,1,France,Sovereign,1,0.16596153846153847,1,1,Venezuela,Sovereign,3,0.6022222222222222
200-451,200,451,19.95275115951283,90276,0.5,0.5,1,bridge,90276,1,1,United Kingdom,Sovereign,0,0.5142424242424243,1,1,Sierra Leone,Colony of,1,0.875
2-451,2,451,18.10989857102114,2573,0.75,0.25,0.75,1,2573,1,1,United States of America,Sovereign,1,0.3794117647058824,1,1,Sierra Leone,Colony of,1,0.875
200-600,200,600,19.666099910739703,362047.75601875567,0.8,0.19999999999999996,0.6399999999999999,0,362047.75601875567,1,1,United Kingdom,Sovereign,0,0.5142424242424243,1,1,Morocco,Sovereign (unrecognized),0,0.33749999999999997
220-600,220,600,19.57702352630862,122746.91674218842,0,1,0,bridge,122746.91674218842,1,1,France,Sovereign,1,0.16596153846153847,1,1,Morocco,Sovereign (unrecognized),0,0.33749999999999997
230-600,230,600,18.172069685708376,4343.157728830923,0.05,0.95,0.19,bridge,4343.157728830923,1,,Spain,Sovereign,1,0.3503703703703704,1,1,Morocco,Sovereign (unrecognized),0,0.33749999999999997
235-600,235,600,18.83304070639978,3177.0361322353124,0,1,0,bridge,3177.0361322353124,1,,Portugal,Sovereign,3,0.14789473684210525,1,1,Morocco,Sovereign (unrecognized),0,0.33749999999999997
337-600,337,600,16.97602086440887,845.1869656014815,0.9,0.09999999999999998,0.35999999999999993,0,845.1869656014815,1,,Tuscany,Sovereign,0,0.13954545454545456,1,1,Morocco,Sovereign (unrecognized),0,0.33749999999999997
211-615,615,211,17.93180104436526,2475.0778202450842,0,1,0,bridge,2475.0778202450842,1,1,Algeria (Regency of Algiers),Colony of,0,0,1,1,Belgium,Sovereign,3,0.19606060606060607
200-211,200,211,18.665617865016884,1974528.7836400173,0,1,0,bridge,1974528.7836400173,1,1,United Kingdom,Sovereign,0,0.5142424242424243,1,1,Belgium,Sovereign,3,0.19606060606060607
211-300,300,211,16.923460632623307,27796.367075140864,0,1,0,bridge,27796.367075140864,1,,Austria-Hungary (Austrian Empire),Sovereign,0,0.08904761904761906,1,1,Belgium,Sovereign,3,0.19606060606060607
140-211,140,211,18.40851262206868,193634.30395208637|67536.15193664053,0.55,0.44999999999999996,0.99,3,193634.30395208637,1,,Brazil,Sovereign,3,0.5885,1,1,Belgium,Sovereign,3,0.19606060606060607
155-211,155,211,15.656184381254686,669.8451475629457,0,1,0,bridge,669.8451475629457,1,,Chile,Sovereign,1,0.45,1,1,Belgium,Sovereign,3,0.19606060606060607
211-390,390,211,19.22323691732507,76459.04093935931,1,0,0,3,76459.04093935931,1,,Denmark,Sovereign,3,0.25545454545454543,1,1,Belgium,Sovereign,3,0.19606060606060607
211-329,329,211,17.470579112014633,43199.141022104886,0,1,0,bridge,43199.141022104886,1,,Two Sicilies,Sovereign,0,0.060000000000000005,1,1,Belgium,Sovereign,3,0.19606060606060607
211-651,651,211,16.730642807794105,6044.36739036211|8284.188742430239,0,1,0,bridge,8284.188742430239,1,,Egypt Arab Republic (Egypt),Sovereign (unrecognized),0,0.15928571428571428,1,1,Belgium,Sovereign,3,0.19606060606060607
211-230,230,211,18.493296534177684,88820.67851373182,0.05,0.95,0.19,bridge,88820.67851373182,1,,Spain,Sovereign,1,0.3503703703703704,1,1,Belgium,Sovereign,3,0.19606060606060607
211-41,41,211,19.75769842297818,153410.1422435872,0.75,0.25,0.75,3,153410.1422435872,1,1,Haiti,Sovereign (unrecognized),3,0.37375,1,1,Belgium,Sovereign,3,0.19606060606060607
211-280,280,211,21.076134712709024,2000.7880531147798,1,0,0,3,2000.7880531147798,1,,Mecklenburg Schwerin,Sovereign (limited),3,0,1,1,Belgium,Sovereign,3,0.19606060606060607
210-211,210,211,20.513721865012453,1000585.2870483471|165136.53020213562,0.65,0.35,0.9099999999999999,3,1000585.2870483471,1,1,Netherlands,Sovereign,3,0.5194117647058824,1,1,Belgium,Sovereign,3,0.19606060606060607
211-840,840,211,19.150018724508165,39800.5437566492,0,1,0,bridge,39800.5437566492,1,1,Philippines,Colony of,4,0.019999999999999997,1,1,Belgium,Sovereign,3,0.19606060606060607
211-235,235,211,18.358950748362627,29331.139918830526,1,0,0,3,29331.139918830526,1,,Portugal,Sovereign,3,0.14789473684210525,1,1,Belgium,Sovereign,3,0.19606060606060607
211-239,239,211,20.122674588011957,911016.4309074432|295299.26317033765,1,0,0,3,911016.4309074432,1,,Prussia,Sovereign,3,0.14357142857142854,1,1,Belgium,Sovereign,3,0.19606060606060607
160-211,160,211,16.7411701237264,4019.780133180976,0.05,0.95,0.19,bridge,4019.780133180976,1,1,Argentina (La Plata),Sovereign,1,0.59,1,1,Belgium,Sovereign,3,0.19606060606060607
211-365,365,211,18.96894301428323,243612.71129674139|54188.66556178402,0.65,0.35,0.9099999999999999,2,243612.71129674139,1,1,Russia (USSR),Sovereign,2,0.4061538461538461,1,1,Belgium,Sovereign,3,0.19606060606060607
239-365,239,365,20.995991199479146,313952.43994160066|689940.5019898341,0.65,0.35,0.9099999999999999,3,689940.5019898341,1,,Prussia,Sovereign,3,0.14357142857142854,1,1,Russia (USSR),Sovereign,2,0.4061538461538461
365-390,390,365,18.62393015966696,49614.87413175242,0.65,0.35,0.9099999999999999,3,49614.87413175242,1,,Denmark,Sovereign,3,0.25545454545454543,1,1,Russia (USSR),Sovereign,2,0.4061538461538461
200-365,200,365,19.07157346845934,3501276.511967438,0,1,0,bridge,3501276.511967438,1,1,United Kingdom,Sovereign,0,0.5142424242424243,1,1,Russia (USSR),Sovereign,2,0.4061538461538461
300-365,300,365,19.643810243318228,498746.0956510197|286890.7364356358,0.05,0.95,0.19,bridge,498746.0956510197,1,,Austria-Hungary (Austrian Empire),Sovereign,0,0.08904761904761906,1,1,Russia (USSR),Sovereign,2,0.4061538461538461
2901-365,2901,365,21.56791689990161,109396.1421050303,1,0,0,2,109396.1421050303,1,,Congress Poland,Dependency of,2,0,1,1,Russia (USSR),Sovereign,2,0.4061538461538461
365-630,630,365,20.845865504294135,371020.3512808034,0.95,0.050000000000000044,0.19000000000000017,2,371020.3512808034,1,,Iran (Persia),Sovereign (unrecognized),2,0.27500000000000013,1,1,Russia (USSR),Sovereign,2,0.4061538461538461
365-7030,7030,365,21.56791689990161,42840.99455824448,1,0,0,2,42840.99455824448,1,,Khiva,Sovereign (unrecognized),2,0,1,1,Russia (USSR),Sovereign,2,0.4061538461538461
365-7020,7020,365,21.56791689990161,122504.18086094766,1,0,0,2,122504.18086094766,1,,Bokhara,Sovereign (unrecognized),2,0,1,1,Russia (USSR),Sovereign,2,0.4061538461538461
365-7010,7010,365,21.56791689990161,3994.11582533292,1,0,0,2,3994.11582533292,1,,Kokand,Sovereign (unrecognized),2,0,1,1,Russia (USSR),Sovereign,2,0.4061538461538461
365-710,710,365,19.75776341974939,393230.7215856302,0,1,0,bridge,393230.7215856302,1,,People's Republic of China (China),Sovereign (unrecognized),4,0,1,1,Russia (USSR),Sovereign,2,0.4061538461538461
160-200,200,160,19.52446942807781,672061.3536290205,0.25,0.75,0.75,bridge,672061.3536290205,1,1,United Kingdom,Sovereign,0,0.5142424242424243,1,1,Argentina (La Plata),Sovereign,1,0.59
140-160,140,160,19.834046296664223,124634.76511241362|18125.221639938532,0.5,0.5,1,bridge,124634.76511241362,1,,Brazil,Sovereign,3,0.5885,1,1,Argentina (La Plata),Sovereign,1,0.59
160-230,230,160,20.769966679755843,72452.10392791532|61795.18499546869,0.9,0.09999999999999998,0.35999999999999993,1,72452.10392791532,1,,Spain,Sovereign,1,0.3503703703703704,1,1,Argentina (La Plata),Sovereign,1,0.59
160-165,165,160,23.671346120288085,37625.75452716298|50786.082981992986,1,0,0,1,50786.082981992986,1,,Uruguay,Sovereign,1,0.5918181818181819,1,1,Argentina (La Plata),Sovereign,1,0.59
200-41,200,41,18.822295757105326,146601.52094251153,0.05,0.95,0.19,bridge,146601.52094251153,1,1,United Kingdom,Sovereign,0,0.5142424242424243,1,1,Haiti,Sovereign (unrecognized),3,0.37375
710-840,710,840,22.244774879465375,268647.3068284802,1,0,0,4,268647.3068284802,1,,People's Republic of China (China),Sovereign (unrecognized),4,0,1,1,Philippines,Colony of,4,0.019999999999999997
200-840,200,840,17.655064951917964,48248.55195240159,0,1,0,bridge,48248.55195240159,1,1,United Kingdom,Sovereign,0,0.5142424242424243,1,1,Philippines,Colony of,4,0.019999999999999997
840-850,850,840,13.050173921163381,39.402655738996806,1,0,0,4,39.402655738996806,1,,Indonesia (Dutch East Indies),Colony of,4,0,1,1,Philippines,Colony of,4,0.019999999999999997
4-840,4,840,24.435925482756605,39.402655738996806,1,0,0,4,39.402655738996806,1,,Hawaii (Sandwich Is.),Sovereign (limited),4,0,1,1,Philippines,Colony of,4,0.019999999999999997
135-840,135,840,21.562416088073125,4334.292131289649,0.9,0.09999999999999998,0.35999999999999993,1,4334.292131289649,1,,Peru,Sovereign (unrecognized),1,0.36,1,1,Philippines,Colony of,4,0.019999999999999997
840-902,902,840,23.045722383201593,531.935852476457,1,0,0,4,531.935852476457,1,,Western Australia,Colony of,4,0,1,1,Philippines,Colony of,4,0.019999999999999997
140-840,140,840,15.717369701008781,945.6637377359234,0,1,0,bridge,945.6637377359234,1,,Brazil,Sovereign,3,0.5885,1,1,Philippines,Colony of,4,0.019999999999999997
220-840,220,840,15.03385945627371,1300.2876393868946,0,1,0,bridge,1300.2876393868946,1,1,France,Sovereign,1,0.16596153846153847,1,1,Philippines,Colony of,4,0.019999999999999997
235-840,235,840,16.698837036628124,374.3252295204697,0,1,0,bridge,374.3252295204697,1,,Portugal,Sovereign,3,0.14789473684210525,1,1,Philippines,Colony of,4,0.019999999999999997
200-210,200,210,18.715698142862074,3167457.3466251623,0.05,0.95,0.19,bridge,3167457.3466251623,1,1,United Kingdom,Sovereign,0,0.5142424242424243,1,1,Netherlands,Sovereign,3,0.5194117647058824
210-365,365,210,18.94886759131995,345494.3063162457|247232.2962574435,0.35,0.65,0.9099999999999999,bridge,345494.3063162457,1,1,Russia (USSR),Sovereign,2,0.4061538461538461,1,1,Netherlands,Sovereign,3,0.5194117647058824
210-329,329,210,17.97097715866835,108715.8674494661,0,1,0,bridge,108715.8674494661,1,,Two Sicilies,Sovereign,0,0.060000000000000005,1,1,Netherlands,Sovereign,3,0.5194117647058824
210-337,337,210,17.058376422604614,20769.13984002522,0,1,0,bridge,20769.13984002522,1,,Tuscany,Sovereign,0,0.13954545454545456,1,1,Netherlands,Sovereign,3,0.5194117647058824
210-41,41,210,16.96803956257536,14381.969344733834,0.9,0.09999999999999998,0.35999999999999993,3,14381.969344733834,1,1,Haiti,Sovereign (unrecognized),3,0.37375,1,1,Netherlands,Sovereign,3,0.5194117647058824
210-840,840,210,20.63207812100874,267323.3775956499,0,1,0,bridge,267323.3775956499,1,1,Philippines,Colony of,4,0.019999999999999997,1,1,Netherlands,Sovereign,3,0.5194117647058824
210-240,240,210,18.523878097149034,229528.3502108042,0.65,0.35,0.9099999999999999,3,229528.3502108042,1,,Hanover,Sovereign (unrecognized),3,0.22749999999999998,1,1,Netherlands,Sovereign,3,0.5194117647058824
210-239,239,210,19.87311391283128,178332.47960912564|196705.93798021987,0.65,0.35,0.9099999999999999,3,196705.93798021987,1,,Prussia,Sovereign,3,0.14357142857142854,1,1,Netherlands,Sovereign,3,0.5194117647058824
140-210,140,210,19.11159078129048,210024.03562000077|116631.86098743054,0.85,0.15000000000000002,0.51,3,210024.03562000077,1,,Brazil,Sovereign,3,0.5885,1,1,Netherlands,Sovereign,3,0.5194117647058824
160-210,160,210,18.256369519633346,27908.90105993144,0.35,0.65,0.9099999999999999,bridge,27908.90105993144,1,1,Argentina (La Plata),Sovereign,1,0.59,1,1,Netherlands,Sovereign,3,0.5194117647058824
210-235,235,210,19.04687515817742,73710.54809094133|69920.01260884984,0.65,0.35,0.9099999999999999,3,73710.54809094133,1,,Portugal,Sovereign,3,0.14789473684210525,1,1,Netherlands,Sovereign,3,0.5194117647058824
210-710,710,210,18.4327706892591,134973.79723393355,0,1,0,bridge,134973.79723393355,1,,People's Republic of China (China),Sovereign (unrecognized),4,0,1,1,Netherlands,Sovereign,3,0.5194117647058824
210-640,640,210,17.666599451351573,87509.35813073801|7246.148390401513,0,1,0,bridge,87509.35813073801,1,,Turkey (Ottoman Empire),Sovereign,0,0.11736842105263158,1,1,Netherlands,Sovereign,3,0.5194117647058824
210-390,390,210,18.094888330236376,37747.74419795894,0.65,0.35,0.9099999999999999,3,37747.74419795894,1,,Denmark,Sovereign,3,0.25545454545454543,1,1,Netherlands,Sovereign,3,0.5194117647058824
210-300,300,210,17.984509783653152,60116.63186098743|63446.15627093266,0,1,0,bridge,63446.15627093266,1,,Austria-Hungary (Austrian Empire),Sovereign,0,0.08904761904761906,1,1,Netherlands,Sovereign,3,0.5194117647058824
210-230,230,210,17.211737744608392,37621.65569959415|1260.8849836478978,0.4,0.6,0.96,bridge,37621.65569959415,1,,Spain,Sovereign,1,0.3503703703703704,1,1,Netherlands,Sovereign,3,0.5194117647058824
210-850,850,210,21.82771292680366,2956881.6738248155|456917.421875,0,1,0,bridge,2956881.6738248155,1,,Indonesia (Dutch East Indies),Colony of,4,0,1,1,Netherlands,Sovereign,3,0.5194117647058824
210-68,68,210,21.105968947278917,631242.3657354505,0.75,0.25,0.75,3,631242.3657354505,1,,Netherlands Antilles,Colony of,3,0.655,1,1,Netherlands,Sovereign,3,0.5194117647058824
1064-2,1064,2,20.12023452020726,11783.84927100305,1,0,0,1,11783.84927100305,,,St. Barthelemy,Colony of,1,0,1,1,United States of America,Sovereign,1,0.3794117647058824
2-230,230,2,18.688832276015486,542766.8463048837|81890.53942235708,0.95,0.050000000000000044,0.19000000000000017,1,542766.8463048837,1,,Spain,Sovereign,1,0.3503703703703704,1,1,United States of America,Sovereign,1,0.3794117647058824
2-329,329,2,16.988974881082747,134120.81714500565,0,1,0,bridge,134120.81714500565,1,,Two Sicilies,Sovereign,0,0.060000000000000005,1,1,United States of America,Sovereign,1,0.3794117647058824
2-300,300,2,19.04785009935124,213079.95989472367|414235.24697897525,0,1,0,bridge,414235.24697897525,1,,Austria-Hungary (Austrian Empire),Sovereign,0,0.08904761904761906,1,1,United States of America,Sovereign,1,0.3794117647058824
120-220,120,220,20.687667412100147,78805.31147799361,1,0,0,1,78805.31147799361,1,,French Guiana,Colony of,1,0.45499999999999996,1,1,France,Sovereign,1,0.16596153846153847
337-652,337,652,21.714678772476216,192233.73655384372,1,0,0,0,192233.73655384372,1,,Tuscany,Sovereign,0,0.13954545454545456,1,1,Syria,Occupied by,0,0.14
300-652,300,652,19.25119015660588,38248.1579258442,1,0,0,0,38248.1579258442,1,,Austria-Hungary (Austrian Empire),Sovereign,0,0.08904761904761906,1,1,Syria,Occupied by,0,0.14
101-5,5,101,23.205587985056486,165325.6629496828,1,0,0,3,165325.6629496828,1,,Virgin Islands (Danish West Indies),Colony of,3,0.5875,1,1,Venezuela,Sovereign,3,0.6022222222222222
101-68,68,101,20.909441174389393,21013.436305606996,1,0,0,3,21013.436305606996,1,,Netherlands Antilles,Colony of,3,0.655,1,1,Venezuela,Sovereign,3,0.6022222222222222
324-600,324,600,16.338856629814774,866.8584262579298,0.6,0.4,0.96,1,866.8584262579298,1,1,Kingdom of Sardinia,Sovereign,1,0.5291666666666667,1,1,Morocco,Sovereign (unrecognized),0,0.33749999999999997
600-651,651,600,18.296357604559592,1950.431459080342,0.9,0.09999999999999998,0.35999999999999993,0,1950.431459080342,1,,Egypt Arab Republic (Egypt),Sovereign (unrecognized),0,0.15928571428571428,1,1,Morocco,Sovereign (unrecognized),0,0.33749999999999997
211-850,850,211,17.832071319681457,70045.11604082114,0,1,0,bridge,70045.11604082114,1,,Indonesia (Dutch East Indies),Colony of,4,0,1,1,Belgium,Sovereign,3,0.19606060606060607
211-324,324,211,15.99583627805581,9123.842546987666,0,1,0,bridge,9123.842546987666,1,1,Kingdom of Sardinia,Sovereign,1,0.5291666666666667,1,1,Belgium,Sovereign,3,0.19606060606060607
211-640,640,211,17.328338976165913,10570.392844477718|9968.871901966191,0,1,0,bridge,10570.392844477718,1,,Turkey (Ottoman Empire),Sovereign,0,0.11736842105263158,1,1,Belgium,Sovereign,3,0.19606060606060607
365-640,640,365,19.944566721867155,661186.6123965845|66129.47712675834,0.05,0.95,0.19,bridge,661186.6123965845,1,,Turkey (Ottoman Empire),Sovereign,0,0.11736842105263158,1,1,Russia (USSR),Sovereign,2,0.4061538461538461
750-840,750,840,22.371468468197026,111765.63300366445,1,0,0,4,111765.63300366445,1,,India,Colony of,4,0,1,1,Philippines,Colony of,4,0.019999999999999997
230-840,230,840,20.70260253439065,34871.35032901217|51432.28653611253,0,1,0,bridge,51432.28653611253,1,,Spain,Sovereign,1,0.3503703703703704,1,1,Philippines,Colony of,4,0.019999999999999997
210-5,5,210,18.48125234163364,36218.92115528586,0.75,0.25,0.75,3,36218.92115528586,1,,Virgin Islands (Danish West Indies),Colony of,3,0.5875,1,1,Netherlands,Sovereign,3,0.5194117647058824
110-210,110,210,20.354538500794238,11970.52681350723,0.4,0.6,0.96,bridge,11970.52681350723,1,,Guyana (British Guiana),Colony of,3,0.5750000000000001,1,1,Netherlands,Sovereign,3,0.5194117647058824
246-248,246,248,18.878498990712107,167761.29087052422,0.75,0.25,0.75,3,167761.29087052422,1,1,Bremen,Sovereign (unrecognized),3,0.5053333333333333,1,1,Hamburg,Sovereign (unrecognized),3,0.2596
248-276,276,248,19.103225945946257,330.43851203617686,0.7,0.30000000000000004,0.8400000000000001,3,330.43851203617686,1,,Lübeck,Sovereign (limited),3,0.5621428571428572,1,1,Hamburg,Sovereign (unrecognized),3,0.2596
220-89,89,220,19.78897477233154,27581.859017297764,1,0,0,1,27581.859017297764,1,,United States of Central America,Sovereign (unrecognized),1,0.45499999999999996,1,1,France,Sovereign,1,0.16596153846153847
220-385,385,220,19.908082279018426,583159.3049371528,0,1,0,bridge,583159.3049371528,1,,Norway,Sovereign (limited),3,0.20099999999999998,1,1,France,Sovereign,1,0.16596153846153847
220-350,350,220,19.1533071547034,104561.19376592322|9456.637377359233,0,1,0,bridge,104561.19376592322,1,,Greece,Sovereign,0,0.12923076923076923,1,1,France,Sovereign,1,0.16596153846153847
220-640,640,220,18.570417219726462,399792.79969323584|115418.25919066943,0,1,0,bridge,399792.79969323584,1,,Turkey (Ottoman Empire),Sovereign,0,0.11736842105263158,1,1,France,Sovereign,1,0.16596153846153847
365-385,385,365,18.141235930956896,41702.21615989305,0.65,0.35,0.9099999999999999,3,41702.21615989305,1,,Norway,Sovereign (limited),3,0.20099999999999998,1,1,Russia (USSR),Sovereign,2,0.4061538461538461
230-365,230,365,18.025755861777604,40667.95266545682|25950.5890697033,0,1,0,bridge,40667.95266545682,1,,Spain,Sovereign,1,0.3503703703703704,1,1,Russia (USSR),Sovereign,2,0.4061538461538461
235-365,235,365,20.220116092541875,147697.2200992204|257910.0831396036,0.65,0.35,0.9099999999999999,3,257910.0831396036,1,,Portugal,Sovereign,3,0.14789473684210525,1,1,Russia (USSR),Sovereign,2,0.4061538461538461
210-385,385,210,18.55689067648925,81604.62053651732,0.65,0.35,0.9099999999999999,3,81604.62053651732,1,,Norway,Sovereign (limited),3,0.20099999999999998,1,1,Netherlands,Sovereign,3,0.5194117647058824
200-300,200,300,17.808673271214975,666609.0624960252,0.7,0.30000000000000004,0.8400000000000001,0,666609.0624960252,1,1,United Kingdom,Sovereign,0,0.5142424242424243,1,,Austria-Hungary (Austrian Empire),Sovereign,0,0.08904761904761906
235-300,235,300,19.771455904317968,95795.73663264903|20461.79912526104,0,1,0,bridge,95795.73663264903,1,,Portugal,Sovereign,3,0.14789473684210525,1,,Austria-Hungary (Austrian Empire),Sovereign,0,0.08904761904761906
300-329,329,300,20.606141578182065,790326.6480160762,1,0,0,0,790326.6480160762,1,,Two Sicilies,Sovereign,0,0.060000000000000005,1,,Austria-Hungary (Austrian Empire),Sovereign,0,0.08904761904761906
300-350,350,300,21.048529526185163,156791.0477166161|41944.1270341621,1,0,0,0,156791.0477166161,1,,Greece,Sovereign,0,0.12923076923076923,1,,Austria-Hungary (Austrian Empire),Sovereign,0,0.08904761904761906
300-640,640,300,20.726885290147408,973186.4927696126|209791.55995114072,1,0,0,0,973186.4927696126,1,,Turkey (Ottoman Empire),Sovereign,0,0.11736842105263158,1,,Austria-Hungary (Austrian Empire),Sovereign,0,0.08904761904761906
140-300,140,300,20.403674440046462,1215202.477123629|249024.78427045982,0,1,0,bridge,1215202.477123629,1,,Brazil,Sovereign,3,0.5885,1,,Austria-Hungary (Austrian Empire),Sovereign,0,0.08904761904761906
165-2,2,165,18.92614435299626,40324.67788328933,0.85,0.15000000000000002,0.51,1,40324.67788328933,1,1,United States of America,Sovereign,1,0.3794117647058824,1,,Uruguay,Sovereign,1,0.5918181818181819
100-165,100,165,19.806186831408194,4562.82753457583,0.9,0.09999999999999998,0.35999999999999993,1,4562.82753457583,1,,Colombia (New Granada) (Gran Colombia),Sovereign,1,0.275,1,,Uruguay,Sovereign,1,0.5918181818181819
140-165,140,165,20.3942496397441,132353.52062729027,0.5,0.5,1,bridge,132353.52062729027,1,,Brazil,Sovereign,3,0.5885,1,,Uruguay,Sovereign,1,0.5918181818181819
165-200,200,165,18.89319723889275,216797.35214153433,0.25,0.75,0.75,bridge,216797.35214153433,1,1,United Kingdom,Sovereign,0,0.5142424242424243,1,,Uruguay,Sovereign,1,0.5918181818181819
165-220,220,165,19.18765106122797,107860.82981992986,0.25,0.75,0.75,bridge,107860.82981992986,1,1,France,Sovereign,1,0.16596153846153847,1,,Uruguay,Sovereign,1,0.5918181818181819
165-230,230,165,20.498998626987166,57720.950392056424,0.9,0.09999999999999998,0.35999999999999993,1,57720.950392056424,1,,Spain,Sovereign,1,0.3503703703703704,1,,Uruguay,Sovereign,1,0.5918181818181819
165-324,324,165,19.16130240195935,18909.334489144567,0.3,0.7,0.84,bridge,18909.334489144567,1,1,Kingdom of Sardinia,Sovereign,1,0.5291666666666667,1,,Uruguay,Sovereign,1,0.5918181818181819
200-239,200,239,18.574634932246422,672552.1100122149,0,1,0,bridge,672552.1100122149,1,1,United Kingdom,Sovereign,0,0.5142424242424243,1,,Prussia,Sovereign,3,0.14357142857142854
239-390,390,239,20.945325934669576,159624.09866424996,1,0,0,3,159624.09866424996,1,,Denmark,Sovereign,3,0.25545454545454543,1,,Prussia,Sovereign,3,0.14357142857142854
140-200,200,140,18.97809920342171,1278419.1654517513,0.05,0.95,0.19,bridge,1278419.1654517513,1,1,United Kingdom,Sovereign,0,0.5142424242424243,1,,Brazil,Sovereign,3,0.5885
140-225,225,140,20.04976032170412,93029.67019977146,0.15,0.85,0.51,bridge,93029.67019977146,1,,Switzerland,Sovereign,1,0.42750000000000005,1,,Brazil,Sovereign,3,0.5885
140-230,230,140,18.678455811599076,50632.41262461089,0.45,0.55,0.9900000000000001,bridge,50632.41262461089,1,,Spain,Sovereign,1,0.3503703703703704,1,,Brazil,Sovereign,3,0.5885
140-235,235,140,21.2757352047912,256787.1074510422|575259.0724614839,0.55,0.44999999999999996,0.99,3,575259.0724614839,1,,Portugal,Sovereign,3,0.14789473684210525,1,,Brazil,Sovereign,3,0.5885
140-329,329,140,17.92366237254625,32191.969738760392,0,1,0,bridge,32191.969738760392,1,,Two Sicilies,Sovereign,0,0.060000000000000005,1,,Brazil,Sovereign,3,0.5885
140-390,390,140,19.53861350114708,49647.346231135976,0.55,0.44999999999999996,0.99,3,49647.346231135976,1,,Denmark,Sovereign,3,0.25545454545454543,1,,Brazil,Sovereign,3,0.5885
200-651,200,651,18.44824987828862,602465.1418819061,0.7,0.30000000000000004,0.8400000000000001,0,602465.1418819061,1,1,United Kingdom,Sovereign,0,0.5142424242424243,1,,Egypt Arab Republic (Egypt),Sovereign (unrecognized),0,0.15928571428571428
210-651,210,651,16.092627420528466,4561.077028482718,0,1,0,bridge,4561.077028482718,1,1,Netherlands,Sovereign,3,0.5194117647058824,1,,Egypt Arab Republic (Egypt),Sovereign (unrecognized),0,0.15928571428571428
300-651,300,651,21.413593290981048,568336.0258481421|519642.22388588986,1,0,0,0,568336.0258481421,1,,Austria-Hungary (Austrian Empire),Sovereign,0,0.08904761904761906,1,,Egypt Arab Republic (Egypt),Sovereign (unrecognized),0,0.15928571428571428
337-651,337,651,21.418908231581433,404153.03991489025|82745.5770518933,1,0,0,0,404153.03991489025,1,,Tuscany,Sovereign,0,0.13954545454545456,1,,Egypt Arab Republic (Egypt),Sovereign (unrecognized),0,0.15928571428571428
350-651,350,651,20.910511051113705,81400.96142480003,1,0,0,0,81400.96142480003,1,,Greece,Sovereign,0,0.12923076923076923,1,,Egypt Arab Republic (Egypt),Sovereign (unrecognized),0,0.15928571428571428
380-651,380,651,17.919537074836384,4610.110721462626,0,1,0,bridge,4610.110721462626,1,1,Sweden,Sovereign,3,0.21857142857142856,1,,Egypt Arab Republic (Egypt),Sovereign (unrecognized),0,0.15928571428571428
640-651,640,651,20.924847082820364,565543.3626226407|48020.01654911541,1,0,0,0,565543.3626226407,1,,Turkey (Ottoman Empire),Sovereign,0,0.11736842105263158,1,,Egypt Arab Republic (Egypt),Sovereign (unrecognized),0,0.15928571428571428
651-652,652,651,22.156071015878968,110288.03341345207|61109,1,0,0,0,110288.03341345207,1,1,Syria,Occupied by,0,0.14,1,,Egypt Arab Republic (Egypt),Sovereign (unrecognized),0,0.15928571428571428
200-350,200,350,18.818963048711908,56136.96363134875,0.7,0.30000000000000004,0.8400000000000001,0,56136.96363134875,1,1,United Kingdom,Sovereign,0,0.5142424242424243,1,,Greece,Sovereign,0,0.12923076923076923
337-350,337,350,20.10993216940602,3085.2279443634498|30340.04491902754,1,0,0,0,30340.04491902754,1,,Tuscany,Sovereign,0,0.13954545454545456,1,,Greece,Sovereign,0,0.12923076923076923
338-350,338,350,22.349772424022557,5114.464714921786,1,0,0,0,5114.464714921786,1,1,Malta,Colony of,0,0.10500000000000001,1,,Greece,Sovereign,0,0.12923076923076923
350-640,640,350,20.64214880358879,27416.367863193977|681,1,0,0,0,27416.367863193977,1,,Turkey (Ottoman Empire),Sovereign,0,0.11736842105263158,1,,Greece,Sovereign,0,0.12923076923076923
200-850,200,850,18.73318305943236,259257.421875,0,1,0,bridge,259257.421875,1,1,United Kingdom,Sovereign,0,0.5142424242424243,1,,Indonesia (Dutch East Indies),Colony of,4,0
248-850,248,850,16.445186478926253,1802.96875,0,1,0,bridge,1802.96875,1,1,Hamburg,Sovereign (unrecognized),3,0.2596,1,,Indonesia (Dutch East Indies),Colony of,4,0
380-850,380,850,18.303114197197164,2189.53125,0,1,0,bridge,2189.53125,1,1,Sweden,Sovereign,3,0.21857142857142856,1,,Indonesia (Dutch East Indies),Colony of,4,0
740-850,740,850,23.83258791709476,45268.671875,1,0,0,4,45268.671875,1,,Japan,Sovereign (unrecognized),4,0,1,,Indonesia (Dutch East Indies),Colony of,4,0
750-850,750,850,20.172851954178483,22671.875,1,0,0,4,22671.875,1,,India,Colony of,4,0,1,,Indonesia (Dutch East Indies),Colony of,4,0
800-850,800,850,23.83258791709476,6582.5,1,0,0,4,6582.5,1,,Thailand (Siam),Sovereign (unrecognized),4,0,1,,Indonesia (Dutch East Indies),Colony of,4,0
850-902,902,850,23.54620536960874,1604.140625,1,0,0,4,1604.140625,1,,Western Australia,Colony of,4,0,1,,Indonesia (Dutch East Indies),Colony of,4,0
200-235,200,235,19.08869410342057,913258.9936561724,0,1,0,bridge,913258.9936561724,1,1,United Kingdom,Sovereign,0,0.5142424242424243,1,,Portugal,Sovereign,3,0.14789473684210525
235-239,239,235,17.292688802060965,24283.85673194373,1,0,0,3,24283.85673194373,1,,Prussia,Sovereign,3,0.14357142857142854,1,,Portugal,Sovereign,3,0.14789473684210525
235-721,721,235,22.88750347034959,36388.35257496355,0,1,0,bridge,36388.35257496355,1,,Macao,Colony of,4,0,1,,Portugal,Sovereign,3,0.14789473684210525
235-329,329,235,17.186439130082427,9850.663934749202,0,1,0,bridge,9850.663934749202,1,,Two Sicilies,Sovereign,0,0.060000000000000005,1,,Portugal,Sovereign,3,0.14789473684210525
235-337,337,235,17.90481527714543,9614.248000315221,0,1,0,bridge,9614.248000315221,1,,Tuscany,Sovereign,0,0.13954545454545456,1,,Portugal,Sovereign,3,0.14789473684210525
235-390,390,235,19.265066388562627,24153.827968005044,1,0,0,3,24153.827968005044,1,,Denmark,Sovereign,3,0.25545454545454543,1,,Portugal,Sovereign,3,0.14789473684210525
230-6,6,230,21.11085361028957,138665.82607667756,1,0,0,1,138665.82607667756,1,,Puerto Rico,Colony of,1,0.43600000000000005,1,,Spain,Sovereign,1,0.3503703703703704
230-40,40,230,20.845633829274792,391410.2210488987,0.95,0.050000000000000044,0.19000000000000017,1,391410.2210488987,1,,Cuba,Colony of,1,0.40199999999999997,1,,Spain,Sovereign,1,0.3503703703703704
230-68,68,230,19.056577374176083,14578.982623428818,0.65,0.35,0.9099999999999999,3,14578.982623428818,1,,Netherlands Antilles,Colony of,3,0.655,1,,Spain,Sovereign,1,0.3503703703703704
200-230,200,230,18.788423667285038,610752.9847511721,0.25,0.75,0.75,bridge,610752.9847511721,1,1,United Kingdom,Sovereign,0,0.5142424242424243,1,,Spain,Sovereign,1,0.3503703703703704
230-231,231,230,22.493155966917975,80814.84692068245,0.95,0.050000000000000044,0.19000000000000017,1,80814.84692068245,1,,Gibraltar,Colony of,1,0.0633333333333334,1,,Spain,Sovereign,1,0.3503703703703704
230-239,239,230,13.679060511994901,591.0398360849521,0.05,0.95,0.19,bridge,591.0398360849521,1,,Prussia,Sovereign,3,0.14357142857142854,1,,Spain,Sovereign,1,0.3503703703703704
1055-200,200,1055,19.970948002727273,151980,0.5,0.5,1,bridge,151980,1,1,United Kingdom,Sovereign,0,0.5142424242424243,,,Windward Is.,Colony of,1,0.875
239-300,300,239,18.48235431736726,49292.722329485005,0,1,0,bridge,49292.722329485005,1,,Austria-Hungary (Austrian Empire),Sovereign,0,0.08904761904761906,1,,Prussia,Sovereign,3,0.14357142857142854
239-329,329,239,19.65373672239855,143015.8792702628,0,1,0,bridge,143015.8792702628,1,,Two Sicilies,Sovereign,0,0.060000000000000005,1,,Prussia,Sovereign,3,0.14357142857142854
239-385,385,239,20.35846175770112,120894.14370969485,1,0,0,3,120894.14370969485,1,,Norway,Sovereign (limited),3,0.20099999999999998,1,,Prussia,Sovereign,3,0.14357142857142854
2-337,2,337,18.264193456158814,74865.04590409393,0,1,0,bridge,74865.04590409393,1,1,United States of America,Sovereign,1,0.3794117647058824,1,,Tuscany,Sovereign,0,0.13954545454545456
21-337,21,337,22.890786154277045,47283.18688679617,1,0,0,0,47283.18688679617,1,,Newfoundland and Labrador (Newfoundland),Colony of,0,0,1,,Tuscany,Sovereign,0,0.13954545454545456
200-337,200,337,18.51008272392115,531935.8524764569,0.7,0.30000000000000004,0.8400000000000001,0,531935.8524764569,1,1,United Kingdom,Sovereign,0,0.5142424242424243,1,,Tuscany,Sovereign,0,0.13954545454545456
220-337,220,337,19.04589941871506,336892.70656842267|250429,0,1,0,bridge,336892.70656842267,1,1,France,Sovereign,1,0.16596153846153847,1,,Tuscany,Sovereign,0,0.13954545454545456
225-337,225,337,20.76266606095227,126088.49836478978,0.7,0.30000000000000004,0.8400000000000001,1,126088.49836478978,1,,Switzerland,Sovereign,1,0.42750000000000005,1,,Tuscany,Sovereign,0,0.13954545454545456
230-337,230,337,18.238700274774168,21671.460656448242,0,1,0,bridge,21671.460656448242,1,,Spain,Sovereign,1,0.3503703703703704,1,,Tuscany,Sovereign,0,0.13954545454545456
300-337,300,337,20.04184551071902,197801.33180976397|38520.03625044328,1,0,0,0,197801.33180976397,1,,Austria-Hungary (Austrian Empire),Sovereign,0,0.08904761904761906,1,,Tuscany,Sovereign,0,0.13954545454545456
329-337,329,337,19.94560573118651,161550.8885298869,1,0,0,0,161550.8885298869,1,,Two Sicilies,Sovereign,0,0.060000000000000005,1,,Tuscany,Sovereign,0,0.13954545454545456
337-365,365,337,20.143773169262722,248236.73115567988,0.05,0.95,0.19,bridge,248236.73115567988,1,1,Russia (USSR),Sovereign,2,0.4061538461538461,1,,Tuscany,Sovereign,0,0.13954545454545456
337-615,615,337,21.5809526095777,29946.018361637573,1,0,0,0,29946.018361637573,1,1,Algeria (Regency of Algiers),Colony of,0,0,1,,Tuscany,Sovereign,0,0.13954545454545456
231-300,231,300,18.854912101073417,6179.135570811004,0,1,0,bridge,6179.135570811004,1,,Gibraltar,Colony of,1,0.0633333333333334,1,,Austria-Hungary (Austrian Empire),Sovereign,0,0.08904761904761906
300-338,338,300,20.552747052004012,27653.33721640184,1,0,0,0,27653.33721640184,1,1,Malta,Colony of,0,0.10500000000000001,1,,Austria-Hungary (Austrian Empire),Sovereign,0,0.08904761904761906
140-561,140,561,18.177184664224445,19618,0,1,0,bridge,19618,1,,Brazil,Sovereign,3,0.5885,1,,Cape Colony (Cape of Good Hope),Colony of,4,0
200-561,200,561,19.798199764038255,729239,0,1,0,bridge,729239,1,1,United Kingdom,Sovereign,0,0.5142424242424243,1,,Cape Colony (Cape of Good Hope),Colony of,4,0
210-561,210,561,16.817545499979104,2955,0,1,0,bridge,2955,1,1,Netherlands,Sovereign,3,0.5194117647058824,1,,Cape Colony (Cape of Good Hope),Colony of,4,0
220-561,220,561,18.330679706196268,12184|622,0,1,0,bridge,12184,1,1,France,Sovereign,1,0.16596153846153847,1,,Cape Colony (Cape of Good Hope),Colony of,4,0
235-561,235,561,15.571849015327244,215,0,1,0,bridge,215,1,,Portugal,Sovereign,3,0.14789473684210525,1,,Cape Colony (Cape of Good Hope),Colony of,4,0
248-561,248,561,16.062221052200393,1192,0,1,0,bridge,1192,1,1,Hamburg,Sovereign (unrecognized),3,0.2596,1,,Cape Colony (Cape of Good Hope),Colony of,4,0
380-561,380,561,18.2568202344342,2027,0,1,0,bridge,2027,1,1,Sweden,Sovereign,3,0.21857142857142856,1,,Cape Colony (Cape of Good Hope),Colony of,4,0
561-585,585,561,17.324090372885788,770,0,1,0,bridge,770,1,,Reunion (Bourbon I.),Colony of,1,0,1,,Cape Colony (Cape of Good Hope),Colony of,4,0
561-590,590,561,23.386174529425706,24750,1,0,0,4,24750,1,,Mauritius,Colony of,4,0,1,,Cape Colony (Cape of Good Hope),Colony of,4,0
561-750,750,561,19.685253119131286,13500,1,0,0,4,13500,1,,India,Colony of,4,0,1,,Cape Colony (Cape of Good Hope),Colony of,4,0
561-780,780,561,23.86342456721868,2275,1,0,0,4,2275,1,,Sri Lanka (Ceylon),Colony of,4,0,1,,Cape Colony (Cape of Good Hope),Colony of,4,0
561-840,840,561,17.925545127789185,1392,1,0,0,4,1392,1,1,Philippines,Colony of,4,0.019999999999999997,1,,Cape Colony (Cape of Good Hope),Colony of,4,0
561-850,850,561,13.066519698963372,71,1,0,0,4,71,1,,Indonesia (Dutch East Indies),Colony of,4,0,1,,Cape Colony (Cape of Good Hope),Colony of,4,0
1022-561,1022,561,23.86342456721868,355,1,0,0,4,355,,,Nova Scotia,Colony of,4,0,1,,Cape Colony (Cape of Good Hope),Colony of,4,0
1023-561,1023,561,23.86342456721868,3610,1,0,0,4,3610,,,New Brunswick,Colony of,4,0,1,,Cape Colony (Cape of Good Hope),Colony of,4,0
4050-561,4050,561,23.86342456721868,4911,1,0,0,4,4911,1,,St. Helena,Colony of,4,0,1,,Cape Colony (Cape of Good Hope),Colony of,4,0
4070-561,4070,561,23.86342456721868,90,1,0,0,4,90,1,,Ascension I.,Possession of,4,0,1,,Cape Colony (Cape of Good Hope),Colony of,4,0
561-restOfTheWorld,restOfTheWorld,561,23.86342456721868,3833,1,0,0,4,3833,,,Rest Of The World,,4,0,1,,Cape Colony (Cape of Good Hope),Colony of,4,0
561-901,901,561,23.86342456721868,1700,1,0,0,4,1700,1,,New South Wales,Colony of,4,0,1,,Cape Colony (Cape of Good Hope),Colony of,4,0
1055-2,2,1055,17.076240002112193,1513,0.75,0.25,0.75,1,1513,1,1,United States of America,Sovereign,1,0.3794117647058824,,,Windward Is.,Colony of,1,0.875
230-70,70,230,17.79575484447635,7120.059892036723,0.95,0.050000000000000044,0.19000000000000017,1,7120.059892036723,1,,Mexico,Sovereign,1,0.43500000000000005,1,,Spain,Sovereign,1,0.3503703703703704
136-230,136,230,23.03095740230185,74652.27156310335,1,0,0,1,74652.27156310335,1,,Bolivia-Peru Confederation,Sovereign (unrecognized),1,0,1,,Spain,Sovereign,1,0.3503703703703704
324-350,324,350,19.84965797673877,10496.86748886875,0.7,0.30000000000000004,0.8400000000000001,1,10496.86748886875,1,1,Kingdom of Sardinia,Sovereign,1,0.5291666666666667,1,,Greece,Sovereign,0,0.12923076923076923
200-640,200,640,18.342121714131537,294235.39146538475,0.7,0.30000000000000004,0.8400000000000001,0,294235.39146538475,1,1,United Kingdom,Sovereign,0,0.5142424242424243,1,,Turkey (Ottoman Empire),Sovereign,0,0.11736842105263158
630-640,630,640,22.649912948683674,392781.43346861575,0.1,0.9,0.36000000000000004,bridge,392781.43346861575,1,,Iran (Persia),Sovereign (unrecognized),2,0.27500000000000013,1,,Turkey (Ottoman Empire),Sovereign,0,0.11736842105263158
640-652,652,640,22.452483612823713,80558.72965837897|185653,1,0,0,0,185653,1,1,Syria,Occupied by,0,0.14,1,,Turkey (Ottoman Empire),Sovereign,0,0.11736842105263158
200-616,200,616,18.376088813731712,69457.263470064,0.7,0.30000000000000004,0.8400000000000001,0,69457.263470064,1,1,United Kingdom,Sovereign,0,0.5142424242424243,1,,Tunisia (Regency of Tunis),Sovereign,0,0.18666666666666668
220-616,220,616,19.197541797491297,58532.93186666869,0,1,0,bridge,58532.93186666869,1,1,France,Sovereign,1,0.16596153846153847,1,,Tunisia (Regency of Tunis),Sovereign,0,0.18666666666666668
230-616,230,616,19.665552636114285,13477.629329258145,0,1,0,bridge,13477.629329258145,1,,Spain,Sovereign,1,0.3503703703703704,1,,Tunisia (Regency of Tunis),Sovereign,0,0.18666666666666668
324-616,324,616,19.376490597097384,12600.051444220848,0.7,0.30000000000000004,0.8400000000000001,1,12600.051444220848,1,1,Kingdom of Sardinia,Sovereign,1,0.5291666666666667,1,,Tunisia (Regency of Tunis),Sovereign,0,0.18666666666666668
329-616,329,616,18.991565229131933,9290.22105884311,1,0,0,0,9290.22105884311,1,,Two Sicilies,Sovereign,0,0.060000000000000005,1,,Tunisia (Regency of Tunis),Sovereign,0,0.18666666666666668
337-616,337,616,22.238429586942956,113653.90143892512,1,0,0,0,113653.90143892512,1,,Tuscany,Sovereign,0,0.13954545454545456,1,,Tunisia (Regency of Tunis),Sovereign,0,0.18666666666666668
350-616,350,616,21.737014080432335,23051.550135419347,1,0,0,0,23051.550135419347,1,,Greece,Sovereign,0,0.12923076923076923,1,,Tunisia (Regency of Tunis),Sovereign,0,0.18666666666666668
615-616,615,616,21.386430723236924,3680.5313885400433,1,0,0,0,3680.5313885400433,1,1,Algeria (Regency of Algiers),Colony of,0,0,1,,Tunisia (Regency of Tunis),Sovereign,0,0.18666666666666668
616-640,640,616,23.314967951987985,41923.25732701881|8416.407265849717,1,0,0,0,41923.25732701881,1,,Turkey (Ottoman Empire),Sovereign,0,0.11736842105263158,1,,Tunisia (Regency of Tunis),Sovereign,0,0.18666666666666668
337-640,337,640,20.007554406368367,53512.65926248669,1,0,0,0,53512.65926248669,1,,Tuscany,Sovereign,0,0.13954545454545456,1,,Turkey (Ottoman Empire),Sovereign,0,0.11736842105263158
338-640,338,640,21.933206493471843,28472.359036999092,1,0,0,0,28472.359036999092,1,1,Malta,Colony of,0,0.10500000000000001,1,,Turkey (Ottoman Empire),Sovereign,0,0.11736842105263158
324-651,324,651,14.507653815999948,781.1576500256117,0.7,0.30000000000000004,0.8400000000000001,1,781.1576500256117,1,1,Kingdom of Sardinia,Sovereign,1,0.5291666666666667,1,,Egypt Arab Republic (Egypt),Sovereign (unrecognized),0,0.15928571428571428
338-651,338,651,18.01648935852834,1043.6646116515417,1,0,0,0,1043.6646116515417,1,1,Malta,Colony of,0,0.10500000000000001,1,,Egypt Arab Republic (Egypt),Sovereign (unrecognized),0,0.15928571428571428
365-651,365,651,16.834949394103198,10934.236967571615,0.05,0.95,0.19,bridge,10934.236967571615,1,1,Russia (USSR),Sovereign,2,0.4061538461538461,1,,Egypt Arab Republic (Egypt),Sovereign (unrecognized),0,0.15928571428571428
101-276,276,101,19.893591133864206,17,0.7,0.30000000000000004,0.8400000000000001,3,17,1,,Lübeck,Sovereign (limited),3,0.5621428571428572,1,1,Venezuela,Sovereign,3,0.6022222222222222
101-246,246,101,19.940365406681018,11323,0.65,0.35,0.9099999999999999,3,11323,1,1,Bremen,Sovereign (unrecognized),3,0.5053333333333333,1,1,Venezuela,Sovereign,3,0.6022222222222222
101-248,248,101,20.089526122736693,34748,0.4,0.6,0.96,bridge,34748,1,1,Hamburg,Sovereign (unrecognized),3,0.2596,1,1,Venezuela,Sovereign,3,0.6022222222222222
140-276,276,140,19.34157178331874,75,0.85,0.15000000000000002,0.51,3,75,1,,Lübeck,Sovereign (limited),3,0.5621428571428572,1,,Brazil,Sovereign,3,0.5885
140-246,246,140,19.393748142122213,50225,0.8,0.19999999999999996,0.6399999999999999,3,50225,1,1,Bremen,Sovereign (unrecognized),3,0.5053333333333333,1,,Brazil,Sovereign,3,0.5885
165-276,276,165,18.323036121677863,5,0.35,0.65,0.9099999999999999,bridge,5,1,,Lübeck,Sovereign (limited),3,0.5621428571428572,1,,Uruguay,Sovereign,1,0.5918181818181819
165-246,246,165,18.401348769378327,3437,0.3,0.7,0.84,bridge,3437,1,1,Bremen,Sovereign (unrecognized),3,0.5053333333333333,1,,Uruguay,Sovereign,1,0.5918181818181819
165-248,248,165,18.550560796101607,10548,0.05,0.95,0.19,bridge,10548,1,1,Hamburg,Sovereign (unrecognized),3,0.2596,1,,Uruguay,Sovereign,1,0.5918181818181819
210-6,6,210,18.78285007093179,75398,0.4,0.6,0.96,bridge,75398,1,,Puerto Rico,Colony of,1,0.43600000000000005,1,1,Netherlands,Sovereign,3,0.5194117647058824
210-40,40,210,18.622960485821647,236465,0.35,0.65,0.9099999999999999,bridge,236465,1,,Cuba,Colony of,1,0.40199999999999997,1,1,Netherlands,Sovereign,3,0.5194117647058824
210-276,276,210,18.865013023093496,150,0.95,0.050000000000000044,0.19000000000000017,3,150,1,,Lübeck,Sovereign (limited),3,0.5621428571428572,1,1,Netherlands,Sovereign,3,0.5194117647058824
210-246,246,210,18.907767333644514,99508,0.9,0.09999999999999998,0.35999999999999993,3,99508,1,1,Bremen,Sovereign (unrecognized),3,0.5053333333333333,1,1,Netherlands,Sovereign,3,0.5194117647058824
211-6,6,211,18.487814498588964,36790,0.05,0.95,0.19,bridge,36790,1,,Puerto Rico,Colony of,1,0.43600000000000005,1,1,Belgium,Sovereign,3,0.19606060606060607
211-40,40,211,18.32792775067951,115382,0,1,0,bridge,115382,1,,Cuba,Colony of,1,0.40199999999999997,1,1,Belgium,Sovereign,3,0.19606060606060607
211-350,350,211,16.825698288576245,3612,0,1,0,bridge,3612,1,,Greece,Sovereign,0,0.12923076923076923,1,1,Belgium,Sovereign,3,0.19606060606060607
211-3349,3349,211,18.141431344336244,7202,0,1,0,bridge,7202,1,1,Ionian Is.,Protectorate of,0,0.09363636363636364,1,1,Belgium,Sovereign,3,0.19606060606060607
211-240,240,211,16.30319076040109,16327,1,0,0,3,16327,1,,Hanover,Sovereign (unrecognized),3,0.22749999999999998,1,1,Belgium,Sovereign,3,0.19606060606060607
211-257,257,211,21.148823954592096,59534,0.75,0.25,0.75,3,59534,1,,Oldenburg,Sovereign (limited),3,0.375,1,1,Belgium,Sovereign,3,0.19606060606060607
211-276,276,211,17.887814741408622,37,0.7,0.30000000000000004,0.8400000000000001,3,37,1,,Lübeck,Sovereign (limited),3,0.5621428571428572,1,1,Belgium,Sovereign,3,0.19606060606060607
211-246,246,211,17.944635030591648,24893,0.75,0.25,0.75,3,24893,1,1,Bremen,Sovereign (unrecognized),3,0.5053333333333333,1,1,Belgium,Sovereign,3,0.19606060606060607
211-385,385,211,18.496860100475438,50367,1,0,0,3,50367,1,,Norway,Sovereign (limited),3,0.20099999999999998,1,1,Belgium,Sovereign,3,0.19606060606060607
220-590,590,220,19.72798972019712,15138,0,1,0,bridge,15138,1,,Mauritius,Colony of,4,0,1,1,France,Sovereign,1,0.16596153846153847
220-276,276,220,18.256274641743488,151,0,1,0,bridge,151,1,,Lübeck,Sovereign (limited),3,0.5621428571428572,1,1,France,Sovereign,1,0.16596153846153847
220-246,246,220,18.304113401903887,100682,0,1,0,bridge,100682,1,1,Bremen,Sovereign (unrecognized),3,0.5053333333333333,1,1,France,Sovereign,1,0.16596153846153847
220-6,6,220,17.05423886792958,24768,0.3,0.7,0.84,bridge,24768,1,,Puerto Rico,Colony of,1,0.43600000000000005,1,1,France,Sovereign,1,0.16596153846153847
220-40,40,220,16.894349400845254,77678,0.35,0.65,0.9099999999999999,bridge,77678,1,,Cuba,Colony of,1,0.40199999999999997,1,1,France,Sovereign,1,0.16596153846153847
230-276,276,230,19.210681263507958,38,0.35,0.65,0.9099999999999999,bridge,38,1,,Lübeck,Sovereign (limited),3,0.5621428571428572,1,,Spain,Sovereign,1,0.3503703703703704
230-246,246,230,19.266727414085885,25546,0.3,0.7,0.84,bridge,25546,1,1,Bremen,Sovereign (unrecognized),3,0.5053333333333333,1,,Spain,Sovereign,1,0.3503703703703704
230-385,385,230,18.664396355486165,16292,0.05,0.95,0.19,bridge,16292,1,,Norway,Sovereign (limited),3,0.20099999999999998,1,,Spain,Sovereign,1,0.3503703703703704
248-380,380,248,19.698774373614935,40866|59223,1,0,0,3,59223,1,1,Sweden,Sovereign,3,0.21857142857142856,1,1,Hamburg,Sovereign (unrecognized),3,0.2596
248-385,385,248,17.848163425184804,69737,1,0,0,3,69737,1,,Norway,Sovereign (limited),3,0.20099999999999998,1,1,Hamburg,Sovereign (unrecognized),3,0.2596
2-66,66,2,17.391212093810722,36051,0.35,0.65,0.9099999999999999,bridge,36051,1,,Martinique,Colony of,1,0.45499999999999996,1,1,United States of America,Sovereign,1,0.3794117647058824
2-65,65,2,17.385012681057777,51122,0.35,0.65,0.9099999999999999,bridge,51122,1,,Guadeloupe,Colony of,1,0.45499999999999996,1,1,United States of America,Sovereign,1,0.3794117647058824
2-276,276,2,18.618209589210853,386,0.3,0.7,0.84,bridge,386,1,,Lübeck,Sovereign (limited),3,0.5621428571428572,1,1,United States of America,Sovereign,1,0.3794117647058824
2-246,246,2,18.662028469835942,256340,0.25,0.75,0.75,bridge,256340,1,1,Bremen,Sovereign (unrecognized),3,0.5053333333333333,1,1,United States of America,Sovereign,1,0.3794117647058824
2-385,385,2,18.06123022365444,163732,0,1,0,bridge,163732,1,,Norway,Sovereign (limited),3,0.20099999999999998,1,1,United States of America,Sovereign,1,0.3794117647058824
327-380,380,327,18.19875064101394,2161,0,1,0,bridge,2161,1,1,Sweden,Sovereign,3,0.21857142857142856,1,1,Papal States,Sovereign,0,0.15272727272727274
327-385,385,327,17.88946093723139,3689,0,1,0,bridge,3689,1,,Norway,Sovereign (limited),3,0.20099999999999998,1,1,Papal States,Sovereign,0,0.15272727272727274
337-338,338,337,20.45685914415913,9942,1,0,0,0,9942,1,1,Malta,Colony of,0,0.10500000000000001,1,,Tuscany,Sovereign,0,0.13954545454545456
276-365,276,365,20.234737995514287,457,0.4,0.6,0.96,bridge,457,1,,Lübeck,Sovereign (limited),3,0.5621428571428572,1,1,Russia (USSR),Sovereign,2,0.4061538461538461
246-365,246,365,20.278001113632875,303322,0.45,0.55,0.9900000000000001,bridge,303322,1,1,Bremen,Sovereign (unrecognized),3,0.5053333333333333,1,1,Russia (USSR),Sovereign,2,0.4061538461538461
248-365,248,365,20.42708882407128,930766,0.65,0.35,0.9099999999999999,3,930766,1,1,Hamburg,Sovereign (unrecognized),3,0.2596,1,1,Russia (USSR),Sovereign,2,0.4061538461538461
276-380,276,380,19.50373390692674,29,0.7,0.30000000000000004,0.8400000000000001,3,29,1,,Lübeck,Sovereign (limited),3,0.5621428571428572,1,1,Sweden,Sovereign,3,0.21857142857142856
280-380,280,380,22.8653958714042,1865,1,0,0,3,1865,1,,Mecklenburg Schwerin,Sovereign (limited),3,0,1,1,Sweden,Sovereign,3,0.21857142857142856
246-380,246,380,19.54969473443955,19300,0.75,0.25,0.75,3,19300,1,1,Bremen,Sovereign (unrecognized),3,0.5053333333333333,1,1,Sweden,Sovereign,3,0.21857142857142856
240-380,240,380,20.694018836087622,205225,1,0,0,3,205225,1,,Hanover,Sovereign (unrecognized),3,0.22749999999999998,1,1,Sweden,Sovereign,3,0.21857142857142856
276-41,276,41,20.905142640958786,48,0.95,0.050000000000000044,0.19000000000000017,3,48,1,,Lübeck,Sovereign (limited),3,0.5621428571428572,1,1,Haiti,Sovereign (unrecognized),3,0.37375
246-41,246,41,20.964510599108873,32376,1,0,0,3,32376,1,1,Bremen,Sovereign (unrecognized),3,0.5053333333333333,1,1,Haiti,Sovereign (unrecognized),3,0.37375
561-710,710,561,16.367056441405992,1334,1,0,0,4,1334,1,,People's Republic of China (China),Sovereign (unrecognized),4,0,1,,Cape Colony (Cape of Good Hope),Colony of,4,0
276-640,276,640,18.054330220893167,9,0,1,0,bridge,9,1,,Lübeck,Sovereign (limited),3,0.5621428571428572,1,,Turkey (Ottoman Empire),Sovereign,0,0.11736842105263158
246-640,246,640,18.171387253739457,6431,0,1,0,bridge,6431,1,1,Bremen,Sovereign (unrecognized),3,0.5053333333333333,1,,Turkey (Ottoman Empire),Sovereign,0,0.11736842105263158
248-640,248,640,18.32047499948565,19734,0,1,0,bridge,19734,1,1,Hamburg,Sovereign (unrecognized),3,0.2596,1,,Turkey (Ottoman Empire),Sovereign,0,0.11736842105263158
276-840,276,840,16.978063146382112,1,0,1,0,bridge,1,1,,Lübeck,Sovereign (limited),3,0.5621428571428572,1,1,Philippines,Colony of,4,0.019999999999999997
246-840,246,840,17.02624947674274,667,0,1,0,bridge,667,1,1,Bremen,Sovereign (unrecognized),3,0.5053333333333333,1,1,Philippines,Colony of,4,0.019999999999999997
248-840,248,840,17.17644133937662,2049,0,1,0,bridge,2049,1,1,Hamburg,Sovereign (unrecognized),3,0.2596,1,1,Philippines,Colony of,4,0.019999999999999997
721-850,721,850,20.62742459805524,1538,1,0,0,4,1538,1,,Macao,Colony of,4,0,1,,Indonesia (Dutch East Indies),Colony of,4,0
710-850,710,850,20.36524599464955,74979,1,0,0,4,74979,1,,People's Republic of China (China),Sovereign (unrecognized),4,0,1,,Indonesia (Dutch East Indies),Colony of,4,0
