"target","source","key","proximity","observedTradeValues","coMembershipScore","bridgeNessEdgeScore","ambiguityScore","sourceCommunityId","maxObservedTradeValue","sourceCited","sourceReporting","sourceLabel","sourceGphStatus","sourceCommunity","sourceMeanAmbiguityScore","targetCited","targetReporting","targetLabel","targetGphStatus","targetCommunity","targetMeanAmbiguityScore","export","import"
"100","2","100-2",18.9762334625664,"64105.94100540091",0.9,0.1,0.36,"1",64105.9410054009,1,1,"United States of America","Sovereign",1,0.283846153846154,1,1,"Colombia (New Granada) (Gran Colombia)","Sovereign",1,0.525,64105.9410054009,NA
"100","200","100-200",19.3532282543893,"174338",0.55,0.45,0.99,"1",174338,1,1,"United Kingdom","Sovereign",1,0.494468085106383,1,1,"Colombia (New Granada) (Gran Colombia)","Sovereign",1,0.525,174338,NA
"100","220","100-220",17.2750799087871,"15737.498524609513",0,1,0,"bridge",15737.4985246095,1,1,"France","Sovereign",0,0.0311764705882353,1,1,"Colombia (New Granada) (Gran Colombia)","Sovereign",1,0.525,15737.4985246095,NA
"100","230","100-230",19.9868407107132,"28972.734783806114",0.75,0.25,0.75,"3",28972.7347838061,1,NA,"Spain","Sovereign",3,0.576071428571429,1,1,"Colombia (New Granada) (Gran Colombia)","Sovereign",1,0.525,28972.7347838061,NA
"101","2","101-2",19.2500870493241,"20348.566680515163",0.9,0.1,0.36,"1",20348.5666805152,1,1,"United States of America","Sovereign",1,0.283846153846154,1,NA,"Venezuela","Sovereign",1,0.37,20348.5666805152,NA
"101","220","101-220",19.795072378757,"47212.495573828535",0,1,0,"bridge",47212.4955738285,1,1,"France","Sovereign",0,0.0311764705882353,1,NA,"Venezuela","Sovereign",1,0.37,47212.4955738285,NA
"101","230","101-230",17.8021796708237,"786.8749262304756",0.75,0.25,0.75,"3",786.874926230476,1,NA,"Spain","Sovereign",3,0.576071428571429,1,NA,"Venezuela","Sovereign",1,0.37,786.874926230476,NA
"1023","561","1023-561",24.7583895942605,"12",1,0,0,"4",12,1,NA,"Cape Colony (Cape of Good Hope)","Colony of",4,0.117058823529412,1,NA,"New Brunswick","Colony of",4,0,12,NA
"1025","211","1025-211",21.5880483449786,"0.38419168273202975",1,0,0,"3",0.38419168273203,1,1,"Belgium","Sovereign",3,0.4853125,1,NA,"Quebec (Lower Canada)","Colony of",3,0,0.38419168273203,NA
"1029","220","1029-220",20.1649480119515,"220324.97934453317",1,0,0,"0",220324.979344533,1,1,"France","Sovereign",0,0.0311764705882353,1,NA,"St. Pierre and Miquelon","Colony of",0,0,220324.979344533,NA
"1029","3271","1029-3271",15.8609077827154,"17",1,0,0,"0",17,1,1,"Ancona","Occupied by",0,0.0146153846153846,1,NA,"St. Pierre and Miquelon","Colony of",0,0,17,NA
"1064","2","1064-2",20.4616879588442,"15400.91400083091",1,0,0,"1",15400.9140008309,1,1,"United States of America","Sovereign",1,0.283846153846154,NA,NA,"St. Barthelemy","Colony of",1,0,15400.9140008309,NA
"110","2","110-2",20.459705207655,"30230.992937266306",1,0,0,"1",30230.9929372663,1,1,"United States of America","Sovereign",1,0.283846153846154,1,NA,"Guyana (British Guiana)","Colony of",1,0,30230.9929372663,NA
"110","561","110-561",18.5341284630631,"60",0,1,0,"bridge",60,1,NA,"Cape Colony (Cape of Good Hope)","Colony of",4,0.117058823529412,1,NA,"Guyana (British Guiana)","Colony of",1,0,60,NA
"120","220","120-220",20.1649130401878,"133768.73745918085",1,0,0,"0",133768.737459181,1,1,"France","Sovereign",0,0.0311764705882353,1,NA,"French Guiana","Colony of",0,0,133768.737459181,NA
"120","3271","120-3271",16.234700874452,"15",1,0,0,"0",15,1,1,"Ancona","Occupied by",0,0.0146153846153846,1,NA,"French Guiana","Colony of",0,0,15,NA
"136","2","136-2",17.6500200889903,"34039.88367262152",0.9,0.1,0.36,"1",34039.8836726215,1,1,"United States of America","Sovereign",1,0.283846153846154,1,NA,"Bolivia-Peru Confederation","Sovereign (unrecognized)",1,0.525,34039.8836726215,NA
"136","200","136-200",19.5205196486588,"412195",0.55,0.45,0.99,"1",412195,1,1,"United Kingdom","Sovereign",1,0.494468085106383,1,NA,"Bolivia-Peru Confederation","Sovereign (unrecognized)",1,0.525,412195,NA
"136","220","136-220",18.3736301979721,"94424.99114765707",0,1,0,"bridge",94424.9911476571,1,1,"France","Sovereign",0,0.0311764705882353,1,NA,"Bolivia-Peru Confederation","Sovereign (unrecognized)",1,0.525,94424.9911476571,NA
"136","230","136-230",19.1731288613758,"25683.597592162725",0.75,0.25,0.75,"3",25683.5975921627,1,NA,"Spain","Sovereign",3,0.576071428571429,1,NA,"Bolivia-Peru Confederation","Sovereign (unrecognized)",1,0.525,25683.5975921627,NA
"140","165","140-165",20.390481071582,"224267.22272494785",0.75,0.25,0.75,"3",224267.222724948,1,1,"Uruguay","Sovereign",3,0.624545454545455,1,NA,"Brazil","Sovereign",3,0.589285714285714,224267.222724948,NA
"140","2","140-2",18.147486953228,"435180.0997091815|31175.449739571726",0.55,0.45,0.99,"1",435180.099709182,1,1,"United States of America","Sovereign",1,0.283846153846154,1,NA,"Brazil","Sovereign",3,0.589285714285714,435180.099709182,31175.4497395717
"140","200","140-200",19.463510820804,"2606604|256653.0770832378",0.25,0.75,0.75,"bridge",2606604,1,1,"United Kingdom","Sovereign",1,0.494468085106383,1,NA,"Brazil","Sovereign",3,0.589285714285714,2606604,256653.077083238
"140","211","140-211",17.2433180948118,"57124.36558209072",0.6,0.4,0.96,"3",57124.3655820907,1,1,"Belgium","Sovereign",3,0.4853125,1,NA,"Brazil","Sovereign",3,0.589285714285714,57124.3655820907,NA
"140","220","140-220",18.9544768640305,"515403.07668096153|77166.84713538794",0,1,0,"bridge",515403.076680962,1,1,"France","Sovereign",0,0.0311764705882353,1,NA,"Brazil","Sovereign",3,0.589285714285714,515403.076680962,77166.8471353879
"140","235","140-235",20.3526842657102,"370051.54030766804",0.45,0.55,0.99,"bridge",370051.540307668,1,NA,"Portugal","Sovereign",3,0.51,1,NA,"Brazil","Sovereign",3,0.589285714285714,370051.540307668,NA
"140","300","140-300",18.9717389470255,"27981.272376755715|16082.735677077346",0,1,0,"bridge",27981.2723767557,1,NA,"Austria-Hungary (Austrian Empire)","Sovereign",2,0.0577272727272727,1,NA,"Brazil","Sovereign",3,0.589285714285714,27981.2723767557,16082.7356770773
"140","324","140-324",19.8020113737415,"106192.70566943384|25855.501302073706",0.05,0.95,0.19,"bridge",106192.705669434,1,1,"Kingdom of Sardinia","Sovereign",3,0.226956521739131,1,NA,"Brazil","Sovereign",3,0.589285714285714,106192.705669434,25855.5013020737
"140","380","140-380",21.8902072202262,"33871.743810457825|24466.875260407556",0.35,0.65,0.91,"bridge",33871.7438104578,1,1,"Sweden","Sovereign",3,0.330476190476191,1,NA,"Brazil","Sovereign",3,0.589285714285714,33871.7438104578,24466.8752604076
"140","561","140-561",13.5211150220299,"58",0,1,0,"bridge",58,1,NA,"Cape Colony (Cape of Good Hope)","Colony of",4,0.117058823529412,1,NA,"Brazil","Sovereign",3,0.589285714285714,58,NA
"155","140","140-155",17.5801376035112,"1320.6914062495082",0.55,0.45,0.99,"3",1320.69140624951,1,NA,"Brazil","Sovereign",3,0.589285714285714,1,NA,"Chile","Sovereign",1,0.495,1320.69140624951,NA
"155","2","155-2",19.0774961798599,"217609.4723722476",1,0,0,"1",217609.472372248,1,1,"United States of America","Sovereign",1,0.283846153846154,1,NA,"Chile","Sovereign",1,0.495,217609.472372248,NA
"155","200","155-200",19.0962704490268,"413617",0.55,0.45,0.99,"1",413617,1,1,"United Kingdom","Sovereign",1,0.494468085106383,1,NA,"Chile","Sovereign",1,0.495,413617,NA
"155","220","155-220",18.8622278495097,"236062.4778691427",0,1,0,"bridge",236062.477869143,1,1,"France","Sovereign",0,0.0311764705882353,1,NA,"Chile","Sovereign",1,0.495,236062.477869143,NA
"160","140","140-160",19.8305218582898,"11789.523958328944",0.9,0.1,0.36,"3",11789.5239583289,1,NA,"Brazil","Sovereign",3,0.589285714285714,1,NA,"Argentina (La Plata)","Sovereign",3,0.516666666666667,11789.5239583289,NA
"160","2","160-2",17.3796708857085,"37470.29497299543",0.65,0.35,0.91,"1",37470.2949729954,1,1,"United States of America","Sovereign",1,0.283846153846154,1,NA,"Argentina (La Plata)","Sovereign",3,0.516666666666667,37470.2949729954,NA
"160","200","160-200",19.6552583379154,"680345",0.3,0.7,0.84,"bridge",680345,1,1,"United Kingdom","Sovereign",1,0.494468085106383,1,NA,"Argentina (La Plata)","Sovereign",3,0.516666666666667,680345,NA
"160","211","160-211",16.2580875105062,"3957.4694102372428",0.55,0.45,0.99,"3",3957.46941023724,1,1,"Belgium","Sovereign",3,0.4853125,1,NA,"Argentina (La Plata)","Sovereign",3,0.516666666666667,3957.46941023724,NA
"160","220","160-220",16.6268019122519,"23744.29601958628",0,1,0,"bridge",23744.2960195863,1,1,"France","Sovereign",0,0.0311764705882353,1,NA,"Argentina (La Plata)","Sovereign",3,0.516666666666667,23744.2960195863,NA
"160","230","160-230",19.6491259216826,"59633.31628437659",1,0,0,"3",59633.3162843766,1,NA,"Spain","Sovereign",3,0.576071428571429,1,NA,"Argentina (La Plata)","Sovereign",3,0.516666666666667,59633.3162843766,NA
"165","324","165-324",19.0393157977624,"9056.930400912774|9902.820946610536",0.05,0.95,0.19,"bridge",9902.82094661054,1,1,"Kingdom of Sardinia","Sovereign",3,0.226956521739131,1,1,"Uruguay","Sovereign",3,0.624545454545455,9056.93040091277,9902.82094661054
"2","1055","1055-2",14.2096420841565,"1458",0.55,0.45,0.99,"1",1458,NA,NA,"Windward Is.","Colony of",1,0.495,1,1,"United States of America","Sovereign",1,0.283846153846154,1458,NA
"2","1063","1063-2",16.1614290619091,"1769",0.55,0.45,0.99,"1",1769,NA,NA,"Leeward Is.","Colony of",1,0.495,1,1,"United States of America","Sovereign",1,0.283846153846154,1769,NA
"2","165","165-2",18.2908777531314,"85490.02636031002|7428.749480681346",0.3,0.7,0.84,"bridge",85490.02636031,1,1,"Uruguay","Sovereign",3,0.624545454545455,1,1,"United States of America","Sovereign",1,0.283846153846154,85490.02636031,7428.74948068135
"2","220","2-220",19.0972251255463,"4709446.433489396|3016911.9235562943",0,1,0,"bridge",4709446.4334894,1,1,"France","Sovereign",0,0.0311764705882353,1,1,"United States of America","Sovereign",1,0.283846153846154,4709446.4334894,3016911.92355629
"2","30","2-30",19.5873067324588,"3342",0.95,0.05,0.19,"1",3342,1,1,"Bermuda","Colony of",1,0.575,1,1,"United States of America","Sovereign",1,0.283846153846154,3342,NA
"2","31","2-31",20.3038532903336,"42342",1,0,0,"1",42342,1,1,"Bahamas","Colony of",1,0.495,1,1,"United States of America","Sovereign",1,0.283846153846154,42342,NA
"2","324","2-324",13.9495745463805,"4355.352716685683",0,1,0,"bridge",4355.35271668568,1,1,"Kingdom of Sardinia","Sovereign",3,0.226956521739131,1,1,"United States of America","Sovereign",1,0.283846153846154,4355.35271668568,NA
"2","329","2-329",19.5779035430332,"136849.35279537315|5303.697548815953",0,1,0,"bridge",136849.352795373,1,1,"Two Sicilies","Sovereign",0,0.103636363636364,1,1,"United States of America","Sovereign",1,0.283846153846154,136849.352795373,5303.69754881595
"2","337","2-337",17.9075926098483,"112523.11445095802",0,1,0,"bridge",112523.114450958,1,NA,"Tuscany","Sovereign",2,0.0695238095238095,1,1,"United States of America","Sovereign",1,0.283846153846154,112523.114450958,NA
"2","380","2-380",19.1476030964554,"280029.0096870828|16954",0,1,0,"bridge",280029.009687083,1,1,"Sweden","Sovereign",3,0.330476190476191,1,1,"United States of America","Sovereign",1,0.283846153846154,280029.009687083,16954
"2","451","2-451",17.4999866042647,"2392",0.6,0.4,0.96,"1",2392,1,1,"Sierra Leone","Colony of",1,0.575,1,1,"United States of America","Sovereign",1,0.283846153846154,2392,NA
"2","640","2-640",17.4417193423547,"88944.4072864618|21033",0,1,0,"bridge",88944.4072864618,1,NA,"Turkey (Ottoman Empire)","Sovereign",2,0.10625,1,1,"United States of America","Sovereign",1,0.283846153846154,88944.4072864618,21033
"2","901","2-901",16.7594733574481,"11324",0,1,0,"bridge",11324,1,1,"New South Wales","Colony of",4,0.2475,1,1,"United States of America","Sovereign",1,0.283846153846154,11324,NA
"200","1055","1055-200",20.0907792211838,"978643",1,0,0,"1",978643,NA,NA,"Windward Is.","Colony of",1,0.495,1,1,"United Kingdom","Sovereign",1,0.494468085106383,978643,NA
"200","1063","1063-200",20.0817381026743,"167116",1,0,0,"1",167116,NA,NA,"Leeward Is.","Colony of",1,0.495,1,1,"United Kingdom","Sovereign",1,0.494468085106383,167116,NA
"200","165","165-200",18.773146879671,"259468.07254986817",0.1,0.9,0.36,"bridge",259468.072549868,1,1,"Uruguay","Sovereign",3,0.624545454545455,1,1,"United Kingdom","Sovereign",1,0.494468085106383,259468.072549868,NA
"200","2","2-200",19.5345994936886,"10157849.605317824|7585760",0.55,0.45,0.99,"1",10157849.6053178,1,1,"United States of America","Sovereign",1,0.283846153846154,1,1,"United Kingdom","Sovereign",1,0.494468085106383,10157849.6053178,7585760
"200","220","200-220",18.1513285688517,"3426840.3037337214|2314141",0,1,0,"bridge",3426840.30373372,1,1,"France","Sovereign",0,0.0311764705882353,1,1,"United Kingdom","Sovereign",1,0.494468085106383,3426840.30373372,2314141
"200","30","200-30",19.7035280166973,"7034",0.6,0.4,0.96,"1",7034,1,1,"Bermuda","Colony of",1,0.575,1,1,"United Kingdom","Sovereign",1,0.494468085106383,7034,NA
"200","300","200-300",18.4562747712306,"517288",0,1,0,"bridge",517288,1,NA,"Austria-Hungary (Austrian Empire)","Sovereign",2,0.0577272727272727,1,1,"United Kingdom","Sovereign",1,0.494468085106383,517288,NA
"200","31","200-31",19.0151333461403,"21868",0.55,0.45,0.99,"1",21868,1,1,"Bahamas","Colony of",1,0.495,1,1,"United Kingdom","Sovereign",1,0.494468085106383,21868,NA
"200","324","200-324",16.9772297269544,"168515",0,1,0,"bridge",168515,1,1,"Kingdom of Sardinia","Sovereign",3,0.226956521739131,1,1,"United Kingdom","Sovereign",1,0.494468085106383,168515,NA
"200","327","200-327",13.0212566184837,"62.94999409843805",0,1,0,"bridge",62.949994098438,1,NA,"Papal States","Sovereign",0,0.135714285714286,1,1,"United Kingdom","Sovereign",1,0.494468085106383,62.949994098438,NA
"200","337","200-337",18.7937555323146,"511468.70204980916",0,1,0,"bridge",511468.702049809,1,NA,"Tuscany","Sovereign",2,0.0695238095238095,1,1,"United Kingdom","Sovereign",1,0.494468085106383,511468.702049809,NA
"200","380","200-380",19.0935307550475,"371579.7900958784|102647",0,1,0,"bridge",371579.790095878,1,1,"Sweden","Sovereign",3,0.330476190476191,1,1,"United Kingdom","Sovereign",1,0.494468085106383,371579.790095878,102647
"200","451","200-451",20.0515029909824,"57490",0.95,0.05,0.19,"1",57490,1,1,"Sierra Leone","Colony of",1,0.575,1,1,"United Kingdom","Sovereign",1,0.494468085106383,57490,NA
"200","600","200-600",19.5758653628214,"102289.80603533068",0.15,0.85,0.51,"bridge",102289.806035331,NA,NA,"Morocco","Sovereign (unrecognized)",1,0.495,1,1,"United Kingdom","Sovereign",1,0.494468085106383,102289.806035331,NA
"200","652","200-652",19.0571669769814,"16134.870362355903|188440",0,1,0,"bridge",188440,1,1,"Syria","Occupied by",2,0,1,1,"United Kingdom","Sovereign",1,0.494468085106383,16134.8703623559,188440
"200","750","200-750",19.8121579245763,"206200.57441869614|3766381",0.45,0.55,0.99,"bridge",3766381,1,NA,"India","Colony of",4,0.147857142857143,1,1,"United Kingdom","Sovereign",1,0.494468085106383,206200.574418696,3766381
"200","850","200-850",16.8806284229296,"116772.23905260258",0.4,0.6,0.96,"bridge",116772.239052603,1,NA,"Indonesia (Dutch East Indies)","Colony of",4,0.246363636363636,1,1,"United Kingdom","Sovereign",1,0.494468085106383,116772.239052603,NA
"200","901","200-901",20.0730355233695,"583154",0.45,0.55,0.99,"bridge",583154,1,1,"New South Wales","Colony of",4,0.2475,1,1,"United Kingdom","Sovereign",1,0.494468085106383,583154,NA
"210","140","140-210",16.4830937308881,"4394.82135416503",0.5,0.5,1,"bridge",4394.82135416503,1,NA,"Brazil","Sovereign",3,0.589285714285714,1,NA,"Netherlands","Sovereign",3,0.661176470588235,4394.82135416503,NA
"210","165","165-210",16.3151033964389,"7491.0492977141275",0.6,0.4,0.96,"3",7491.04929771413,1,1,"Uruguay","Sovereign",3,0.624545454545455,1,NA,"Netherlands","Sovereign",3,0.661176470588235,7491.04929771413,NA
"210","2","2-210",17.670141061753,"530947.0294972996",0.05,0.95,0.19,"bridge",530947.0294973,1,1,"United States of America","Sovereign",1,0.283846153846154,1,NA,"Netherlands","Sovereign",3,0.661176470588235,530947.0294973,NA
"210","200","200-210",18.9465567307091,"3549429",0.1,0.9,0.36,"bridge",3549429,1,1,"United Kingdom","Sovereign",1,0.494468085106383,1,NA,"Netherlands","Sovereign",3,0.661176470588235,3549429,NA
"210","211","210-211",18.8966227691544,"586858.4018570248",0.55,0.45,0.99,"3",586858.401857025,1,1,"Belgium","Sovereign",3,0.4853125,1,NA,"Netherlands","Sovereign",3,0.661176470588235,586858.401857025,NA
"210","220","210-220",17.4990058728815,"601959.3185663138",0,1,0,"bridge",601959.318566314,1,1,"France","Sovereign",0,0.0311764705882353,1,NA,"Netherlands","Sovereign",3,0.661176470588235,601959.318566314,NA
"210","230","210-230",16.0718724439677,"17665.342093874176",0.4,0.6,0.96,"bridge",17665.3420938742,1,NA,"Spain","Sovereign",3,0.576071428571429,1,NA,"Netherlands","Sovereign",3,0.661176470588235,17665.3420938742,NA
"210","235","210-235",16.7024108233084,"18908.604477318328",0.55,0.45,0.99,"3",18908.6044773183,1,NA,"Portugal","Sovereign",3,0.51,1,NA,"Netherlands","Sovereign",3,0.661176470588235,18908.6044773183,NA
"210","300","210-300",17.2239358137662,"50875.3983554314",0.15,0.85,0.51,"bridge",50875.3983554314,1,NA,"Austria-Hungary (Austrian Empire)","Sovereign",2,0.0577272727272727,1,NA,"Netherlands","Sovereign",3,0.661176470588235,50875.3983554314,NA
"210","324","210-324",15.0153663001004,"7990.71487587048",0.2,0.8,0.64,"bridge",7990.71487587048,1,1,"Kingdom of Sardinia","Sovereign",3,0.226956521739131,1,NA,"Netherlands","Sovereign",3,0.661176470588235,7990.71487587048,NA
"210","327","210-327",16.8807288784006,"1007.1999055750088",0.05,0.95,0.19,"bridge",1007.19990557501,1,NA,"Papal States","Sovereign",0,0.135714285714286,1,NA,"Netherlands","Sovereign",3,0.661176470588235,1007.19990557501,NA
"210","337","210-337",16.5312747705436,"17956",0.15,0.85,0.51,"bridge",17956,1,NA,"Tuscany","Sovereign",2,0.0695238095238095,1,NA,"Netherlands","Sovereign",3,0.661176470588235,17956,NA
"210","365","210-365",18.6458274917775,"687102.1017153473",0.4,0.6,0.96,"bridge",687102.101715347,1,1,"Russia (USSR)","Sovereign",3,0.252857142857143,1,NA,"Netherlands","Sovereign",3,0.661176470588235,687102.101715347,NA
"210","380","210-380",18.2638486307848,"73128.79440238663",0.45,0.55,0.99,"bridge",73128.7944023866,1,1,"Sweden","Sovereign",3,0.330476190476191,1,NA,"Netherlands","Sovereign",3,0.661176470588235,73128.7944023866,NA
"210","561","210-561",13.6896988223173,"135",0.2,0.8,0.64,"bridge",135,1,NA,"Cape Colony (Cape of Good Hope)","Colony of",4,0.117058823529412,1,NA,"Netherlands","Sovereign",3,0.661176470588235,135,NA
"210","640","210-640",17.257737532641,"46763.976865877165",0.15,0.85,0.51,"bridge",46763.9768658772,1,NA,"Turkey (Ottoman Empire)","Sovereign",2,0.10625,1,NA,"Netherlands","Sovereign",3,0.661176470588235,46763.9768658772,NA
"210","850","210-850",21.0132188412021,"2455128.457331707",0.3,0.7,0.84,"bridge",2455128.45733171,1,NA,"Indonesia (Dutch East Indies)","Colony of",4,0.246363636363636,1,NA,"Netherlands","Sovereign",3,0.661176470588235,2455128.45733171,NA
"211","165","165-211",19.7724628060892,"92080.10386749025",0.75,0.25,0.75,"3",92080.1038674902,1,1,"Uruguay","Sovereign",3,0.624545454545455,1,1,"Belgium","Sovereign",3,0.4853125,92080.1038674902,NA
"211","2","2-211",17.973456095642,"278541.7532197756|75409.64708659558",0.2,0.8,0.64,"bridge",278541.753219776,1,1,"United States of America","Sovereign",1,0.283846153846154,1,1,"Belgium","Sovereign",3,0.4853125,278541.753219776,75409.6470865956
"211","200","200-211",18.6939764058837,"1068010|695146.634142503",0.05,0.95,0.19,"bridge",1068010,1,1,"United Kingdom","Sovereign",1,0.494468085106383,1,1,"Belgium","Sovereign",3,0.4853125,1068010,695146.634142503
"211","220","211-220",20.1726554830079,"1770468.5840185701|3118091.0414289646",0,1,0,"bridge",3118091.04142896,1,1,"France","Sovereign",0,0.0311764705882353,1,1,"Belgium","Sovereign",3,0.4853125,1770468.58401857,3118091.04142896
"211","380","211-380",17.7484963384935,"16039.504843875027|4648",0.65,0.35,0.91,"3",16039.504843875,1,1,"Sweden","Sovereign",3,0.330476190476191,1,1,"Belgium","Sovereign",3,0.4853125,16039.504843875,4648
"220","165","165-220",19.9772362945948,"87095.2512098202|145433.81311996598",0,1,0,"bridge",145433.813119966,1,1,"Uruguay","Sovereign",3,0.624545454545455,1,1,"France","Sovereign",0,0.0311764705882353,87095.2512098202,145433.813119966
"220","327","220-327",19.8548640745905,"29238",0.95,0.05,0.19,"0",29238,1,NA,"Papal States","Sovereign",0,0.135714285714286,1,1,"France","Sovereign",0,0.0311764705882353,29238,NA
"220","3271","220-3271",15.5107251696885,"698",1,0,0,"0",698,1,1,"Ancona","Occupied by",0,0.0146153846153846,1,1,"France","Sovereign",0,0.0311764705882353,698,NA
"220","561","220-561",17.2009428122493,"90|34574",0,1,0,"bridge",34574,1,NA,"Cape Colony (Cape of Good Hope)","Colony of",4,0.117058823529412,1,1,"France","Sovereign",0,0.0311764705882353,90,34574
"220","600","220-600",19.70711341083,"58342.84140535862",0,1,0,"bridge",58342.8414053586,NA,NA,"Morocco","Sovereign (unrecognized)",1,0.495,1,1,"France","Sovereign",0,0.0311764705882353,58342.8414053586,NA
"220","652","220-652",19.672005112242,"174662.62737537868",0,1,0,"bridge",174662.627375379,1,1,"Syria","Occupied by",2,0,1,1,"France","Sovereign",0,0.0311764705882353,174662.627375379,NA
"220","840","220-840",18.0284083282387,"14165.55458332731",0,1,0,"bridge",14165.5545833273,1,NA,"Philippines","Colony of",4,0.24,1,1,"France","Sovereign",0,0.0311764705882353,14165.5545833273,NA
"225","220","220-225",20.0996217608505,"1514734.2329936656",0.05,0.95,0.19,"bridge",1514734.23299367,1,1,"France","Sovereign",0,0.0311764705882353,1,NA,"Switzerland","Sovereign",0,0.19,1514734.23299367,NA
"225","324","225-324",18.6252762871791,"55167.801078018645",0.95,0.05,0.19,"3",55167.8010780186,1,1,"Kingdom of Sardinia","Sovereign",3,0.226956521739131,1,NA,"Switzerland","Sovereign",0,0.19,55167.8010780186,NA
"225","337","225-337",19.1758195571718,"47212.495573828535",0.95,0.05,0.19,"2",47212.4955738285,1,NA,"Tuscany","Sovereign",2,0.0695238095238095,1,NA,"Switzerland","Sovereign",0,0.19,47212.4955738285,NA
"230","140","140-230",19.5998698252351,"32390.43906248794|25911.79132076956",0.9,0.1,0.36,"3",32390.4390624879,1,NA,"Brazil","Sovereign",3,0.589285714285714,1,NA,"Spain","Sovereign",3,0.576071428571429,32390.4390624879,25911.7913207696
"230","165","165-230",19.705933156394,"68477.79045520714|13557.854978951094",0.65,0.35,0.91,"3",68477.7904552071,1,1,"Uruguay","Sovereign",3,0.624545454545455,1,NA,"Spain","Sovereign",3,0.576071428571429,68477.7904552071,13557.8549789511
"230","2","2-230",18.4277243565594,"105718.3215621105|294822.36298540345",0.65,0.35,0.91,"1",294822.362985403,1,1,"United States of America","Sovereign",1,0.283846153846154,1,NA,"Spain","Sovereign",3,0.576071428571429,105718.32156211,294822.362985403
"230","200","200-230",19.3030225688025,"261532|1325620.647598064",0.3,0.7,0.84,"bridge",1325620.64759806,1,1,"United Kingdom","Sovereign",1,0.494468085106383,1,NA,"Spain","Sovereign",3,0.576071428571429,261532,1325620.64759806
"230","211","211-230",17.6127592972483,"18581.579257976944|31947.12200495731",0.55,0.45,0.99,"3",31947.1220049573,1,1,"Belgium","Sovereign",3,0.4853125,1,NA,"Spain","Sovereign",3,0.576071428571429,18581.5792579769,31947.1220049573
"230","220","220-230",19.8626696177119,"2089152.9291419128|352665.53881260566",0,1,0,"bridge",2089152.92914191,1,1,"France","Sovereign",0,0.0311764705882353,1,NA,"Spain","Sovereign",3,0.576071428571429,2089152.92914191,352665.538812606
"230","235","230-235",17.2974484007839,"11193.295825628516|5626.155722547901",0.35,0.65,0.91,"bridge",11193.2958256285,1,NA,"Portugal","Sovereign",3,0.51,1,NA,"Spain","Sovereign",3,0.576071428571429,11193.2958256285,5626.1557225479
"230","300","230-300",17.5316296373102,"22595.11350670811|6373.686902466852",0,1,0,"bridge",22595.1135067081,1,NA,"Austria-Hungary (Austrian Empire)","Sovereign",2,0.0577272727272727,1,NA,"Spain","Sovereign",3,0.576071428571429,22595.1135067081,6373.68690246685
"230","324","230-324",18.2301441867833,"64956.525160325764|29802.887830979264",0.05,0.95,0.19,"bridge",64956.5251603258,1,1,"Kingdom of Sardinia","Sovereign",3,0.226956521739131,1,NA,"Spain","Sovereign",3,0.576071428571429,64956.5251603258,29802.8878309793
"230","327","230-327",20.3562684551244,"10626.745878742573",0,1,0,"bridge",10626.7458787426,1,NA,"Papal States","Sovereign",0,0.135714285714286,1,NA,"Spain","Sovereign",3,0.576071428571429,10626.7458787426,NA
"230","365","230-365",17.6415604402408,"78129.48055001741|25742.61321163001",0.3,0.7,0.84,"bridge",78129.4805500174,1,1,"Russia (USSR)","Sovereign",3,0.252857142857143,1,NA,"Spain","Sovereign",3,0.576071428571429,78129.4805500174,25742.61321163
"230","380","230-380",17.7303295726887,"9870.694294914234|2316",0.3,0.7,0.84,"bridge",9870.69429491423,1,1,"Sweden","Sovereign",3,0.330476190476191,1,NA,"Spain","Sovereign",3,0.576071428571429,9870.69429491423,2316
"230","600","230-600",15.0174700860477,"118.03123893457135",0.4,0.6,0.96,"bridge",118.031238934571,NA,NA,"Morocco","Sovereign (unrecognized)",1,0.495,1,NA,"Spain","Sovereign",3,0.576071428571429,118.031238934571,NA
"230","840","230-840",21.2097822671049,"33697.28666665234|76964.23653460282",0,1,0,"bridge",76964.2365346028,1,NA,"Philippines","Colony of",4,0.24,1,NA,"Spain","Sovereign",3,0.576071428571429,33697.2866666523,76964.2365346028
"231","2","2-231",18.3229771606071,"126675.94515995015",0.55,0.45,0.99,"1",126675.94515995,1,1,"United States of America","Sovereign",1,0.283846153846154,1,NA,"Gibraltar","Colony of",3,0.816,126675.94515995,NA
"231","200","200-231",19.653693997409,"894096",0.35,0.65,0.91,"bridge",894096,1,1,"United Kingdom","Sovereign",1,0.494468085106383,1,NA,"Gibraltar","Colony of",3,0.816,894096,NA
"231","230","230-231",19.0877434067174,"44773.183302514066",0.5,0.5,1,"bridge",44773.1833025141,1,NA,"Spain","Sovereign",3,0.576071428571429,1,NA,"Gibraltar","Colony of",3,0.816,44773.1833025141,NA
"231","324","231-324",17.0195557332194,"7364",0.45,0.55,0.99,"bridge",7364,1,1,"Kingdom of Sardinia","Sovereign",3,0.226956521739131,1,NA,"Gibraltar","Colony of",3,0.816,7364,NA
"231","380","231-380",16.9237523388098,"2378",0.05,0.95,0.19,"bridge",2378,1,1,"Sweden","Sovereign",3,0.330476190476191,1,NA,"Gibraltar","Colony of",3,0.816,2378,NA
"235","165","165-235",18.0532561415742,"8942.833536609356",0.65,0.35,0.91,"3",8942.83353660936,1,1,"Uruguay","Sovereign",3,0.624545454545455,1,NA,"Portugal","Sovereign",3,0.51,8942.83353660936,NA
"235","2","2-235",17.0946193099017,"14119.235562941421|44289.25522288232",0,1,0,"bridge",44289.2552228823,1,1,"United States of America","Sovereign",1,0.283846153846154,1,NA,"Portugal","Sovereign",3,0.51,14119.2355629414,44289.2552228823
"235","200","200-235",19.6700500367961,"1465395|1090223.0790415865",0,1,0,"bridge",1465395,1,1,"United Kingdom","Sovereign",1,0.494468085106383,1,NA,"Portugal","Sovereign",3,0.51,1465395,1090223.07904159
"235","211","211-235",17.9601147039649,"3893.417791242082|25762.28508478577",0.55,0.45,0.99,"3",25762.2850847858,1,1,"Belgium","Sovereign",3,0.4853125,1,NA,"Portugal","Sovereign",3,0.51,3893.41779124208,25762.2850847858
"235","220","220-235",16.7552867409081,"59015.61946728567|29566.82535311012",0,1,0,"bridge",59015.6194672857,1,1,"France","Sovereign",0,0.0311764705882353,1,NA,"Portugal","Sovereign",3,0.51,59015.6194672857,29566.8253531101
"235","300","235-300",17.8975422701612,"20946.610536255263|3930.440256521226",0,1,0,"bridge",20946.6105362553,1,NA,"Austria-Hungary (Austrian Empire)","Sovereign",2,0.0577272727272727,1,NA,"Portugal","Sovereign",3,0.51,20946.6105362553,3930.44025652123
"235","324","235-324",18.836362608357,"76574.73344611873|23256.088444741705",0.05,0.95,0.19,"bridge",76574.7334461187,1,1,"Kingdom of Sardinia","Sovereign",3,0.226956521739131,1,NA,"Portugal","Sovereign",3,0.51,76574.7334461187,23256.0884447417
"235","365","235-365",17.923141345084,"70020.47460693323|17936.81394342369",0.7,0.3,0.84,"3",70020.4746069332,1,1,"Russia (USSR)","Sovereign",3,0.252857142857143,1,NA,"Portugal","Sovereign",3,0.51,70020.4746069332,17936.8139434237
"235","380","235-380",19.9423867996497,"82249.00430548372",0.7,0.3,0.84,"3",82249.0043054837,1,1,"Sweden","Sovereign",3,0.330476190476191,1,NA,"Portugal","Sovereign",3,0.51,82249.0043054837,NA
"235","600","235-600",19.964857938279,"10685.761498209858",0.85,0.15,0.51,"1",10685.7614982099,NA,NA,"Morocco","Sovereign (unrecognized)",1,0.495,1,NA,"Portugal","Sovereign",3,0.51,10685.7614982099,NA
"239","2","2-239",15.3080806550039,"13639.592854175322",0.05,0.95,0.19,"bridge",13639.5928541753,1,1,"United States of America","Sovereign",1,0.283846153846154,1,NA,"Prussia","Sovereign",3,0.368571428571429,13639.5928541753,NA
"239","200","200-239",17.116502722391,"155223",0.05,0.95,0.19,"bridge",155223,1,1,"United Kingdom","Sovereign",1,0.494468085106383,1,NA,"Prussia","Sovereign",3,0.368571428571429,155223,NA
"239","211","211-239",20.6049971419406,"883183.2238265728",0.65,0.35,0.91,"3",883183.223826573,1,1,"Belgium","Sovereign",3,0.4853125,1,NA,"Prussia","Sovereign",3,0.368571428571429,883183.223826573,NA
"239","220","220-239",18.9404684855786,"693691.4082842959",0,1,0,"bridge",693691.408284296,1,1,"France","Sovereign",0,0.0311764705882353,1,NA,"Prussia","Sovereign",3,0.368571428571429,693691.408284296,NA
"239","230","230-239",16.6535465866669,"8616.280442223708",0.35,0.65,0.91,"bridge",8616.28044222371,1,NA,"Spain","Sovereign",3,0.576071428571429,1,NA,"Prussia","Sovereign",3,0.368571428571429,8616.28044222371,NA
"239","365","239-365",19.7227600325912,"549929.5515695068",0.95,0.05,0.19,"3",549929.551569507,1,1,"Russia (USSR)","Sovereign",3,0.252857142857143,1,NA,"Prussia","Sovereign",3,0.368571428571429,549929.551569507,NA
"239","380","239-380",19.2985846453245,"56111.06027971983",0.95,0.05,0.19,"3",56111.0602797198,1,1,"Sweden","Sovereign",3,0.330476190476191,1,NA,"Prussia","Sovereign",3,0.368571428571429,56111.0602797198,NA
"240","220","220-240",20.1520649295965,"9651.512767045677",0.15,0.85,0.51,"bridge",9651.51276704568,1,1,"France","Sovereign",0,0.0311764705882353,1,NA,"Hanover","Sovereign",0,0.51,9651.51276704568,NA
"240","235","235-240",18.476660588859,"125.8999881968761",0.85,0.15,0.51,"3",125.899988196876,1,NA,"Portugal","Sovereign",3,0.51,1,NA,"Hanover","Sovereign",0,0.51,125.899988196876,NA
"248","165","165-248",21.4532731723399,"7498.918046976432",0.7,0.3,0.84,"3",7498.91804697643,1,1,"Uruguay","Sovereign",3,0.624545454545455,1,NA,"Hamburg","Sovereign (unrecognized)",4,0.6075,7498.91804697643,NA
"248","235","235-248",21.866018239711,"19416.138804736987",0.75,0.25,0.75,"3",19416.138804737,1,NA,"Portugal","Sovereign",3,0.51,1,NA,"Hamburg","Sovereign (unrecognized)",4,0.6075,19416.138804737,NA
"248","337","248-337",21.7596601977599,"19671.873155761892",0,1,0,"bridge",19671.8731557619,1,NA,"Tuscany","Sovereign",2,0.0695238095238095,1,NA,"Hamburg","Sovereign (unrecognized)",4,0.6075,19671.8731557619,NA
"248","840","248-840",22.3613567807144,"4273.708388887072",0.3,0.7,0.84,"bridge",4273.70838888707,1,NA,"Philippines","Colony of",4,0.24,1,NA,"Hamburg","Sovereign (unrecognized)",4,0.6075,4273.70838888707,NA
"280","211","211-280",18.5697160954392,"808.8287366723059",0.85,0.15,0.51,"3",808.828736672306,1,1,"Belgium","Sovereign",3,0.4853125,1,NA,"Mecklenburg Schwerin","Sovereign (limited)",0,0.51,808.828736672306,NA
"280","220","220-280",20.1149073138073,"15737.498524609513",0.15,0.85,0.51,"bridge",15737.4985246095,1,1,"France","Sovereign",0,0.0311764705882353,1,NA,"Mecklenburg Schwerin","Sovereign (limited)",0,0.51,15737.4985246095,NA
"2901","365","2901-365",21.1795537356245,"430205.2466367713",1,0,0,"3",430205.246636771,1,1,"Russia (USSR)","Sovereign",3,0.252857142857143,1,NA,"Congress Poland","Dependency of",3,0,430205.246636771,NA
"300","2","2-300",17.4817675906166,"133615.08101371|75823.26789156863",0,1,0,"bridge",133615.08101371,1,1,"United States of America","Sovereign",1,0.283846153846154,1,NA,"Austria-Hungary (Austrian Empire)","Sovereign",2,0.0577272727272727,133615.08101371,75823.2678915686
"300","211","211-300",17.3748766071036,"31781.36680174686|22917.732226462602",0,1,0,"bridge",31781.3668017469,1,1,"Belgium","Sovereign",3,0.4853125,1,NA,"Austria-Hungary (Austrian Empire)","Sovereign",2,0.0577272727272727,31781.3668017469,22917.7322264626
"300","220","220-300",18.2139800360304,"165243.73450839988|203076.68096156116",0,1,0,"bridge",203076.680961561,1,1,"France","Sovereign",0,0.0311764705882353,1,NA,"Austria-Hungary (Austrian Empire)","Sovereign",2,0.0577272727272727,165243.7345084,203076.680961561
"300","324","300-324",20.5159072798885,"594365.9755281898|42845.3397332494",0.95,0.05,0.19,"3",594365.97552819,1,1,"Kingdom of Sardinia","Sovereign",3,0.226956521739131,1,NA,"Austria-Hungary (Austrian Empire)","Sovereign",2,0.0577272727272727,594365.97552819,42845.3397332494
"300","3271","300-3271",22.0669188909965,"100601.95931856631",0,1,0,"bridge",100601.959318566,1,1,"Ancona","Occupied by",0,0.0146153846153846,1,NA,"Austria-Hungary (Austrian Empire)","Sovereign",2,0.0577272727272727,100601.959318566,NA
"300","329","300-329",20.6123950235666,"73930.83369398434|146272.1800369831",0.05,0.95,0.19,"bridge",146272.180036983,1,1,"Two Sicilies","Sovereign",0,0.103636363636364,1,NA,"Austria-Hungary (Austrian Empire)","Sovereign",2,0.0577272727272727,73930.8336939843,146272.180036983
"300","365","300-365",19.743369256614,"625592.3766816143|27749.144273517722",0,1,0,"bridge",625592.376681614,1,1,"Russia (USSR)","Sovereign",3,0.252857142857143,1,NA,"Austria-Hungary (Austrian Empire)","Sovereign",2,0.0577272727272727,625592.376681614,27749.1442735177
"300","380","300-380",16.4539045951526,"3636.2486544573835",0.05,0.95,0.19,"bridge",3636.24865445738,1,1,"Sweden","Sovereign",3,0.330476190476191,1,NA,"Austria-Hungary (Austrian Empire)","Sovereign",2,0.0577272727272727,3636.24865445738,NA
"300","652","300-652",16.7632070131998,"1951.4498170515794",1,0,0,"2",1951.44981705158,1,1,"Syria","Occupied by",2,0,1,NA,"Austria-Hungary (Austrian Empire)","Sovereign",2,0.0577272727272727,1951.44981705158,NA
"324","211","211-324",15.4837868427678,"4117.008301530472",0.05,0.95,0.19,"bridge",4117.00830153047,1,1,"Belgium","Sovereign",3,0.4853125,1,1,"Kingdom of Sardinia","Sovereign",3,0.226956521739131,4117.00830153047,NA
"324","220","220-324",19.926185682546,"1451784.2388952274|1574867.2148561985",0,1,0,"bridge",1574867.2148562,1,1,"France","Sovereign",0,0.0311764705882353,1,1,"Kingdom of Sardinia","Sovereign",3,0.226956521739131,1451784.23889523,1574867.2148562
"324","350","324-350",19.1136671881831,"12350.001967187314",0.95,0.05,0.19,"2",12350.0019671873,1,NA,"Greece","Sovereign",2,0.035625,1,1,"Kingdom of Sardinia","Sovereign",3,0.226956521739131,12350.0019671873,NA
"324","380","324-380",16.6746995239134,"3178",0.1,0.9,0.36,"bridge",3178,1,1,"Sweden","Sovereign",3,0.330476190476191,1,1,"Kingdom of Sardinia","Sovereign",3,0.226956521739131,3178,NA
"327","211","211-327",13.2437945112684,"177",0,1,0,"bridge",177,1,1,"Belgium","Sovereign",3,0.4853125,1,NA,"Papal States","Sovereign",0,0.135714285714286,177,NA
"327","300","300-327",21.864349695957,"453153.4012668686",0.05,0.95,0.19,"bridge",453153.401266869,1,NA,"Austria-Hungary (Austrian Empire)","Sovereign",2,0.0577272727272727,1,NA,"Papal States","Sovereign",0,0.135714285714286,453153.401266869,NA
"327","324","324-327",20.4393231153498,"114852.26423260022|7530.393044025652",0.05,0.95,0.19,"bridge",114852.2642326,1,1,"Kingdom of Sardinia","Sovereign",3,0.226956521739131,1,NA,"Papal States","Sovereign",0,0.135714285714286,114852.2642326,7530.39304402565
"327","337","327-337",21.7567440346957,"175079.6710862808|15914.54538301137",0.05,0.95,0.19,"bridge",175079.671086281,1,NA,"Tuscany","Sovereign",2,0.0695238095238095,1,NA,"Papal States","Sovereign",0,0.135714285714286,175079.671086281,15914.5453830114
"327","350","327-350",14.3666438896724,"43.27812094267616",0.05,0.95,0.19,"bridge",43.2781209426762,1,NA,"Greece","Sovereign",2,0.035625,1,NA,"Papal States","Sovereign",0,0.135714285714286,43.2781209426762,NA
"327","380","327-380",16.5605936427055,"1145",0.05,0.95,0.19,"bridge",1145,1,1,"Sweden","Sovereign",3,0.330476190476191,1,NA,"Papal States","Sovereign",0,0.135714285714286,1145,NA
"329","211","211-329",17.582788452524,"16628.044222370852",0,1,0,"bridge",16628.0442223709,1,1,"Belgium","Sovereign",3,0.4853125,1,1,"Two Sicilies","Sovereign",0,0.103636363636364,16628.0442223709,NA
"329","220","220-329",20.1087966422373,"287209.3480741236|218113.86080182553",0.95,0.05,0.19,"0",287209.348074124,1,1,"France","Sovereign",0,0.0311764705882353,1,1,"Two Sicilies","Sovereign",0,0.103636363636364,287209.348074124,218113.860801826
"329","230","230-329",17.3505066555367,"6688.436872959042",0,1,0,"bridge",6688.43687295904,1,NA,"Spain","Sovereign",3,0.576071428571429,1,1,"Two Sicilies","Sovereign",0,0.103636363636364,6688.43687295904,NA
"329","235","235-329",16.4956723302473,"1620.9623480347798",0,1,0,"bridge",1620.96234803478,1,NA,"Portugal","Sovereign",3,0.51,1,1,"Two Sicilies","Sovereign",0,0.103636363636364,1620.96234803478,NA
"329","324","324-329",20.9927618128219,"332226.4626037691",0.05,0.95,0.19,"bridge",332226.462603769,1,1,"Kingdom of Sardinia","Sovereign",3,0.226956521739131,1,1,"Two Sicilies","Sovereign",0,0.103636363636364,332226.462603769,NA
"329","327","327-329",20.7106931577519,"4890.427666522406",1,0,0,"0",4890.42766652241,1,NA,"Papal States","Sovereign",0,0.135714285714286,1,1,"Two Sicilies","Sovereign",0,0.103636363636364,4890.42766652241,NA
"329","3271","3271-329",21.4958670683919,"19719.085651335718",0.95,0.05,0.19,"0",19719.0856513357,1,1,"Ancona","Occupied by",0,0.0146153846153846,1,1,"Two Sicilies","Sovereign",0,0.103636363636364,19719.0856513357,NA
"329","337","329-337",20.3984552615134,"90490.6165165047",0.05,0.95,0.19,"bridge",90490.6165165047,1,NA,"Tuscany","Sovereign",2,0.0695238095238095,1,1,"Two Sicilies","Sovereign",0,0.103636363636364,90490.6165165047,NA
"329","380","329-380",16.6908634131583,"1599",0.05,0.95,0.19,"bridge",1599,1,1,"Sweden","Sovereign",3,0.330476190476191,1,1,"Two Sicilies","Sovereign",0,0.103636363636364,1599,NA
"3349","200","200-3349",19.6948261452245,"96100",0,1,0,"bridge",96100,1,1,"United Kingdom","Sovereign",1,0.494468085106383,1,NA,"Ionian Is.","Protectorate of",2,0.0316666666666667,96100,NA
"3349","211","211-3349",16.7649721291682,"892",0,1,0,"bridge",892,1,1,"Belgium","Sovereign",3,0.4853125,1,NA,"Ionian Is.","Protectorate of",2,0.0316666666666667,892,NA
"3349","300","300-3349",18.4481334138378,"2217",1,0,0,"2",2217,1,NA,"Austria-Hungary (Austrian Empire)","Sovereign",2,0.0577272727272727,1,NA,"Ionian Is.","Protectorate of",2,0.0316666666666667,2217,NA
"3349","324","324-3349",16.9687783113251,"722",0.95,0.05,0.19,"3",722,1,1,"Kingdom of Sardinia","Sovereign",3,0.226956521739131,1,NA,"Ionian Is.","Protectorate of",2,0.0316666666666667,722,NA
"3349","337","3349-337",20.1050287318645,"8201",1,0,0,"2",8201,1,NA,"Tuscany","Sovereign",2,0.0695238095238095,1,NA,"Ionian Is.","Protectorate of",2,0.0316666666666667,8201,NA
"3349","350","3349-350",20.4350527844887,"2785.5372388558835",1,0,0,"2",2785.53723885588,1,NA,"Greece","Sovereign",2,0.035625,1,NA,"Ionian Is.","Protectorate of",2,0.0316666666666667,2785.53723885588,NA
"335","211","211-335",15.2791316669073,"308",0.1,0.9,0.36,"bridge",308,1,1,"Belgium","Sovereign",3,0.4853125,1,NA,"Parma","Sovereign (unrecognized)",3,0.275,308,NA
"335","324","324-335",22.0014738488477,"168922.37478852735",0.95,0.05,0.19,"3",168922.374788527,1,1,"Kingdom of Sardinia","Sovereign",3,0.226956521739131,1,NA,"Parma","Sovereign (unrecognized)",3,0.275,168922.374788527,NA
"337","211","211-337",17.3316316180518,"396|15485",0,1,0,"bridge",15485,1,1,"Belgium","Sovereign",3,0.4853125,1,NA,"Tuscany","Sovereign",2,0.0695238095238095,396,15485
"337","220","220-337",19.2758715795953,"428846.83479560923|328520.2817012236",0,1,0,"bridge",428846.834795609,1,1,"France","Sovereign",0,0.0311764705882353,1,NA,"Tuscany","Sovereign",2,0.0695238095238095,428846.834795609,328520.281701224
"337","230","230-337",17.7418799752083,"6413.030648778376|19671.873155761892",0,1,0,"bridge",19671.8731557619,1,NA,"Spain","Sovereign",3,0.576071428571429,1,NA,"Tuscany","Sovereign",2,0.0695238095238095,6413.03064877838,19671.8731557619
"337","300","300-337",19.4233039383015,"22130.85730023213|98359.36577880946",1,0,0,"2",98359.3657788095,1,NA,"Austria-Hungary (Austrian Empire)","Sovereign",2,0.0577272727272727,1,NA,"Tuscany","Sovereign",2,0.0695238095238095,22130.8573002321,98359.3657788095
"337","324","324-337",21.0180047980827,"389538.4978557658|135735.92477475703",0.95,0.05,0.19,"3",389538.497855766,1,1,"Kingdom of Sardinia","Sovereign",3,0.226956521739131,1,NA,"Tuscany","Sovereign",2,0.0695238095238095,389538.497855766,135735.924774757
"337","380","337-380",17.0264168299967,"2557",0.05,0.95,0.19,"bridge",2557,1,1,"Sweden","Sovereign",3,0.330476190476191,1,NA,"Tuscany","Sovereign",2,0.0695238095238095,2557,NA
"337","640","337-640",19.3627808566716,"46256.442538458505",1,0,0,"2",46256.4425384585,1,NA,"Turkey (Ottoman Empire)","Sovereign",2,0.10625,1,NA,"Tuscany","Sovereign",2,0.0695238095238095,46256.4425384585,NA
"337","651","337-651",20.711806438244,"83829.72026596373|92457.80383208088",1,0,0,"2",92457.8038320809,1,NA,"Egypt Arab Republic (Egypt)","Sovereign (unrecognized)",2,0,1,NA,"Tuscany","Sovereign",2,0.0695238095238095,83829.7202659637,92457.8038320809
"337","652","337-652",20.862272192265,"46665.61750009836",1,0,0,"2",46665.6175000984,1,1,"Syria","Occupied by",2,0,1,NA,"Tuscany","Sovereign",2,0.0695238095238095,46665.6175000984,NA
"338","2","2-338",17.5628473815375,"17024.304113003738",0,1,0,"bridge",17024.3041130037,1,1,"United States of America","Sovereign",1,0.283846153846154,1,1,"Malta","Colony of",2,0.0422222222222222,17024.3041130037,NA
"338","200","200-338",19.5254532891495,"226040",0,1,0,"bridge",226040,1,1,"United Kingdom","Sovereign",1,0.494468085106383,1,1,"Malta","Colony of",2,0.0422222222222222,226040,NA
"338","300","300-338",18.3782204428627,"5760",1,0,0,"2",5760,1,NA,"Austria-Hungary (Austrian Empire)","Sovereign",2,0.0577272727272727,1,1,"Malta","Colony of",2,0.0422222222222222,5760,NA
"338","324","324-338",16.8989547845654,"1876",0.95,0.05,0.19,"3",1876,1,1,"Kingdom of Sardinia","Sovereign",3,0.226956521739131,1,1,"Malta","Colony of",2,0.0422222222222222,1876,NA
"338","337","337-338",20.0350658425206,"21306",1,0,0,"2",21306,1,NA,"Tuscany","Sovereign",2,0.0695238095238095,1,1,"Malta","Colony of",2,0.0422222222222222,21306,NA
"338","350","338-350",17.6437037016327,"476.05933036943776",1,0,0,"2",476.059330369438,1,NA,"Greece","Sovereign",2,0.035625,1,1,"Malta","Colony of",2,0.0422222222222222,476.059330369438,NA
"338","380","338-380",16.8034777112544,"606",0.05,0.95,0.19,"bridge",606,1,1,"Sweden","Sovereign",3,0.330476190476191,1,1,"Malta","Colony of",2,0.0422222222222222,606,NA
"338","640","338-640",20.2815245998591,"34335.287406066804",1,0,0,"2",34335.2874060668,1,NA,"Turkey (Ottoman Empire)","Sovereign",2,0.10625,1,1,"Malta","Colony of",2,0.0422222222222222,34335.2874060668,NA
"338","651","338-651",17.6156612058931,"1620",1,0,0,"2",1620,1,NA,"Egypt Arab Republic (Egypt)","Sovereign (unrecognized)",2,0,1,1,"Malta","Colony of",2,0.0422222222222222,1620,NA
"350","2","2-350",14.6133339797035,"1545.4923140839219",0,1,0,"bridge",1545.49231408392,1,1,"United States of America","Sovereign",1,0.283846153846154,1,NA,"Greece","Sovereign",2,0.035625,1545.49231408392,NA
"350","200","200-350",19.1033582408853,"20887|170212.84966754532",0,1,0,"bridge",170212.849667545,1,1,"United Kingdom","Sovereign",1,0.494468085106383,1,NA,"Greece","Sovereign",2,0.035625,20887,170212.849667545
"350","211","211-350",15.9233144666499,"1857",0,1,0,"bridge",1857,1,1,"Belgium","Sovereign",3,0.4853125,1,NA,"Greece","Sovereign",2,0.035625,1857,NA
"350","220","220-350",18.0724666878639,"62949.99409843805|30369.43777786521",0,1,0,"bridge",62949.994098438,1,1,"France","Sovereign",0,0.0311764705882353,1,NA,"Greece","Sovereign",2,0.035625,62949.994098438,30369.4377778652
"350","300","300-350",21.9109693647503,"341688.63359169057|58704.803871424636",1,0,0,"2",341688.633591691,1,NA,"Austria-Hungary (Austrian Empire)","Sovereign",2,0.0577272727272727,1,NA,"Greece","Sovereign",2,0.035625,341688.633591691,58704.8038714246
"350","3271","3271-350",21.6602646013905,"13644.411220836448",0,1,0,"bridge",13644.4112208364,1,1,"Ancona","Occupied by",0,0.0146153846153846,1,NA,"Greece","Sovereign",2,0.035625,13644.4112208364,NA
"350","337","337-350",20.0148190400363,"36196.246606601875|865.5624188535231",1,0,0,"2",36196.2466066019,1,NA,"Tuscany","Sovereign",2,0.0695238095238095,1,NA,"Greece","Sovereign",2,0.035625,36196.2466066019,865.562418853523
"350","380","350-380",16.163372029602,"553.9020452084126",0.05,0.95,0.19,"bridge",553.902045208413,1,1,"Sweden","Sovereign",3,0.330476190476191,1,NA,"Greece","Sovereign",2,0.035625,553.902045208413,NA
"350","651","350-651",20.5685622172152,"53814.376204902226|14871.936105755989",1,0,0,"2",53814.3762049022,1,NA,"Egypt Arab Republic (Egypt)","Sovereign (unrecognized)",2,0,1,NA,"Greece","Sovereign",2,0.035625,53814.3762049022,14871.936105756
"350","652","350-652",14.3450425683009,"35.4093716803714",1,0,0,"2",35.4093716803714,1,1,"Syria","Occupied by",2,0,1,NA,"Greece","Sovereign",2,0.035625,35.4093716803714,NA
"365","2","2-365",16.9005485760485,"74583.92189447445",0,1,0,"bridge",74583.9218944744,1,1,"United States of America","Sovereign",1,0.283846153846154,1,1,"Russia (USSR)","Sovereign",3,0.252857142857143,74583.9218944744,NA
"365","200","200-365",19.3816841375221,"1663243|3816399.865470852",0,1,0,"bridge",3816399.86547085,1,1,"United Kingdom","Sovereign",1,0.494468085106383,1,1,"Russia (USSR)","Sovereign",3,0.252857142857143,1663243,3816399.86547085
"365","211","211-365",18.0601287996079,"77103.19864657513|32381.934159092165",0.65,0.35,0.91,"3",77103.1986465751,1,1,"Belgium","Sovereign",3,0.4853125,1,1,"Russia (USSR)","Sovereign",3,0.252857142857143,77103.1986465751,32381.9341590922
"365","220","220-365",18.3251518989381,"417043.71090215206|465674.7533632287",0,1,0,"bridge",465674.753363229,1,1,"France","Sovereign",0,0.0311764705882353,1,1,"Russia (USSR)","Sovereign",3,0.252857142857143,417043.710902152,465674.753363229
"365","324","324-365",17.811527973921,"39697.8400283275",0.05,0.95,0.19,"bridge",39697.8400283275,1,1,"Kingdom of Sardinia","Sovereign",3,0.226956521739131,1,1,"Russia (USSR)","Sovereign",3,0.252857142857143,39697.8400283275,NA
"365","337","337-365",19.5020841620964,"106228.11504111422",0,1,0,"bridge",106228.115041114,1,NA,"Tuscany","Sovereign",2,0.0695238095238095,1,1,"Russia (USSR)","Sovereign",3,0.252857142857143,106228.115041114,NA
"365","350","350-365",15.649973674356,"550.8124483613329",0,1,0,"bridge",550.812448361333,1,NA,"Greece","Sovereign",2,0.035625,1,1,"Russia (USSR)","Sovereign",3,0.252857142857143,550.812448361333,NA
"365","380","365-380",19.1990903279589,"13765.123788983408|29830.328270103164",0.95,0.05,0.19,"3",29830.3282701032,1,1,"Sweden","Sovereign",3,0.330476190476191,1,1,"Russia (USSR)","Sovereign",3,0.252857142857143,13765.1237889834,29830.3282701032
"380","220","220-380",18.6961352383797,"31474.997049219026|167112.75565078817",0,1,0,"bridge",167112.755650788,1,1,"France","Sovereign",0,0.0311764705882353,1,1,"Sweden","Sovereign",3,0.330476190476191,31474.997049219,167112.755650788
"380","850","380-850",18.2367973337875,"3816.343392217807",0,1,0,"bridge",3816.34339221781,1,NA,"Indonesia (Dutch East Indies)","Colony of",4,0.246363636363636,1,1,"Sweden","Sovereign",3,0.330476190476191,3816.34339221781,NA
"385","2","2-385",17.5625330528517,"26823",0,1,0,"bridge",26823,1,1,"United States of America","Sovereign",1,0.283846153846154,1,NA,"Norway","Sovereign (limited)",3,0.277142857142857,26823,NA
"385","200","200-385",17.9998935913893,"77485",0,1,0,"bridge",77485,1,1,"United Kingdom","Sovereign",1,0.494468085106383,1,NA,"Norway","Sovereign (limited)",3,0.277142857142857,77485,NA
"385","211","211-385",17.3950140594387,"7355",0.65,0.35,0.91,"3",7355,1,1,"Belgium","Sovereign",3,0.4853125,1,NA,"Norway","Sovereign (limited)",3,0.277142857142857,7355,NA
"385","220","220-385",18.3420947645847,"78687.49262304757",0,1,0,"bridge",78687.4926230476,1,1,"France","Sovereign",0,0.0311764705882353,1,NA,"Norway","Sovereign (limited)",3,0.277142857142857,78687.4926230476,NA
"385","230","230-385",17.3766178460725,"3664",0.3,0.7,0.84,"bridge",3664,1,NA,"Spain","Sovereign",3,0.576071428571429,1,NA,"Norway","Sovereign (limited)",3,0.277142857142857,3664,NA
"385","365","365-385",20.4668191492494,"238812.81074334975",1,0,0,"3",238812.81074335,1,1,"Russia (USSR)","Sovereign",3,0.252857142857143,1,NA,"Norway","Sovereign (limited)",3,0.277142857142857,238812.81074335,NA
"385","380","380-385",20.8429500517404,"54245.99031201764",0.95,0.05,0.19,"3",54245.9903120176,1,1,"Sweden","Sovereign",3,0.330476190476191,1,NA,"Norway","Sovereign (limited)",3,0.277142857142857,54245.9903120176,NA
"390","2","2-390",17.0773044107321,"20374.117158288325",0,1,0,"bridge",20374.1171582883,1,1,"United States of America","Sovereign",1,0.283846153846154,1,NA,"Denmark","Sovereign",3,0.333333333333333,20374.1171582883,NA
"390","200","200-390",18.6403015900077,"181404",0,1,0,"bridge",181404,1,1,"United Kingdom","Sovereign",1,0.494468085106383,1,NA,"Denmark","Sovereign",3,0.333333333333333,181404,NA
"390","211","211-390",17.2748376752659,"8048.117401738993",0.7,0.3,0.84,"3",8048.11740173899,1,1,"Belgium","Sovereign",3,0.4853125,1,NA,"Denmark","Sovereign",3,0.333333333333333,8048.11740173899,NA
"390","220","220-390",17.9087169799022,"62949.99409843805",0,1,0,"bridge",62949.994098438,1,1,"France","Sovereign",0,0.0311764705882353,1,NA,"Denmark","Sovereign",3,0.333333333333333,62949.994098438,NA
"390","230","230-390",17.6628478587362,"6019.593185663139",0.3,0.7,0.84,"bridge",6019.59318566314,1,NA,"Spain","Sovereign",3,0.576071428571429,1,NA,"Denmark","Sovereign",3,0.333333333333333,6019.59318566314,NA
"390","235","235-390",17.3553801883883,"2521.9341385686744",0.75,0.25,0.75,"3",2521.93413856867,1,NA,"Portugal","Sovereign",3,0.51,1,NA,"Denmark","Sovereign",3,0.333333333333333,2521.93413856867,NA
"390","324","324-390",18.5011068720716,"18109.926427194398",0.05,0.95,0.19,"bridge",18109.9264271944,1,1,"Kingdom of Sardinia","Sovereign",3,0.226956521739131,1,NA,"Denmark","Sovereign",3,0.333333333333333,18109.9264271944,NA
"390","365","365-390",19.6149321431359,"125716.2331838565",0.95,0.05,0.19,"3",125716.233183857,1,1,"Russia (USSR)","Sovereign",3,0.252857142857143,1,NA,"Denmark","Sovereign",3,0.333333333333333,125716.233183857,NA
"390","380","380-390",21.8090369169689,"175888.4822384933",0.95,0.05,0.19,"3",175888.482238493,1,1,"Sweden","Sovereign",3,0.330476190476191,1,NA,"Denmark","Sovereign",3,0.333333333333333,175888.482238493,NA
"40","165","165-40",20.5820924606296,"119730.88877522916",0.9,0.1,0.36,"3",119730.888775229,1,1,"Uruguay","Sovereign",3,0.624545454545455,1,NA,"Cuba","Colony of",3,0.582,119730.888775229,NA
"40","2","2-40",19.7792693482899,"980771.292064811",0.4,0.6,0.96,"bridge",980771.292064811,1,1,"United States of America","Sovereign",1,0.283846153846154,1,NA,"Cuba","Colony of",3,0.582,980771.292064811,NA
"40","211","211-40",17.2913738586099,"26419",0.7,0.3,0.84,"3",26419,1,1,"Belgium","Sovereign",3,0.4853125,1,NA,"Cuba","Colony of",3,0.582,26419,NA
"40","220","220-40",18.5235371998459,"375880",0,1,0,"bridge",375880,1,1,"France","Sovereign",0,0.0311764705882353,1,NA,"Cuba","Colony of",3,0.582,375880,NA
"40","230","230-40",20.7775026539994,"437809.34020537435",0.75,0.25,0.75,"3",437809.340205374,1,NA,"Spain","Sovereign",3,0.576071428571429,1,NA,"Cuba","Colony of",3,0.582,437809.340205374,NA
"402","2","2-402",20.3948470026252,"20137.30785209805",1,0,0,"1",20137.307852098,1,1,"United States of America","Sovereign",1,0.283846153846154,1,NA,"Cape Verde","Colony of",1,0.495,20137.307852098,NA
"402","200","200-402",17.0995502111506,"1392",0.55,0.45,0.99,"1",1392,1,1,"United Kingdom","Sovereign",1,0.494468085106383,1,NA,"Cape Verde","Colony of",1,0.495,1392,NA
"4050","200","200-4050",19.0760218008647,"13980",0.45,0.55,0.99,"bridge",13980,1,1,"United Kingdom","Sovereign",1,0.494468085106383,1,NA,"St. Helena","Colony of",4,0.495,13980,NA
"4050","561","4050-561",24.1298351741474,"15979",1,0,0,"4",15979,1,NA,"Cape Colony (Cape of Good Hope)","Colony of",4,0.117058823529412,1,NA,"St. Helena","Colony of",4,0.495,15979,NA
"4070","200","200-4070",19.740801733828,"1075",0.45,0.55,0.99,"bridge",1075,1,1,"United Kingdom","Sovereign",1,0.494468085106383,1,NA,"Ascension I.","Possession of",4,0.495,1075,NA
"4070","561","4070-561",22.3813719063108,"110",1,0,0,"4",110,1,NA,"Cape Colony (Cape of Good Hope)","Colony of",4,0.117058823529412,1,NA,"Ascension I.","Possession of",4,0.495,110,NA
"41","2","2-41",19.1293897073614,"169177.6069796427",0.45,0.55,0.99,"bridge",169177.606979643,1,1,"United States of America","Sovereign",1,0.283846153846154,1,NA,"Haiti","Sovereign (unrecognized)",1,0.595,169177.606979643,NA
"41","200","200-41",19.0453366228283,"290139",0.2,0.8,0.64,"bridge",290139,1,1,"United Kingdom","Sovereign",1,0.494468085106383,1,NA,"Haiti","Sovereign (unrecognized)",1,0.595,290139,NA
"41","211","211-41",17.9329581300276,"16579.336664437185",0.75,0.25,0.75,"3",16579.3366644372,1,1,"Belgium","Sovereign",3,0.4853125,1,NA,"Haiti","Sovereign (unrecognized)",1,0.595,16579.3366644372,NA
"41","220","220-41",18.8091993856593,"165243.73450839988",0,1,0,"bridge",165243.7345084,1,1,"France","Sovereign",0,0.0311764705882353,1,NA,"Haiti","Sovereign (unrecognized)",1,0.595,165243.7345084,NA
"433","220","220-433",20.1618999996668,"212456.23008222843",1,0,0,"0",212456.230082228,1,1,"France","Sovereign",0,0.0311764705882353,1,NA,"Senegal","Colony of",0,0.0633333333333334,212456.230082228,NA
"433","327","327-433",20.1471198754062,"650",0.95,0.05,0.19,"0",650,1,NA,"Papal States","Sovereign",0,0.135714285714286,1,NA,"Senegal","Colony of",0,0.0633333333333334,650,NA
"433","3271","3271-433",15.7690642592124,"15",1,0,0,"0",15,1,1,"Ancona","Occupied by",0,0.0146153846153846,1,NA,"Senegal","Colony of",0,0.0633333333333334,15,NA
"5","2","2-5",20.0052976497818,"197274.4079767345",1,0,0,"1",197274.407976735,1,1,"United States of America","Sovereign",1,0.283846153846154,1,NA,"Virgin Islands (Danish West Indies)","Colony of",1,0,197274.407976735,NA
"5","220","220-5",19.1610869374818,"114096.86430341896",0,1,0,"bridge",114096.864303419,1,1,"France","Sovereign",0,0.0311764705882353,1,NA,"Virgin Islands (Danish West Indies)","Colony of",1,0,114096.864303419,NA
"540","235","235-540",22.8290029344696,"4158.633985128064",1,0,0,"3",4158.63398512806,1,NA,"Portugal","Sovereign",3,0.51,1,NA,"Angola","Colony of",3,0,4158.63398512806,NA
"561","2","2-561",15.506132720326,"4719.152471956792",0,1,0,"bridge",4719.15247195679,1,1,"United States of America","Sovereign",1,0.283846153846154,1,NA,"Cape Colony (Cape of Good Hope)","Colony of",4,0.117058823529412,4719.15247195679,NA
"561","200","200-561",19.7661044125443,"623323|126526",0.45,0.55,0.99,"bridge",623323,1,1,"United Kingdom","Sovereign",1,0.494468085106383,1,NA,"Cape Colony (Cape of Good Hope)","Colony of",4,0.117058823529412,623323,126526
"561","850","561-850",18.1147129435204,"7239.249321320376|473",0.9,0.1,0.36,"4",7239.24932132038,1,NA,"Indonesia (Dutch East Indies)","Colony of",4,0.246363636363636,1,NA,"Cape Colony (Cape of Good Hope)","Colony of",4,0.117058823529412,7239.24932132038,473
"585","220","220-585",20.1588200770535,"539009.3244678758",1,0,0,"0",539009.324467876,1,1,"France","Sovereign",0,0.0311764705882353,1,NA,"Reunion (Bourbon I.)","Colony of",0,0.0475,539009.324467876,NA
"585","327","327-585",20.7109476119704,"2907",0.95,0.05,0.19,"0",2907,1,NA,"Papal States","Sovereign",0,0.135714285714286,1,NA,"Reunion (Bourbon I.)","Colony of",0,0.0475,2907,NA
"585","3271","3271-585",16.3610438241739,"69",1,0,0,"0",69,1,1,"Ancona","Occupied by",0,0.0146153846153846,1,NA,"Reunion (Bourbon I.)","Colony of",0,0.0475,69,NA
"585","561","561-585",17.4922325340833,"379",0,1,0,"bridge",379,1,NA,"Cape Colony (Cape of Good Hope)","Colony of",4,0.117058823529412,1,NA,"Reunion (Bourbon I.)","Colony of",0,0.0475,379,NA
"590","200","200-590",19.4256175254841,"467342",0.45,0.55,0.99,"bridge",467342,1,1,"United Kingdom","Sovereign",1,0.494468085106383,1,NA,"Mauritius","Colony of",4,0.2475,467342,NA
"590","220","220-590",18.8913644219458,"197553",0,1,0,"bridge",197553,1,1,"France","Sovereign",0,0.0311764705882353,1,NA,"Mauritius","Colony of",4,0.2475,197553,NA
"590","561","561-590",21.9042372576845,"40671",1,0,0,"4",40671,1,NA,"Cape Colony (Cape of Good Hope)","Colony of",4,0.117058823529412,1,NA,"Mauritius","Colony of",4,0.2475,40671,NA
"590","750","590-750",15.9821815191591,"471",1,0,0,"4",471,1,NA,"India","Colony of",4,0.147857142857143,1,NA,"Mauritius","Colony of",4,0.2475,471,NA
"6","2","2-6",19.8384388132265,"143865.39260490236",0.6,0.4,0.96,"1",143865.392604902,1,1,"United States of America","Sovereign",1,0.283846153846154,1,NA,"Puerto Rico","Colony of",3,0.5275,143865.392604902,NA
"6","211","211-6",17.4487051880371,"4275",0.6,0.4,0.96,"3",4275,1,1,"Belgium","Sovereign",3,0.4853125,1,NA,"Puerto Rico","Colony of",3,0.5275,4275,NA
"6","220","220-6",18.6810632096847,"60835",0,1,0,"bridge",60835,1,1,"France","Sovereign",0,0.0311764705882353,1,NA,"Puerto Rico","Colony of",3,0.5275,60835,NA
"6","230","230-6",20.7574711125871,"59330.36943777786",0.95,0.05,0.19,"3",59330.3694377779,1,NA,"Spain","Sovereign",3,0.576071428571429,1,NA,"Puerto Rico","Colony of",3,0.5275,59330.3694377779,NA
"615","211","211-615",15.2231727699073,"1287.5634417909273",0,1,0,"bridge",1287.56344179093,1,1,"Belgium","Sovereign",3,0.4853125,1,1,"Algeria (Regency of Algiers)","Colony of",0,0.038,1287.56344179093,NA
"615","220","220-615",20.1101070047202,"708187.4336074281",1,0,0,"0",708187.433607428,1,1,"France","Sovereign",0,0.0311764705882353,1,1,"Algeria (Regency of Algiers)","Colony of",0,0.038,708187.433607428,NA
"615","327","327-615",19.5736736167569,"1286",0.95,0.05,0.19,"0",1286,1,NA,"Papal States","Sovereign",0,0.135714285714286,1,1,"Algeria (Regency of Algiers)","Colony of",0,0.038,1286,NA
"615","3271","3271-615",15.2064455335198,"30",1,0,0,"0",30,1,1,"Ancona","Occupied by",0,0.0146153846153846,1,1,"Algeria (Regency of Algiers)","Colony of",0,0.038,30,NA
"615","337","337-615",19.7129764351911,"37376.55899594759",0,1,0,"bridge",37376.5589959476,1,NA,"Tuscany","Sovereign",2,0.0695238095238095,1,1,"Algeria (Regency of Algiers)","Colony of",0,0.038,37376.5589959476,NA
"616","640","616-640",22.4788335203656,"5291.733878899949",1,0,0,"2",5291.73387889995,1,NA,"Turkey (Ottoman Empire)","Sovereign",2,0.10625,1,NA,"Tunisia (Regency of Tunis)","Sovereign",2,0,5291.73387889995,NA
"630","365","365-630",19.2084550524488,"160447.84753363227",0.5,0.5,1,"bridge",160447.847533632,1,1,"Russia (USSR)","Sovereign",3,0.252857142857143,1,NA,"Iran (Persia)","Sovereign (unrecognized)",2,1,160447.847533632,NA
"630","640","630-640",22.3288199286175,"991336.5070622024",0.5,0.5,1,"bridge",991336.507062202,1,NA,"Turkey (Ottoman Empire)","Sovereign",2,0.10625,1,NA,"Iran (Persia)","Sovereign (unrecognized)",2,1,991336.507062202,NA
"640","200","200-640",18.8590438112651,"1767110|322205.610418224",0,1,0,"bridge",1767110,1,1,"United Kingdom","Sovereign",1,0.494468085106383,1,NA,"Turkey (Ottoman Empire)","Sovereign",2,0.10625,1767110,322205.610418224
"640","211","211-640",17.6723279935898,"93743.32139906361",0,1,0,"bridge",93743.3213990636,1,1,"Belgium","Sovereign",3,0.4853125,1,NA,"Turkey (Ottoman Empire)","Sovereign",2,0.10625,93743.3213990636,NA
"640","220","220-640",18.7100417097735,"432781.2094267616|296360.70346618403",0,1,0,"bridge",432781.209426762,1,1,"France","Sovereign",0,0.0311764705882353,1,NA,"Turkey (Ottoman Empire)","Sovereign",2,0.10625,432781.209426762,296360.703466184
"640","300","300-640",20.2578844154789,"574442.3023960341|211102.805209112",1,0,0,"2",574442.302396034,1,NA,"Austria-Hungary (Austrian Empire)","Sovereign",2,0.0577272727272727,1,NA,"Turkey (Ottoman Empire)","Sovereign",2,0.10625,574442.302396034,211102.805209112
"640","324","324-640",19.5349879738285,"62013.612936223784|97080.69402368493",0.95,0.05,0.19,"3",97080.6940236849,1,1,"Kingdom of Sardinia","Sovereign",3,0.226956521739131,1,NA,"Turkey (Ottoman Empire)","Sovereign",2,0.10625,62013.6129362238,97080.6940236849
"640","3271","3271-640",17.1623466211049,"1333.752999960656",0,1,0,"bridge",1333.75299996066,1,1,"Ancona","Occupied by",0,0.0146153846153846,1,NA,"Turkey (Ottoman Empire)","Sovereign",2,0.10625,1333.75299996066,NA
"640","350","350-640",20.7772316966204,"166353.22815438485|2592.752881929417",1,0,0,"2",166353.228154385,1,NA,"Greece","Sovereign",2,0.035625,1,NA,"Turkey (Ottoman Empire)","Sovereign",2,0.10625,166353.228154385,2592.75288192942
"640","365","365-640",19.6930852520666,"945314.0358744394|161954.5973167565",0,1,0,"bridge",945314.035874439,1,1,"Russia (USSR)","Sovereign",3,0.252857142857143,1,NA,"Turkey (Ottoman Empire)","Sovereign",2,0.10625,945314.035874439,161954.597316756
"640","651","640-651",20.4407558486267,"415847.6610142818|38918.83385135932",1,0,0,"2",415847.661014282,1,NA,"Egypt Arab Republic (Egypt)","Sovereign (unrecognized)",2,0,1,NA,"Turkey (Ottoman Empire)","Sovereign",2,0.10625,415847.661014282,38918.8338513593
"65","2","2-65",17.7870230129127,"43696",0,1,0,"bridge",43696,1,1,"United States of America","Sovereign",1,0.283846153846154,1,NA,"Guadeloupe","Colony of",0,0,43696,NA
"65","220","220-65",20.0934909130753,"590156.1946728567",1,0,0,"0",590156.194672857,1,1,"France","Sovereign",0,0.0311764705882353,1,NA,"Guadeloupe","Colony of",0,0,590156.194672857,NA
"65","3271","3271-65",16.1756463908637,"67",1,0,0,"0",67,1,1,"Ancona","Occupied by",0,0.0146153846153846,1,NA,"Guadeloupe","Colony of",0,0,67,NA
"651","2","2-651",15.782166471162,"6328",0,1,0,"bridge",6328,1,1,"United States of America","Sovereign",1,0.283846153846154,1,NA,"Egypt Arab Republic (Egypt)","Sovereign (unrecognized)",2,0,6328,NA
"651","200","200-651",18.8047405918946,"242505|145517",0,1,0,"bridge",242505,1,1,"United Kingdom","Sovereign",1,0.494468085106383,1,NA,"Egypt Arab Republic (Egypt)","Sovereign (unrecognized)",2,0,242505,145517
"651","211","211-651",16.1044154716981,"2831.6874532793013",0,1,0,"bridge",2831.6874532793,1,1,"Belgium","Sovereign",3,0.4853125,1,NA,"Egypt Arab Republic (Egypt)","Sovereign (unrecognized)",2,0,2831.6874532793,NA
"651","220","220-651",18.6635438254213,"118031.23893457135|191942.40075539993",0,1,0,"bridge",191942.4007554,1,1,"France","Sovereign",0,0.0311764705882353,1,NA,"Egypt Arab Republic (Egypt)","Sovereign (unrecognized)",2,0,118031.238934571,191942.4007554
"651","300","300-651",21.2166040579228,"98131.17205020261|505106.81827123574",1,0,0,"2",505106.818271236,1,NA,"Austria-Hungary (Austrian Empire)","Sovereign",2,0.0577272727272727,1,NA,"Egypt Arab Republic (Egypt)","Sovereign (unrecognized)",2,0,98131.1720502026,505106.818271236
"652","2","2-652",15.2425065873242,"2227",0,1,0,"bridge",2227,1,1,"United States of America","Sovereign",1,0.283846153846154,1,1,"Syria","Occupied by",2,0,2227,NA
"652","640","640-652",20.927362317833,"17110.59527088169|224556",1,0,0,"2",224556,1,NA,"Turkey (Ottoman Empire)","Sovereign",2,0.10625,1,1,"Syria","Occupied by",2,0,17110.5952708817,224556
"652","651","651-652",22.1636949440929,"203733.7215249636|67567",1,0,0,"2",203733.721524964,1,NA,"Egypt Arab Republic (Egypt)","Sovereign (unrecognized)",2,0,1,1,"Syria","Occupied by",2,0,203733.721524964,67567
"66","2","2-66",17.7967714343793,"45628",0,1,0,"bridge",45628,1,1,"United States of America","Sovereign",1,0.283846153846154,1,NA,"Martinique","Colony of",0,0,45628,NA
"66","220","220-66",20.0927641587464,"609828.0678286186",1,0,0,"0",609828.067828619,1,1,"France","Sovereign",0,0.0311764705882353,1,NA,"Martinique","Colony of",0,0,609828.067828619,NA
"66","3271","3271-66",16.1859324373377,"70",1,0,0,"0",70,1,1,"Ancona","Occupied by",0,0.0146153846153846,1,NA,"Martinique","Colony of",0,0,70,NA
"68","2","2-68",20.4616879588442,"42425.01038637308",1,0,0,"1",42425.0103863731,1,1,"United States of America","Sovereign",1,0.283846153846154,1,NA,"Netherlands Antilles","Colony of",1,0,42425.0103863731,NA
"7","2","2-7",20.4425715102249,"213713.75155795595",1,0,0,"1",213713.751557956,1,1,"United States of America","Sovereign",1,0.283846153846154,1,NA,"Texas","Sovereign (limited)",1,0,213713.751557956,NA
"7","220","220-7",16.1982759478531,"4124.74759717588",0,1,0,"bridge",4124.74759717588,1,1,"France","Sovereign",0,0.0311764705882353,1,NA,"Texas","Sovereign (limited)",1,0,4124.74759717588,NA
"70","2","2-70",18.9929591560887,"216224.7611134192",0.45,0.55,0.99,"bridge",216224.761113419,1,1,"United States of America","Sovereign",1,0.283846153846154,1,NA,"Mexico","Sovereign",1,0.521666666666667,216224.761113419,NA
"70","200","200-70",19.0794421249054,"439776",0.25,0.75,0.75,"bridge",439776,1,1,"United Kingdom","Sovereign",1,0.494468085106383,1,NA,"Mexico","Sovereign",1,0.521666666666667,439776,NA
"70","211","211-70",17.0654219727418,"10200.338356218279",0.75,0.25,0.75,"3",10200.3383562183,1,1,"Belgium","Sovereign",3,0.4853125,1,NA,"Mexico","Sovereign",1,0.521666666666667,10200.3383562183,NA
"70","220","220-70",18.847856630675,"251609.6034277287",0,1,0,"bridge",251609.603427729,1,1,"France","Sovereign",0,0.0311764705882353,1,NA,"Mexico","Sovereign",1,0.521666666666667,251609.603427729,NA
"70","230","230-70",18.4781361039151,"21257.4261321163",0.8,0.2,0.64,"3",21257.4261321163,1,NA,"Spain","Sovereign",3,0.576071428571429,1,NA,"Mexico","Sovereign",1,0.521666666666667,21257.4261321163,NA
"70","300","300-70",13.6152998881812,"149.50623598379036",0,1,0,"bridge",149.50623598379,1,NA,"Austria-Hungary (Austrian Empire)","Sovereign",2,0.0577272727272727,1,NA,"Mexico","Sovereign",1,0.521666666666667,149.50623598379,NA
"7010","365","365-7010",21.1795537356245,"1809.6860986547085",1,0,0,"3",1809.68609865471,1,1,"Russia (USSR)","Sovereign",3,0.252857142857143,1,NA,"Kokand","Sovereign (unrecognized)",3,0,1809.68609865471,NA
"7020","365","365-7020",21.1795537356245,"52999.372197309414",1,0,0,"3",52999.3721973094,1,1,"Russia (USSR)","Sovereign",3,0.252857142857143,1,NA,"Bokhara","Sovereign (unrecognized)",3,0,52999.3721973094,NA
"710","2","2-710",17.7135814731862,"136182.17698379725",0,1,0,"bridge",136182.176983797,1,1,"United States of America","Sovereign",1,0.283846153846154,1,NA,"People's Republic of China (China)","Sovereign (unrecognized)",4,0.22,136182.176983797,NA
"710","200","200-710",19.2698241157767,"1204356",0.4,0.6,0.96,"bridge",1204356,1,1,"United Kingdom","Sovereign",1,0.494468085106383,1,NA,"People's Republic of China (China)","Sovereign (unrecognized)",4,0.22,1204356,NA
"710","365","365-710",19.3577300680307,"343874.34977578477",0,1,0,"bridge",343874.349775785,1,1,"Russia (USSR)","Sovereign",3,0.252857142857143,1,NA,"People's Republic of China (China)","Sovereign (unrecognized)",4,0.22,343874.349775785,NA
"710","750","710-750",21.1482279188138,"248534.44544989572",0.9,0.1,0.36,"4",248534.445449896,1,NA,"India","Colony of",4,0.147857142857143,1,NA,"People's Republic of China (China)","Sovereign (unrecognized)",4,0.22,248534.445449896,NA
"710","840","710-840",21.2316689811824,"57731.60711108657",1,0,0,"4",57731.6071110866,1,NA,"Philippines","Colony of",4,0.24,1,NA,"People's Republic of China (China)","Sovereign (unrecognized)",4,0.22,57731.6071110866,NA
"710","850","710-850",19.5206545616137,"135539.20604319943",1,0,0,"4",135539.206043199,1,NA,"Indonesia (Dutch East Indies)","Colony of",4,0.246363636363636,1,NA,"People's Republic of China (China)","Sovereign (unrecognized)",4,0.22,135539.206043199,NA
"740","850","740-850",22.2734936154489,"18884.998229531415",1,0,0,"4",18884.9982295314,1,NA,"Indonesia (Dutch East Indies)","Colony of",4,0.246363636363636,1,NA,"Japan","Sovereign (unrecognized)",4,0,18884.9982295314,NA
"750","220","220-750",16.3193636750359,"82621.86725419994",0,1,0,"bridge",82621.8672541999,1,1,"France","Sovereign",0,0.0311764705882353,1,NA,"India","Colony of",4,0.147857142857143,82621.8672541999,NA
"750","561","561-750",18.5832559388092,"8043|82",1,0,0,"4",8043,1,NA,"Cape Colony (Cape of Good Hope)","Colony of",4,0.117058823529412,1,NA,"India","Colony of",4,0.147857142857143,8043,82
"750","840","750-840",22.4412658300605,"8800.018203699961|94306.9599087225",0.9,0.1,0.36,"4",94306.9599087225,1,NA,"Philippines","Colony of",4,0.24,1,NA,"India","Colony of",4,0.147857142857143,8800.01820369996,94306.9599087225
"751","220","220-751",20.1648980907994,"15737.498524609513",1,0,0,"0",15737.4985246095,1,1,"France","Sovereign",0,0.0311764705882353,1,NA,"French India","Colony of",0,0,15737.4985246095,NA
"751","3271","3271-751",16.3598490784863,"2",1,0,0,"0",2,1,1,"Ancona","Occupied by",0,0.0146153846153846,1,NA,"French India","Colony of",0,0,2,NA
"780","200","200-780",19.8063184077443,"109814",0.45,0.55,0.99,"bridge",109814,1,1,"United Kingdom","Sovereign",1,0.494468085106383,1,NA,"Sri Lanka (Ceylon)","Colony of",4,0.33,109814,NA
"780","561","561-780",20.5647741232548,"1711",1,0,0,"4",1711,1,NA,"Cape Colony (Cape of Good Hope)","Colony of",4,0.117058823529412,1,NA,"Sri Lanka (Ceylon)","Colony of",4,0.33,1711,NA
"780","750","750-780",19.1787823535105,"1849.1560766416178",1,0,0,"4",1849.15607664162,1,NA,"India","Colony of",4,0.147857142857143,1,NA,"Sri Lanka (Ceylon)","Colony of",4,0.33,1849.15607664162,NA
"80","2","2-80",20.4616879588442,"18673.867885334443",1,0,0,"1",18673.8678853344,1,1,"United States of America","Sovereign",1,0.283846153846154,1,NA,"Belize (British Honduras)","Occupied by",1,0,18673.8678853344,NA
"800","750","750-800",23.2947464626588,"69874.49344926623",1,0,0,"4",69874.4934492662,1,NA,"India","Colony of",4,0.147857142857143,1,NA,"Thailand (Siam)","Sovereign (unrecognized)",4,0,69874.4934492662,NA
"815","750","750-815",23.2947464626588,"20340.716843057795",1,0,0,"4",20340.7168430578,1,NA,"India","Colony of",4,0.147857142857143,NA,NA,"Vietnam","Sovereign (unrecognized)",4,0,20340.7168430578,NA
"840","2","2-840",19.073574958459,"19363.107602825094|42980.068509240984",0,1,0,"bridge",42980.068509241,1,1,"United States of America","Sovereign",1,0.283846153846154,1,NA,"Philippines","Colony of",4,0.24,19363.1076028251,42980.068509241
"840","200","200-840",18.6367786463456,"30780|52034.39779318775",0.4,0.6,0.96,"bridge",52034.3977931878,1,1,"United Kingdom","Sovereign",1,0.494468085106383,1,NA,"Philippines","Colony of",4,0.24,30780,52034.3977931878
"8401","840","840-8401",24.8379641673565,"5086.007898145986",1,0,0,"4",5086.00789814599,1,NA,"Philippines","Colony of",4,0.24,1,NA,"Sulu Sultanate","Sovereign (unrecognized)",4,0,5086.00789814599,NA
"850","2","2-850",18.1084189751631,"34527.212297465725|69126.96226934728",0,1,0,"bridge",69126.9622693473,1,1,"United States of America","Sovereign",1,0.283846153846154,1,NA,"Indonesia (Dutch East Indies)","Colony of",4,0.246363636363636,34527.2122974657,69126.9622693473
"850","211","211-850",14.6125097266392,"339.41849942951563",0.05,0.95,0.19,"bridge",339.418499429516,1,1,"Belgium","Sovereign",3,0.4853125,1,NA,"Indonesia (Dutch East Indies)","Colony of",4,0.246363636363636,339.418499429516,NA
"850","220","220-850",18.1246670036281,"47212.495573828535|91749.61639847346",0,1,0,"bridge",91749.6163984735,1,1,"France","Sovereign",0,0.0311764705882353,1,NA,"Indonesia (Dutch East Indies)","Colony of",4,0.246363636363636,47212.4955738285,91749.6163984735
"850","750","750-850",23.021541968661,"276389.81783845456",0.9,0.1,0.36,"4",276389.817838455,1,NA,"India","Colony of",4,0.147857142857143,1,NA,"Indonesia (Dutch East Indies)","Colony of",4,0.246363636363636,276389.817838455,NA
"850","840","840-850",20.3971280711465,"4280.974419751266",1,0,0,"4",4280.97441975127,1,NA,"Philippines","Colony of",4,0.24,1,NA,"Indonesia (Dutch East Indies)","Colony of",4,0.246363636363636,4280.97441975127,NA
"8501","750","750-8501",23.2947464626588,"24747.216429948458",1,0,0,"4",24747.2164299485,1,NA,"India","Colony of",4,0.147857142857143,1,NA,"Bali","Sovereign (unrecognized)",4,0,24747.2164299485,NA
"8532","750","750-8532",23.2947464626588,"24550.49769839084",1,0,0,"4",24550.4976983908,1,NA,"India","Colony of",4,0.147857142857143,1,NA,"Riau","Occupied by",4,0,24550.4976983908,NA
"89","2","2-89",20.4616879588442,"23244.910677191525",1,0,0,"1",23244.9106771915,1,1,"United States of America","Sovereign",1,0.283846153846154,1,NA,"United States of Central America","Sovereign (unrecognized)",1,0,23244.9106771915,NA
"901","561","561-901",24.6700426434202,"46391",1,0,0,"4",46391,1,NA,"Cape Colony (Cape of Good Hope)","Colony of",4,0.117058823529412,1,1,"New South Wales","Colony of",4,0.2475,46391,NA
"901","750","750-901",20.8244145881413,"4285",1,0,0,"4",4285,1,NA,"India","Colony of",4,0.147857142857143,1,1,"New South Wales","Colony of",4,0.2475,4285,NA
"906","561","561-906",24.7583895942605,"30",1,0,0,"4",30,1,NA,"Cape Colony (Cape of Good Hope)","Colony of",4,0.117058823529412,1,NA,"Tasmania","Colony of",4,0,30,NA
"restOfTheWorld","561","561-restOfTheWorld",20.3122749792321,"856",1,0,0,"4",856,1,NA,"Cape Colony (Cape of Good Hope)","Colony of",4,0.117058823529412,NA,NA,"Rest Of The World","",4,0,856,NA
"restOfTheWorld","750","750-restOfTheWorld",23.2829531632894,"72156.43073533462",1,0,0,"4",72156.4307353346,1,NA,"India","Colony of",4,0.147857142857143,NA,NA,"Rest Of The World","",4,0,72156.4307353346,NA
