key,source,target,proximity,observedTradeValues,coMembershipScore,bridgeNessEdgeScore,ambiguityScore,maxObservedTradeValue,sourceCited,sourceReporting,sourceLabel,sourceGphStatus,sourceBlockLouvain,sourceBlockIntramax,sourceBlockAN,sourceMeanAmbiguityScore,targetCited,targetReporting,targetLabel,targetGphStatus,targetBlockLouvain,targetBlockIntramax,targetBlockAN,targetMeanAmbiguityScore
220-66,220,66,2.3638699595567805,0.006455122135634391|0.004826790673383153,1,0,0,0.006455122135634391,,,France,,0,,,0,,,Martinique,,0,,,0
220-65,220,65,2.36386995955678,0.0028632161684852674|0.00508232665020932,1,0,0,0.00508232665020932,,,France,,0,,,0,,,Guadeloupe,,0,,,0
120-220,220,120,2.36386995955678,0.0007402394569586717|0.0005394648399663525,1,0,0,0.0007402394569586717,,,France,,0,,,0,,,French Guiana,,0,,,0
220-585,220,585,2.36386995955678,0.004252549942330527|0.005025540877581283,1,0,0,0.005025540877581283,,,France,,0,,,0,,,Reunion (Bourbon I.),,0,,,0
220-751,220,751,2.36386995955678,0.0001847610291112129|0.0007382150441644823,1,0,0,0.0007382150441644823,,,France,,0,,,0,,,French India,,0,,,0
1029-220,220,1029,2.36386995955678,0.00028276447087244755|0.0032083961534840957,1,0,0,0.0032083961534840957,,,France,,0,,,0,,,St. Pierre and Miquelon,,0,,,0
200-54,200,54,1.1762843118400748,0.00027645644887365977,1,0,0,0.00027645644887365977,,,United Kingdom,,1,,,0,,,Dominica,,1,,,0
220-615,615,220,1.4172070787073006,0.001078929679932705,1,0,0,0.001078929679932705,,,Algeria (Regency of Algiers),,0,,,0,,,France,,0,,,0
211-220,211,220,1.1322234881025104,0.028875565381356865|0.013066008703133116,0,1,0,0.028875565381356865,,,Belgium,,3,,,0,,,France,,0,,,0
140-220,140,220,0.7394393045172128,0.002697324199831762|0.006710090822592003,0,1,0,0.006710090822592003,,,Brazil,,4,,,0.013571428571428571,,,France,,0,,,0
155-220,155,220,0.5848521308297885,0.0016467874062130758,0,1,0,0.0016467874062130758,,,Chile,,4,,,0,,,France,,0,,,0
220-329,329,220,0.5962589951710836,0.0068426856016784695,0,1,0,0.0068426856016784695,,,Two Sicilies,,2,,,0,,,France,,0,,,0
220-651,651,220,0.4468597103123795,0.00215785935986541|0.0013293549372223484,0,1,0,0.00215785935986541,,,Egypt Arab Republic (Egypt),,2,,,0,,,France,,0,,,0
220-230,230,220,0.927673134795572,0.010306617731988732,0,1,0,0.010306617731988732,,,Spain,,3,,,0.09500000000000004,,,France,,0,,,0
220-324,324,220,1.301730528281547,0.03055074567388396,0,1,0,0.03055074567388396,,,Kingdom of Sardinia,,2,,,0,,,France,,0,,,0
2-220,2,220,0.884736225124039,0.04009075547539419|0.036147351781495564,0,1,0,0.04009075547539419,,,United States of America,,1,,,0,,,France,,0,,,0
220-90,90,220,1.284945674170321,0.00011357154525607419,1,0,0,0.00011357154525607419,,,Guatemala,,0,,,0,,,France,,0,,,0
220-41,41,220,0.4169319531750485,0.0019875020419812986,0,1,0,0.0019875020419812986,,,Haiti,,1,,,0,,,France,,0,,,0
220-750,750,220,1.253647072897388,0.007325364669016785|0.0010207661870731115,0,1,0,0.007325364669016785,,,India,,5,,,0,,,France,,0,,,0
220-70,70,220,0.2604104617972754,0.0014764300883289645,0,1,0,0.0014764300883289645,,,Mexico,,4,,,0,,,France,,0,,,0
220-385,385,220,0.46742483598247997,0.005053933763895301,0,1,0,0.005053933763895301,,,Norway,,3,,,0,,,France,,0,,,0
160-220,160,220,0.350036117999599,0.0008801794757345749,0,1,0,0.0008801794757345749,,,Argentina (La Plata),,4,,,0,,,France,,0,,,0
220-365,365,220,0.6260395743312686,0.01504822974642983|0.00861565656265934,0,1,0,0.01504822974642983,,,Russia (USSR),,2,,,0,,,France,,0,,,0
220-433,433,220,2.3638699595567805,0.0008517865894205564|0.0017303235366818656,1,0,0,0.0017303235366818656,,,Senegal,,0,,,0,,,France,,0,,,0
220-380,380,220,0.80574447985074,0.0022430380188074653|0.00026292408250573395,0,1,0,0.0022430380188074653,,,Sweden,,3,,,0.04571428571428572,,,France,,0,,,0
220-225,225,220,1.2066604699947194,0.008347508576321454,0,1,0,0.008347508576321454,,,Switzerland,,4,,,0,,,France,,0,,,0
220-337,337,220,1.0171793764450197,0.004031789856590634,0,1,0,0.004031789856590634,,,Tuscany,,2,,,0,,,France,,0,,,0
220-640,640,220,0.6878237838434297,0.011016439889839197|0.00019704663101928873,0,1,0,0.011016439889839197,,,Turkey (Ottoman Empire),,2,,,0,,,France,,0,,,0
165-220,165,220,0.8369793046113373,0.0008801794757345749,0,1,0,0.0008801794757345749,,,Uruguay,,4,,,0,,,France,,0,,,0
380-385,385,380,2.322671481874394,0.001544528913897839,1,0,0,0.001544528913897839,,,Norway,,3,,,0,,,Sweden,,3,,,0.04571428571428572
365-380,365,380,0.9119939669063006,0.0009574518529603783|0.0001897561767537913,0,1,0,0.0009574518529603783,,,Russia (USSR),,2,,,0,,,Sweden,,3,,,0.04571428571428572
239-380,239,380,2.3505842424637065,0.00022750736819560083|0.00027322793995303757,1,0,0,0.00027322793995303757,,,Prussia,,3,,,0,,,Sweden,,3,,,0.04571428571428572
380-390,390,380,2.298745798365223,0.0010072753663119215,1,0,0,0.0010072753663119215,,,Denmark,,3,,,0,,,Sweden,,3,,,0.04571428571428572
235-380,235,380,0.23922078220482879,0.00011585467562467272,0,1,0,0.00011585467562467272,,,Portugal,,4,,,0,,,Sweden,,3,,,0.04571428571428572
140-380,140,380,1.6497746452850743,0.0018272623450855117|0.0003748368414998338,0,1,0,0.0018272623450855117,,,Brazil,,4,,,0.013571428571428571,,,Sweden,,3,,,0.04571428571428572
155-160,160,155,1.2209944649371216,0.00004332989853307095,1,0,0,0.00004332989853307095,,,Argentina (La Plata),,4,,,0,,,Chile,,4,,,0
145-155,145,155,5.239983224303798,0.0013902459790353199,1,0,0,0.0013902459790353199,,,Bolivia,,4,,,0,,,Chile,,4,,,0
140-155,140,155,1.673181115354959,0.0008062822888994674|0.00014196443157009274,1,0,0,0.0008062822888994674,,,Brazil,,4,,,0.013571428571428571,,,Chile,,4,,,0
155-710,710,155,0.7100582032685667,0.00038824358964237505,0,1,0,0.00038824358964237505,,,People's Republic of China (China),,5,,,0,,,Chile,,4,,,0
130-155,130,155,5.299448367996116,0.00017422406690009742,1,0,0,0.00017422406690009742,,,Ecuador,,4,,,0,,,Chile,,4,,,0
155-70,70,155,2.456760644285092,0.000273551866482105,1,0,0,0.000273551866482105,,,Mexico,,4,,,0,,,Chile,,4,,,0
150-155,150,155,5.299448367996116,0.0000254652154271333,1,0,0,0.0000254652154271333,,,Paraguay,,4,,,0,,,Chile,,4,,,0
135-155,135,155,4.827259640730324,0.001620730405600014,1,0,0,0.001620730405600014,,,Peru,,4,,,0,,,Chile,,4,,,0
155-165,165,155,2.680884836879675,0.00011463923143713805,1,0,0,0.00011463923143713805,,,Uruguay,,4,,,0,,,Chile,,4,,,0
300-3349,300,3349,2.3681889333469783,0.0009006223538806683|0.00010391796390930788,1,0,0,0.0009006223538806683,,,Austria-Hungary (Austrian Empire),,2,,,0,,,Ionian Is.,,2,,,0
327-3349,327,3349,1.941418297119082,0.00013344656567588716|0.000024985739956336322,1,0,0,0.00013344656567588716,,,Papal States,,2,,,0,,,Ionian Is.,,2,,,0
3349-350,350,3349,2.631013655940074,0.0002186252246179428,1,0,0,0.0002186252246179428,,,Greece,,2,,,0,,,Ionian Is.,,2,,,0
3349-338,338,3349,4.690835483192214,0.00007666079304785009,1,0,0,0.00007666079304785009,,,Malta,,2,,,0,,,Ionian Is.,,2,,,0
329-3349,329,3349,0.5214766602256772,0.00015190194177999922,1,0,0,0.00015190194177999922,,,Two Sicilies,,2,,,0,,,Ionian Is.,,2,,,0
3349-365,365,3349,2.082444759284331,0.0015445730154826092|0.00024172323327518582,1,0,0,0.0015445730154826092,,,Russia (USSR),,2,,,0,,,Ionian Is.,,2,,,0
3349-337,337,3349,0.3248986075432625,0.000048267906733831536,1,0,0,0.000048267906733831536,,,Tuscany,,2,,,0,,,Ionian Is.,,2,,,0
3349-640,640,3349,2.0334856287177945,0.0010122063970947612,1,0,0,0.0010122063970947612,,,Turkey (Ottoman Empire),,2,,,0,,,Ionian Is.,,2,,,0
2-51,2,51,2.5142284557939427,0.0024422670099760774,1,0,0,0.0024422670099760774,,,United States of America,,1,,,0,,,Jamaica,,1,,,0
140-248,140,248,0.8936754982911039,0.005876105318175288|0.001430288866400326,0,1,0,0.005876105318175288,,,Brazil,,4,,,0.013571428571428571,,,Hamburg,,3,,,0
248-40,40,248,0.6387530955842542,0.0034374732373474836,0,1,0,0.0034374732373474836,,,Cuba,,1,,,0,,,Hamburg,,3,,,0
2-248,2,248,0.12164473898415318,0.002087010787726074|0.0033324015276760713,0,1,0,0.0033324015276760713,,,United States of America,,1,,,0,,,Hamburg,,3,,,0
248-41,41,248,0.6654094429263266,0.0009595113984569199,0,1,0,0.0009595113984569199,,,Haiti,,1,,,0,,,Hamburg,,3,,,0
101-248,101,248,1.6565613692163055,0.0007120193547192323|0.0005549701466306023,1,0,0,0.0007120193547192323,,,Venezuela,,3,,,0.02111111111111113,,,Hamburg,,3,,,0
10-248,10,248,1.206740550941416,0.000011759373163641157,1,0,0,0.000011759373163641157,,,Greenland,,3,,,0,,,Hamburg,,3,,,0
200-248,200,248,0.6240764426170051,0.04912125892433146,0,1,0,0.04912125892433146,,,United Kingdom,,1,,,0,,,Hamburg,,3,,,0
210-248,210,248,0.6747892563028891,0.0062601450650213285|0.0015349674694390475,1,0,0,0.0062601450650213285,,,Netherlands,,3,,,0.04571428571428572,,,Hamburg,,3,,,0
248-365,365,248,1.305877603584244,0.0004534841905469617|0.0059304524371883716,0,1,0,0.0059304524371883716,,,Russia (USSR),,2,,,0,,,Hamburg,,3,,,0
248-3349,3349,248,1.4367751068663799,0.0003058078442901081,0,1,0,0.0003058078442901081,,,Ionian Is.,,2,,,0,,,Hamburg,,3,,,0
239-248,239,248,1.8681954018531934,0.00003551330695419629|0.0007010202784823167,1,0,0,0.0007010202784823167,,,Prussia,,3,,,0,,,Hamburg,,3,,,0
2249-248,2249,248,2.3938942474414127,0.000006718878212134969,1,0,0,0.000006718878212134969,,,Heligoland,,3,,,0,,,Hamburg,,3,,,0
231-248,231,248,1.1999351783001768,0.000018275134930222323,0,1,0,0.000018275134930222323,,,Gibraltar,,1,,,0,,,Hamburg,,3,,,0
200-30,200,30,0.9792406256263106,0.0003785846805388201,1,0,0,0.0003785846805388201,,,United Kingdom,,1,,,0,,,Bermuda,,1,,,0
2-30,2,30,1.2245739024276647,0.0001145807664251019,1,0,0,0.0001145807664251019,,,United States of America,,1,,,0,,,Bermuda,,1,,,0
200-452,200,452,1.0391882421860648,0.00028358776037366135,1,0,0,0.00028358776037366135,,,United Kingdom,,1,,,0,,,Ghana (Gold Coast),,1,,,0
2-452,2,452,0.996255136920176,0.0000643344615443568,1,0,0,0.0000643344615443568,,,United States of America,,1,,,0,,,Ghana (Gold Coast),,1,,,0
561-750,561,750,1.9376948932471922,0.00003280694067228048|0.00046570880727431343,0,1,0,0.00046570880727431343,,,Cape Colony (Cape of Good Hope),,6,,,0,,,India,,5,,,0
750-780,780,750,2.6370567592673226,0.0013681795488433212,1,0,0,0.0013681795488433212,,,Sri Lanka (Ceylon),,5,,,0,,,India,,5,,,0
710-750,710,750,1.829623924478822,0.016878629403302422,1,0,0,0.016878629403302422,,,People's Republic of China (China),,5,,,0,,,India,,5,,,0
750-781,781,750,2.646843471830547,0.000175491326117776,1,0,0,0.000175491326117776,,,Maldive Islands,,5,,,0,,,India,,5,,,0
750-901,901,750,2.5955112575984116,0.0002521474726697808,1,0,0,0.0002521474726697808,,,New South Wales,,5,,,0,,,India,,5,,,0
200-750,200,750,0.8369760661179709,0.04719284594723627,0,1,0,0.04719284594723627,,,United Kingdom,,1,,,0,,,India,,5,,,0
101-390,390,101,3.0927537438293213,0.0011851190747471341,1,0,0,0.0011851190747471341,,,Denmark,,3,,,0,,,Venezuela,,3,,,0.02111111111111113
101-230,230,101,1.0774897709178273,0.00030437174128627884,0.95,0.050000000000000044,0.19000000000000017,0.00030437174128627884,,,Spain,,3,,,0.09500000000000004,,,Venezuela,,3,,,0.02111111111111113
101-2,2,101,1.1626517599379307,0.0012481512823642553|0.002281192609356803,0,1,0,0.002281192609356803,,,United States of America,,1,,,0,,,Venezuela,,3,,,0.02111111111111113
101-210,210,101,0.6360475585845629,0.00040658613201674564,1,0,0,0.00040658613201674564,,,Netherlands,,3,,,0.04571428571428572,,,Venezuela,,3,,,0.02111111111111113
100-101,100,101,0.5581666354133585,0.0000048267906733831524,0,1,0,0.0000048267906733831524,,,Colombia (New Granada) (Gran Colombia),,0,,,0,,,Venezuela,,3,,,0.02111111111111113
200-451,200,451,1.1894699672755165,0.0006072010060878005,1,0,0,0.0006072010060878005,,,United Kingdom,,1,,,0,,,Sierra Leone,,1,,,0
210-211,211,210,1.5094351078389106,0.005674130332740081|0.009384721390507982,1,0,0,0.009384721390507982,,,Belgium,,3,,,0,,,Netherlands,,3,,,0.04571428571428572
210-390,390,210,1.1707929000325739,0.0026950463080508253,1,0,0,0.0026950463080508253,,,Denmark,,3,,,0,,,Netherlands,,3,,,0.04571428571428572
210-247,247,210,2.345782417048946,0.004004257734450643,1,0,0,0.004004257734450643,,,Frankfurt,,3,,,0,,,Netherlands,,3,,,0.04571428571428572
10-210,10,210,1.9818117761150031,0.000026784776744514126,1,0,0,0.000026784776744514126,,,Greenland,,3,,,0,,,Netherlands,,3,,,0.04571428571428572
210-240,240,210,1.9554824224890484,0.00197571205740374,1,0,0,0.00197571205740374,,,Hanover,,3,,,0,,,Netherlands,,3,,,0.04571428571428572
210-276,276,210,1.5828765089271553,0.000026903264475361258,1,0,0,0.000026903264475361258,,,Lübeck,,3,,,0,,,Netherlands,,3,,,0.04571428571428572
210-280,280,210,1.1972130915646917,0.0005659283641440215,1,0,0,0.0005659283641440215,,,Mecklenburg Schwerin,,3,,,0,,,Netherlands,,3,,,0.04571428571428572
210-385,385,210,0.5452997331855196,0.0021586142438989454,1,0,0,0.0021586142438989454,,,Norway,,3,,,0,,,Netherlands,,3,,,0.04571428571428572
115-210,115,210,2.3185109508517816,0.0018412957648700607,1,0,0,0.0018412957648700607,,,Surinam (Dutch Guiana),,3,,,0,,,Netherlands,,3,,,0.04571428571428572
210-239,239,210,1.6484285188685992,0.0131356123603652|0.0006013613321309129,1,0,0,0.0131356123603652,,,Prussia,,3,,,0,,,Netherlands,,3,,,0.04571428571428572
2-5,5,2,1.7368246180384657,0.0011377451918478864,1,0,0,0.0011377451918478864,,,Virgin Islands (Danish West Indies),,1,,,0,,,United States of America,,1,,,0
2-68,68,2,1.4537132269151267,0.0006017510969583376,1,0,0,0.0006017510969583376,,,Netherlands Antilles,,1,,,0,,,United States of America,,1,,,0
2-200,200,2,0.2916475945839953,0.06628030069944145,1,0,0,0.06628030069944145,,,United Kingdom,,1,,,0,,,United States of America,,1,,,0
2-231,231,2,1.4008671505118084,0.00004203501769103728,1,0,0,0.00004203501769103728,,,Gibraltar,,1,,,0,,,United States of America,,1,,,0
2-561,561,2,1.5005694951365394,0.00012348674585017878|0.00020174850974469312,0,1,0,0.00020174850974469312,,,Cape Colony (Cape of Good Hope),,6,,,0,,,United States of America,,1,,,0
110-2,110,2,1.7618645831327044,0.000018988774265162887,1,0,0,0.000018988774265162887,,,Guyana (British Guiana),,1,,,0,,,United States of America,,1,,,0
2-80,80,2,1.7618645831327044,0.00031443420753372224,1,0,0,0.00031443420753372224,,,Belize (British Honduras),,1,,,0,,,United States of America,,1,,,0
2-338,338,2,0.4486196714980226,0.00003263662507846522,0,1,0,0.00003263662507846522,,,Malta,,2,,,0,,,United States of America,,1,,,0
2-840,840,2,1.205634524257938,0.0013089510403534376,0,1,0,0.0013089510403534376,,,Philippines,,5,,,0,,,United States of America,,1,,,0
2-40,40,2,1.2844370244362031,0.012335117437688049,1,0,0,0.012335117437688049,,,Cuba,,1,,,0,,,United States of America,,1,,,0
2-402,402,2,1.7618645831327044,0.0000012955480889455135,1,0,0,0.0000012955480889455135,,,Cape Verde,,1,,,0,,,United States of America,,1,,,0
2-600,600,2,1.7618645831327044,0.0000068843943956334525,1,0,0,0.0000068843943956334525,,,Morocco,,1,,,0,,,United States of America,,1,,,0
2-70,70,2,1.2366195657408423,0.002776465375340954,0,1,0,0.002776465375340954,,,Mexico,,4,,,0,,,United States of America,,1,,,0
100-2,100,2,0.2751194404158309,0.00010135056070848783,0,1,0,0.00010135056070848783,,,Colombia (New Granada) (Gran Colombia),,0,,,0,,,United States of America,,1,,,0
140-2,140,2,1.134525985343415,0.011249957590383886|0.007231384215317384,0,1,0,0.011249957590383886,,,Brazil,,4,,,0.013571428571428571,,,United States of America,,1,,,0
160-2,160,2,1.0114464802218714,0.001208190052287527,0,1,0,0.001208190052287527,,,Argentina (La Plata),,4,,,0,,,United States of America,,1,,,0
155-2,155,2,1.0876333089734675,0.001928900279545995,0,1,0,0.001928900279545995,,,Chile,,4,,,0,,,United States of America,,1,,,0
2-710,710,2,0.4179900448784437,0.009968132938487901,0,1,0,0.009968132938487901,,,People's Republic of China (China),,5,,,0,,,United States of America,,1,,,0
2-41,41,2,0.9216660090753754,0.002332533804452214,1,0,0,0.002332533804452214,,,Haiti,,1,,,0,,,United States of America,,1,,,0
2-4,4,2,1.7618645831327044,0.0003674005067080326,1,0,0,0.0003674005067080326,,,Hawaii (Sandwich Is.),,1,,,0,,,United States of America,,1,,,0
200-338,200,338,1.2436455610802655,0.00007787741090674513,0,1,0,0.00007787741090674513,,,United Kingdom,,1,,,0,,,Malta,,2,,,0
200-31,200,31,0.3705892714852244,0.00029666546617233906,1,0,0,0.00029666546617233906,,,United Kingdom,,1,,,0,,,Bahamas,,1,,,0
2-31,2,31,2.143415406554141,0.00041361606700009184,1,0,0,0.00041361606700009184,,,United States of America,,1,,,0,,,Bahamas,,1,,,0
200-903,200,903,1.2436455610802657,0.0012698895765787734,0,1,0,0.0012698895765787734,,,United Kingdom,,1,,,0,,,South Australia,,6,,,0
200-901,200,901,1.219089388763801,0.008136681032888147,0,1,0,0.008136681032888147,,,United Kingdom,,1,,,0,,,New South Wales,,5,,,0
901-920,920,901,4.786816745315378,0.00016986478676915087,1,0,0,0.00016986478676915087,,,New Zealand,,5,,,0,,,New South Wales,,5,,,0
365-385,385,365,0.35015872033625717,0.0017339771513050102,0,1,0,0.0017339771513050102,,,Norway,,3,,,0,,,Russia (USSR),,2,,,0
239-365,239,365,0.9524724531781572,0.006394659756838128|0.00032232859456141354,0,1,0,0.006394659756838128,,,Prussia,,3,,,0,,,Russia (USSR),,2,,,0
210-365,210,365,0.43642343377120263,0.004732682285542378|0.004918821063511167,0,1,0,0.004918821063511167,,,Netherlands,,3,,,0.04571428571428572,,,Russia (USSR),,2,,,0
211-365,211,365,1.1304196918202933,0.00013417223057918273|0.006105482154447851,0,1,0,0.006105482154447851,,,Belgium,,3,,,0,,,Russia (USSR),,2,,,0
200-365,200,365,0.15870510756339273,0.031598974280993286,0,1,0,0.031598974280993286,,,United Kingdom,,1,,,0,,,Russia (USSR),,2,,,0
235-365,235,365,0.6423206361170372,0.001399188874657155,0,1,0,0.001399188874657155,,,Portugal,,4,,,0,,,Russia (USSR),,2,,,0
230-365,230,365,0.19063317129775914,0.0019026794651394404,0,1,0,0.0019026794651394404,,,Spain,,3,,,0.09500000000000004,,,Russia (USSR),,2,,,0
329-365,329,365,0.6334589794823434,0.0027398335888416496,1,0,0,0.0027398335888416496,,,Two Sicilies,,2,,,0,,,Russia (USSR),,2,,,0
300-365,300,365,0.9430146150092258,0.0034924076967900813|0.0009085723620485935,1,0,0,0.0034924076967900813,,,Austria-Hungary (Austrian Empire),,2,,,0,,,Russia (USSR),,2,,,0
350-365,350,365,0.5033257877003965,0.00041993756438202744,1,0,0,0.00041993756438202744,,,Greece,,2,,,0,,,Russia (USSR),,2,,,0
2901-365,2901,365,1.8637807416963064,0.0015137666486667156,0,1,0,0.0015137666486667156,,,Congress Poland,,3,,,0,,,Russia (USSR),,2,,,0
365-630,630,365,1.9494683636539167,0.0035758894201372393,1,0,0,0.0035758894201372393,,,Iran (Persia),,2,,,0,,,Russia (USSR),,2,,,0
365-7030,7030,365,2.369690164861455,0.00024621070654286194,1,0,0,0.00024621070654286194,,,Khiva,,2,,,0,,,Russia (USSR),,2,,,0
365-7020,7020,365,2.3696901648614555,0.0008719901187691435,1,0,0,0.0008719901187691435,,,Bokhara,,2,,,0,,,Russia (USSR),,2,,,0
365-7010,7010,365,2.369690164861455,0.000030601531568322434,1,0,0,0.000030601531568322434,,,Kokand,,2,,,0,,,Russia (USSR),,2,,,0
365-710,710,365,0.8565707444952831,0.00841611580810919,0,1,0,0.00841611580810919,,,People's Republic of China (China),,5,,,0,,,Russia (USSR),,2,,,0
2-681,2,681,1.5367228742192727,0.0002065501060062107,0,1,0,0.0002065501060062107,,,United States of America,,1,,,0,,,Aden,,5,,,0
200-420,200,420,1.1289473469233107,0.0003002638343604133,1,0,0,0.0003002638343604133,,,United Kingdom,,1,,,0,,,Gambia,,1,,,0
2-420,2,420,0.46188681596946557,0.00003649254202855041,1,0,0,0.00003649254202855041,,,United States of America,,1,,,0,,,Gambia,,1,,,0
211-390,390,211,1.4354254324230193,0.0021774835221123764,1,0,0,0.0021774835221123764,,,Denmark,,3,,,0,,,Belgium,,3,,,0
211-212,212,211,2.8236604742292437,0.0004679485188669781,1,0,0,0.0004679485188669781,,,Luxemburg,,3,,,0,,,Belgium,,3,,,0
211-90,90,211,0.7352835667570495,0.000016059771653422915,0,1,0,0.000016059771653422915,,,Guatemala,,0,,,0,,,Belgium,,3,,,0
211-280,280,211,2.0884244930890388,0.0008555981794668417,1,0,0,0.0008555981794668417,,,Mecklenburg Schwerin,,3,,,0,,,Belgium,,3,,,0
211-239,239,211,1.4054304306029601,0.0063881895140710365|0.00006814292715364451,1,0,0,0.0063881895140710365,,,Prussia,,3,,,0,,,Belgium,,3,,,0
160-211,160,211,0.52849743395172,0.00025778702429890923,0,1,0,0.00025778702429890923,,,Argentina (La Plata),,4,,,0,,,Belgium,,3,,,0
1063-2,2,1063,1.5856722420298623,0.0007973838516158754,1,0,0,0.0007973838516158754,,,United States of America,,1,,,0,,,Leeward Is.,,1,,,0
1063-200,200,1063,0.8381075068610084,0.0015944187705589678,1,0,0,0.0015944187705589678,,,United Kingdom,,1,,,0,,,Leeward Is.,,1,,,0
2-300,2,300,0.8388215219501796,0.004275968678891193|0.0005740306006841323,0,1,0,0.004275968678891193,,,United States of America,,1,,,0,,,Austria-Hungary (Austrian Empire),,2,,,0
140-300,140,300,1.9301697666392703,0.005650184376489691|0.0005573523583441841,0,1,0,0.005650184376489691,,,Brazil,,4,,,0.013571428571428571,,,Austria-Hungary (Austrian Empire),,2,,,0
300-327,327,300,3.5228981069166623,0.0030286691831163588|0.0026428098581088464,1,0,0,0.0030286691831163588,,,Papal States,,2,,,0,,,Austria-Hungary (Austrian Empire),,2,,,0
300-329,329,300,2.2394505206106676,0.003951721917185101,1,0,0,0.003951721917185101,,,Two Sicilies,,2,,,0,,,Austria-Hungary (Austrian Empire),,2,,,0
300-350,350,300,3.0386351368126117,0.001534067647546422,1,0,0,0.001534067647546422,,,Greece,,2,,,0,,,Austria-Hungary (Austrian Empire),,2,,,0
300-651,651,300,3.0657228884170054,0.0033060676824043195|0.002000562769685747,1,0,0,0.0033060676824043195,,,Egypt Arab Republic (Egypt),,2,,,0,,,Austria-Hungary (Austrian Empire),,2,,,0
140-225,225,140,1.5091501417517283,0.0015871623449536369,1,0,0,0.0015871623449536369,,,Switzerland,,4,,,0,,,Brazil,,4,,,0.013571428571428571
140-230,230,140,0.9256382830218355,0.001445197913383544,0.05,0.95,0.19,0.001445197913383544,,,Spain,,3,,,0.09500000000000004,,,Brazil,,4,,,0.013571428571428571
140-235,235,140,2.725410165182596,0.004091698846713213,1,0,0,0.004091698846713213,,,Portugal,,4,,,0,,,Brazil,,4,,,0.013571428571428571
140-390,390,140,0.12486197994003323,0.00033673963168426,0,1,0,0.00033673963168426,,,Denmark,,3,,,0,,,Brazil,,4,,,0.013571428571428571
200-640,200,640,0.6170934480694086,0.003049679918988732,0,1,0,0.003049679918988732,,,United Kingdom,,1,,,0,,,Turkey (Ottoman Empire),,2,,,0
337-640,337,640,1.145312832321686,0.00010789296799327048,1,0,0,0.00010789296799327048,,,Tuscany,,2,,,0,,,Turkey (Ottoman Empire),,2,,,0
210-850,210,850,2.8081431489525666,0.006665230062215854|0.02841952517330405,0.2,0.8,0.6400000000000001,0.02841952517330405,,,Netherlands,,3,,,0.04571428571428572,,,Indonesia (Dutch East Indies),,5,,,0.384
740-850,740,850,4.464547027263881,0.0003324806987371572,1,0,0,0.0003324806987371572,,,Japan,,5,,,0,,,Indonesia (Dutch East Indies),,5,,,0.384
800-850,800,850,2.058733121868135,0.00011641083388747604,0.8,0.19999999999999996,0.6399999999999999,0.00011641083388747604,,,Thailand (Siam),,5,,,0.31999999999999995,,,Indonesia (Dutch East Indies),,5,,,0.384
200-561,200,561,0.8074990546997812,0.005026963975323747,0,1,0,0.005026963975323747,,,United Kingdom,,1,,,0,,,Cape Colony (Cape of Good Hope),,6,,,0
246-561,246,561,0.44974382436095295,0.00010188834045262201,0,1,0,0.00010188834045262201,,,Bremen,,3,,,0,,,Cape Colony (Cape of Good Hope),,6,,,0
541-561,541,561,4.85679255415446,0.000036696086087673796,1,0,0,0.000036696086087673796,,,Mozambique (Portuguese East Africa),,6,,,0,,,Cape Colony (Cape of Good Hope),,6,,,0
561-590,590,561,4.017446583966894,0.0005801805322391706,1,0,0,0.0005801805322391706,,,Mauritius,,6,,,0,,,Cape Colony (Cape of Good Hope),,6,,,0
561-720,720,561,4.85679255415446,0.00007858981511367698,1,0,0,0.00007858981511367698,,,Hong Kong,,6,,,0,,,Cape Colony (Cape of Good Hope),,6,,,0
561-780,780,561,0.22517351448012293,0.00001345571619419259,0,1,0,0.00001345571619419259,,,Sri Lanka (Ceylon),,5,,,0,,,Cape Colony (Cape of Good Hope),,6,,,0
561-901,901,561,1.8617994699897997,0.000013281249857801114,0,1,0,0.000013281249857801114,,,New South Wales,,5,,,0,,,Cape Colony (Cape of Good Hope),,6,,,0
561-906,906,561,4.85679255415446,0.000021582939697762184,1,0,0,0.000021582939697762184,,,Tasmania,,6,,,0,,,Cape Colony (Cape of Good Hope),,6,,,0
4050-561,4050,561,4.85679255415446,0.000006026358036188902,1,0,0,0.000006026358036188902,,,St. Helena,,6,,,0,,,Cape Colony (Cape of Good Hope),,6,,,0
561-9974,9974,561,4.85679255415446,0.000056396243238544635,1,0,0,0.000056396243238544635,,,Crozet Is.,,6,,,0,,,Cape Colony (Cape of Good Hope),,6,,,0
640-651,651,640,2.4483015791821607,0.00012066976683457883|0.003216304997112433,1,0,0,0.003216304997112433,,,Egypt Arab Republic (Egypt),,2,,,0,,,Turkey (Ottoman Empire),,2,,,0
1055-2,2,1055,1.2270946028911565,0.0002853978486137229,1,0,0,0.0002853978486137229,,,United States of America,,1,,,0,,,Windward Is.,,1,,,0
1055-200,200,1055,0.9784764673338251,0.0009398865012942965,1,0,0,0.0009398865012942965,,,United Kingdom,,1,,,0,,,Windward Is.,,1,,,0
200-239,200,239,0.08737783497143485,0.0019821073935816346,0,1,0,0.0019821073935816346,,,United Kingdom,,1,,,0,,,Prussia,,3,,,0
239-390,390,239,0.861004380837169,0.00013003941931820495,1,0,0,0.00013003941931820495,,,Denmark,,3,,,0,,,Prussia,,3,,,0
327-329,329,327,1.5221511630057154,0.000410277207237568,1,0,0,0.000410277207237568,,,Two Sicilies,,2,,,0,,,Papal States,,2,,,0
327-337,337,327,3.24240592069789,0.0008864259107236591,1,0,0,0.0008864259107236591,,,Tuscany,,2,,,0,,,Papal States,,2,,,0
327-350,350,327,0.13483451661338972,0.000017887518377831688,1,0,0,0.000017887518377831688,,,Greece,,2,,,0,,,Papal States,,2,,,0
300-640,640,300,0.3465535337132195,0.0008745008984717712,1,0,0,0.0008745008984717712,,,Turkey (Ottoman Empire),,2,,,0,,,Austria-Hungary (Austrian Empire),,2,,,0
337-651,337,651,2.381970670031912,0.0007924454570242577,1,0,0,0.0007924454570242577,,,Tuscany,,2,,,0,,,Egypt Arab Republic (Egypt),,2,,,0
350-651,350,651,2.356480515802022,0.0003486646439361478,1,0,0,0.0003486646439361478,,,Greece,,2,,,0,,,Egypt Arab Republic (Egypt),,2,,,0
100-220,100,220,1.142921812388784,0.00034071463576822256,1,0,0,0.00034071463576822256,,,Colombia (New Granada) (Gran Colombia),,0,,,0,,,France,,0,,,0
246-248,246,248,0.23486436026414526,0.0009647763905324592,1,0,0,0.0009647763905324592,,,Bremen,,3,,,0,,,Hamburg,,3,,,0
2248-248,2248,248,2.393732143536735,0.007847110558893018,1,0,0,0.007847110558893018,,,Holstein,,3,,,0,,,Hamburg,,3,,,0
1064-2,1064,2,1.7618645831327044,0.00000798946516928476,1,0,0,0.00000798946516928476,,,St. Barthelemy,,1,,,0,,,United States of America,,1,,,0
365-640,640,365,0.8144952593735468,0.0048238727565351625|0.0003634289448194374,1,0,0,0.0048238727565351625,,,Turkey (Ottoman Empire),,2,,,0,,,Russia (USSR),,2,,,0
681-750,750,681,4.37092392336528,0.0004440913992024381|0.0008037795739619093,1,0,0,0.0008037795739619093,,,India,,5,,,0,,,Aden,,5,,,0
840-850,840,850,1.644004648819494,0.00013600192544414885,1,0,0,0.00013600192544414885,,,Philippines,,5,,,0,,,Indonesia (Dutch East Indies),,5,,,0.384
561-815,815,561,4.85679255415446,6.687876228339915e-7,1,0,0,6.687876228339915e-7,,,Vietnam,,6,,,0,,,Cape Colony (Cape of Good Hope),,6,,,0
561-903,903,561,4.85679255415446,0.000014786022009177596,1,0,0,0.000014786022009177596,,,South Australia,,6,,,0,,,Cape Colony (Cape of Good Hope),,6,,,0
1023-561,1023,561,4.85679255415446,0.000004252616949542229,1,0,0,0.000004252616949542229,,,New Brunswick,,6,,,0,,,Cape Colony (Cape of Good Hope),,6,,,0
140-561,140,561,1.0328705995197032,0.0006616781196260389,0,1,0,0.0006616781196260389,,,Brazil,,4,,,0.013571428571428571,,,Cape Colony (Cape of Good Hope),,6,,,0
630-640,630,640,4.096429983861962,0.0018676840617361402,1,0,0,0.0018676840617361402,,,Iran (Persia),,2,,,0,,,Turkey (Ottoman Empire),,2,,,0
324-327,324,327,1.530820834636029,0.0009125473661325561,1,0,0,0.0009125473661325561,,,Kingdom of Sardinia,,2,,,0,,,Papal States,,2,,,0
248-6,6,248,0.5171815756738349,0.000990399580657604,0,1,0,0.000990399580657604,,,Puerto Rico,,1,,,0,,,Hamburg,,3,,,0
248-257,257,248,2.287158554077742,0.000041045385947114814,1,0,0,0.000041045385947114814,,,Oldenburg,,3,,,0,,,Hamburg,,3,,,0
248-380,380,248,2.057311539369979,0.000010191674765937528|0.0015578753425156365,1,0,0,0.0015578753425156365,,,Sweden,,3,,,0.04571428571428572,,,Hamburg,,3,,,0
2247-248,2247,248,2.3938942474414127,6.611358655178968e-7,1,0,0,6.611358655178968e-7,,,Schleswig,,3,,,0,,,Hamburg,,3,,,0
590-750,590,750,2.0365985755955642,0.0007295591090957697,0,1,0,0.0007295591090957697,,,Mauritius,,6,,,0,,,India,,5,,,0
750-775,775,750,2.6468302466004086,0.001099320395469504,1,0,0,0.001099320395469504,,,Myanmar (Burma),,5,,,0,,,India,,5,,,0
750-800,800,750,2.5523217174190904,0.001174288553230797,1,0,0,0.001174288553230797,,,Thailand (Siam),,5,,,0.31999999999999995,,,India,,5,,,0
2-6,6,2,1.1309570076218947,0.0034423634875364274,1,0,0,0.0034423634875364274,,,Puerto Rico,,1,,,0,,,United States of America,,1,,,0
276-300,276,300,0.6403865261324386,0.0000029627342979202435,0,1,0,0.0000029627342979202435,,,Lübeck,,3,,,0,,,Austria-Hungary (Austrian Empire),,2,,,0
140-165,165,140,2.3057139572590173,0.0005371919234949098,1,0,0,0.0005371919234949098,,,Uruguay,,4,,,0,,,Brazil,,4,,,0.013571428571428571
380-850,380,850,0.651892786974032,0.00009132228497029715,0.2,0.8,0.6400000000000001,0.00009132228497029715,,,Sweden,,3,,,0.04571428571428572,,,Indonesia (Dutch East Indies),,5,,,0.384
239-385,385,239,1.923808333459532,0.000563510419721089,1,0,0,0.000563510419721089,,,Norway,,3,,,0,,,Prussia,,3,,,0
239-2901,2901,239,4.143616285067968,0.0009968049035878881,1,0,0,0.0009968049035878881,,,Congress Poland,,3,,,0,,,Prussia,,3,,,0
3349-651,3349,651,2.2711340760204086,0.0000939130899056816,1,0,0,0.0000939130899056816,,,Ionian Is.,,2,,,0,,,Egypt Arab Republic (Egypt),,2,,,0
101-276,276,101,0.8975762919458103,8.723316819573803e-7,1,0,0,8.723316819573803e-7,,,Lübeck,,3,,,0,,,Venezuela,,3,,,0.02111111111111113
101-246,246,101,1.5271153432963074,0.00023715790660147978,1,0,0,0.00023715790660147978,,,Bremen,,3,,,0,,,Venezuela,,3,,,0.02111111111111113
140-276,276,140,0.3511238459416785,0.0000027914613822636167,0,1,0,0.0000027914613822636167,,,Lübeck,,3,,,0,,,Brazil,,4,,,0.013571428571428571
140-246,246,140,0.9813255332669119,0.0007594083457279974,0,1,0,0.0007594083457279974,,,Bremen,,3,,,0,,,Brazil,,4,,,0.013571428571428571
211-6,6,211,0.7963650488282578,0.0008519481983223095,0,1,0,0.0008519481983223095,,,Puerto Rico,,1,,,0,,,Belgium,,3,,,0
211-40,40,211,0.23682394430222525,0.0014963686895069581,0,1,0,0.0014963686895069581,,,Cuba,,1,,,0,,,Belgium,,3,,,0
101-211,101,211,0.6630513977737191,0.0004786920104741124,1,0,0,0.0004786920104741124,,,Venezuela,,3,,,0.02111111111111113,,,Belgium,,3,,,0
211-257,257,211,0.5333676144657467,0.000004623357914374116,1,0,0,0.000004623357914374116,,,Oldenburg,,3,,,0,,,Belgium,,3,,,0
211-240,240,211,0.048669099001629426,0.00018199746657904145,1,0,0,0.00018199746657904145,,,Hanover,,3,,,0,,,Belgium,,3,,,0
239-276,276,239,1.1053759265094973,0.0000010976840331297035,1,0,0,0.0000010976840331297035,,,Lübeck,,3,,,0,,,Prussia,,3,,,0
239-246,246,239,1.7387596153457427,0.00029957323844553033,1,0,0,0.00029957323844553033,,,Bremen,,3,,,0,,,Prussia,,3,,,0
300-380,380,300,0.5374866966318499,0.00019154222906579178,0,1,0,0.00019154222906579178,,,Sweden,,3,,,0.04571428571428572,,,Austria-Hungary (Austrian Empire),,2,,,0
300-385,385,300,0.35950091364237374,0.0005066284325887975,0,1,0,0.0005066284325887975,,,Norway,,3,,,0,,,Austria-Hungary (Austrian Empire),,2,,,0
276-365,276,365,0.5481948048233755,0.000009333948996943969,0,1,0,0.000009333948996943969,,,Lübeck,,3,,,0,,,Russia (USSR),,2,,,0
246-365,246,365,1.1764502204022125,0.0025343343495759963,0,1,0,0.0025343343495759963,,,Bremen,,3,,,0,,,Russia (USSR),,2,,,0
276-380,276,380,1.2987537601074248,0.000002449798140163643,1,0,0,0.000002449798140163643,,,Lübeck,,3,,,0,,,Sweden,,3,,,0.04571428571428572
280-380,280,380,1.3145474053658353,0.0000769905403634218,1,0,0,0.0000769905403634218,,,Mecklenburg Schwerin,,3,,,0,,,Sweden,,3,,,0.04571428571428572
246-380,246,380,1.9278772366395593,0.0006657417313778237,1,0,0,0.0006657417313778237,,,Bremen,,3,,,0,,,Sweden,,3,,,0.04571428571428572
240-380,240,380,3.044671055712199,0.0007103469580485777,1,0,0,0.0007103469580485777,,,Hanover,,3,,,0,,,Sweden,,3,,,0.04571428571428572
338-651,338,651,2.09945037902913,0.000012052716072377804,1,0,0,0.000012052716072377804,,,Malta,,2,,,0,,,Egypt Arab Republic (Egypt),,2,,,0
200-651,200,651,0.19296581993404321,0.00425559741612225,0,1,0,0.00425559741612225,,,United Kingdom,,1,,,0,,,Egypt Arab Republic (Egypt),,2,,,0
