key,source,target,proximity,observedTradeValues,coMembershipScore,bridgeNessEdgeScore,ambiguityScore,maxObservedTradeValue,sourceCited,sourceReporting,sourceLabel,sourceGphStatus,sourceBlockLouvain,sourceBlockIntraMax,sourceBlockAn,sourceMeanAmbiguityScore,targetCited,targetReporting,targetLabel,targetGphStatus,targetBlockLouvain,targetBlockIntraMax,targetBlockAn,targetMeanAmbiguityScore
10-225,10,225,2.1514455186156316,0.000007634924308394297,1,0,0,0.000007634924308394297,,,Greenland,,0,5,WE,0,,,Switzerland,,0,8,WE,0
10-380,10,380,0.05329295944728538,4.804154921345821e-7,1,0,0,4.804154921345821e-7,,,Greenland,,0,5,WE,0,,,Sweden,,0,1,AS,0.07111111111111112
10-390,10,390,4.651046912559249,0.0000312677229415838,1,0,0,0.0000312677229415838,,,Greenland,,0,5,WE,0,,,Denmark,,0,8,WE,0.058181818181818196
100-2,2,100,1.1133883759196948,0.0009725310250607292,1,0,0,0.0009725310250607292,,,United States of America,,3,1,AS,0.03333333333333333,,,Colombia (New Granada) (Gran Colombia),,3,1,AS,0.10714285714285714
100-200,100,200,0.13040477549521456,0.000578711307171257,0,1,0,0.000578711307171257,,,Colombia (New Granada) (Gran Colombia),,3,1,AS,0.10714285714285714,,,United Kingdom,,1,1,AF,0.05050632911392411
100-211,100,211,0.9370655782978744,0.0002858135624355982,0,1,0,0.0002858135624355982,,,Colombia (New Granada) (Gran Colombia),,3,1,AS,0.10714285714285714,,,Belgium,,2,1,WE,0.05875000000000001
100-220,100,220,0.9536795611362748,0.0007570377980848914,0,1,0,0.0007570377980848914,,,Colombia (New Granada) (Gran Colombia),,3,1,AS,0.10714285714285714,,,France,,4,1,AF,0.05625
100-51,51,100,2.570619474313732,0.0000372094072046719,1,0,0,0.0000372094072046719,,,Jamaica,,3,1,AS,0,,,Colombia (New Granada) (Gran Colombia),,3,1,AS,0.10714285714285714
100-70,70,100,0.5945212261629514,0.00002058653569555665,0,1,0,0.00002058653569555665,,,Mexico,,6,6,LA,0,,,Colombia (New Granada) (Gran Colombia),,3,1,AS,0.10714285714285714
100-94,94,100,1.9361950940826076,0.00001057387335499397,0.25,0.75,0.75,0.00001057387335499397,,,Costa Rica,,4,2,WE,0.375,,,Colombia (New Granada) (Gran Colombia),,3,1,AS,0.10714285714285714
101-1055,101,1055,0.45675663693431534,6.811730609280479e-7,0,1,0,6.811730609280479e-7,,,Venezuela,,6,1,AS,0,,,Windward Is.,,3,1,AS,0
101-2,2,101,1.4951392750829642,0.0005392870207080654,0,1,0,0.0005392870207080654,,,United States of America,,3,1,AS,0.03333333333333333,,,Venezuela,,6,1,AS,0
101-200,101,200,0.4315162581725801,0.0002960446503100571,0,1,0,0.0002960446503100571,,,Venezuela,,6,1,AS,0,,,United Kingdom,,1,1,AF,0.05050632911392411
101-220,101,220,0.09593750122977183,0.00012154276574757427,0,1,0,0.00012154276574757427,,,Venezuela,,6,1,AS,0,,,France,,4,1,AF,0.05625
101-230,101,230,0.058055364022046724,0.000025310087165158947,0,1,0,0.000025310087165158947,,,Venezuela,,6,1,AS,0,,,Spain,,4,2,WE,0.2727272727272727
101-70,70,101,1.5074433683847712,0.000019417106500709348,1,0,0,0.000019417106500709348,,,Mexico,,6,6,LA,0,,,Venezuela,,6,1,AS,0
1029-2,2,1029,0.6397885864035313,0.00005493182629454897,1,0,0,0.00005493182629454897,,,United States of America,,3,1,AS,0.03333333333333333,,,St. Pierre and Miquelon,,3,2,WE,0
1029-20,20,1029,2.078509268233577,0.000027488182245897367,1,0,0,0.000027488182245897367,,,Canada (Province of Canada),,3,1,AS,0,,,St. Pierre and Miquelon,,3,2,WE,0
1029-21,21,1029,2.234685770338591,0.0000020075756879346586,1,0,0,0.0000020075756879346586,,,Newfoundland and Labrador (Newfoundland),,3,1,AS,0.041666666666666664,,,St. Pierre and Miquelon,,3,2,WE,0
1029-220,220,1029,2.2697290701591113,0.0005214490591075576|0.00015974192069681192,0,1,0,0.0005214490591075576,,,France,,4,1,AF,0.05625,,,St. Pierre and Miquelon,,3,2,WE,0
1032-2,2,1032,2.398279313272932,0.000017394898165938643,1,0,0,0.000017394898165938643,,,United States of America,,3,1,AS,0.03333333333333333,,,Turks and Caicos Is.,,3,3,LA,0
1032-20,20,1032,1.2924097241637447,0.0000010888248927575746,1,0,0,0.0000010888248927575746,,,Canada (Province of Canada),,3,1,AS,0,,,Turks and Caicos Is.,,3,3,LA,0
1032-21,21,1032,4.841631681762865,0.000003938881033139922,1,0,0,0.000003938881033139922,,,Newfoundland and Labrador (Newfoundland),,3,1,AS,0.041666666666666664,,,Turks and Caicos Is.,,3,3,LA,0
1032-30,30,1032,1.9555651591779077,1.1747386121539051e-7,1,0,0,1.1747386121539051e-7,,,Bermuda,,3,1,AS,0,,,Turks and Caicos Is.,,3,3,LA,0
1032-31,31,1032,1.12952598837418,3.945017727382517e-8,1,0,0,3.945017727382517e-8,,,Bahamas,,3,1,AS,0,,,Turks and Caicos Is.,,3,3,LA,0
1032-41,41,1032,3.675913855970964,9.529409488143991e-7,1,0,0,9.529409488143991e-7,,,Haiti,,3,5,WE,0,,,Turks and Caicos Is.,,3,3,LA,0
1032-42,42,1032,3.569027934312581,2.516044639463961e-7,1,0,0,2.516044639463961e-7,,,Dominican Republic (Santo Domingo),,3,1,WE,0,,,Turks and Caicos Is.,,3,3,LA,0
1032-51,51,1032,2.618615175318998,1.3500727333709058e-7,1,0,0,1.3500727333709058e-7,,,Jamaica,,3,1,AS,0,,,Turks and Caicos Is.,,3,3,LA,0
1032-65,65,1032,2.0306494876565675,1.0081711969977543e-7,1,0,0,1.0081711969977543e-7,,,Guadeloupe,,3,2,WE,0,,,Turks and Caicos Is.,,3,3,LA,0
1048-1055,1048,1055,3.17656073040183,0.0000069020276817072345|1.0520047273020045e-8,1,0,0,0.0000069020276817072345,,,Trinidad,,3,1,AS,0,,,Windward Is.,,3,1,AS,0
1048-110,110,1048,1.1478239180269103,7.337732972931481e-7|0.0000032068610770589436,1,0,0,0.0000032068610770589436,,,Guyana (British Guiana),,3,1,AS,0.04411764705882353,,,Trinidad,,3,1,AS,0
1048-2,2,1048,1.8511721429588772,0.0004770587203838826|0.00020366811520566806,1,0,0,0.0004770587203838826,,,United States of America,,3,1,AS,0.03333333333333333,,,Trinidad,,3,1,AS,0
1048-20,20,1048,1.5442900701020903,0.0000026589419482558164|0.000044893425067006955,1,0,0,0.000044893425067006955,,,Canada (Province of Canada),,3,1,AS,0,,,Trinidad,,3,1,AS,0
1048-200,200,1048,1.1528854261991726,0.0004824406012346384|0.0004065998271022247,0,1,0,0.0004824406012346384,,,United Kingdom,,1,1,AF,0.05050632911392411,,,Trinidad,,3,1,AS,0
1048-21,21,1048,2.401203806306494,0.000009621459901782916|0.000006607466358062673,1,0,0,0.000009621459901782916,,,Newfoundland and Labrador (Newfoundland),,3,1,AS,0.041666666666666664,,,Trinidad,,3,1,AS,0
1048-30,30,1048,0.047160831019690666,8.258237109320735e-7,1,0,0,8.258237109320735e-7,,,Bermuda,,3,1,AS,0,,,Trinidad,,3,1,AS,0
1048-5,5,1048,0.48032274573794576,0.0000010344713151803043,1,0,0,0.0000010344713151803043,,,Virgin Islands (Danish West Indies),,3,7,LA,0,,,Trinidad,,3,1,AS,0
1048-51,51,1048,0.964751054728482,2.1741431030908092e-7|0.000001887471814901013,1,0,0,0.000001887471814901013,,,Jamaica,,3,1,AS,0,,,Trinidad,,3,1,AS,0
1048-53,53,1048,0.6828326525671733,5.540558230457224e-7|0.0000010055411851794994,1,0,0,0.0000010055411851794994,,,Barbados,,3,1,AS,0,,,Trinidad,,3,1,AS,0
1048-65,65,1048,3.1849154546963705,0.000015155881437997545,1,0,0,0.000015155881437997545,,,Guadeloupe,,3,2,WE,0,,,Trinidad,,3,1,AS,0
1048-66,66,1048,3.2348352541416125,0.000018232118594749822,1,0,0,0.000018232118594749822,,,Martinique,,3,2,WE,0,,,Trinidad,,3,1,AS,0
1048-68,68,1048,0.26267092857960117,9.33654195480529e-7,0,1,0,9.33654195480529e-7,,,Netherlands Antilles,,5,1,AS,0,,,Trinidad,,3,1,AS,0
1055-1063,1055,1063,2.4620681881884527,7.714701333548033e-8|2.805345939472012e-8,1,0,0,7.714701333548033e-8,,,Windward Is.,,3,1,AS,0,,,Leeward Is.,,3,1,AS,0
1055-110,110,1055,1.147883511949668,1.1221383757888048e-7|9.11737430328404e-8,1,0,0,1.1221383757888048e-7,,,Guyana (British Guiana),,3,1,AS,0.04411764705882353,,,Windward Is.,,3,1,AS,0
1055-2,2,1055,1.2172178030456218,0.00009171815547921917|0.000005840379577738295,1,0,0,0.00009171815547921917,,,United States of America,,3,1,AS,0.03333333333333333,,,Windward Is.,,3,1,AS,0
1055-20,20,1055,1.5526162261788616,2.2956764645238276e-8|0.0000012869524497327855,1,0,0,0.0000012869524497327855,,,Canada (Province of Canada),,3,1,AS,0,,,Windward Is.,,3,1,AS,0
1055-200,200,1055,1.161536560337645,0.00027192130524241603|0.00001165971906093055,0,1,0,0.00027192130524241603,,,United Kingdom,,1,1,AF,0.05050632911392411,,,Windward Is.,,3,1,AS,0
1055-21,21,1055,2.4092432338793857,9.326141959874159e-7|1.893608509143608e-7,1,0,0,9.326141959874159e-7,,,Newfoundland and Labrador (Newfoundland),,3,1,AS,0.041666666666666664,,,Windward Is.,,3,1,AS,0
1055-30,30,1055,2.680020352957465,0.000004164185378903768,1,0,0,0.000004164185378903768,,,Bermuda,,3,1,AS,0,,,Windward Is.,,3,1,AS,0
1055-31,31,1055,1.8694400235320712,0.0000014202063818577061|8.766706060850038e-10,1,0,0,0.0000014202063818577061,,,Bahamas,,3,1,AS,0,,,Windward Is.,,3,1,AS,0
1055-51,51,1055,1.871353624503219,0.0000010984682694245098|5.3476906971185226e-8,1,0,0,0.0000010984682694245098,,,Jamaica,,3,1,AS,0,,,Windward Is.,,3,1,AS,0
1055-53,53,1055,2.7487244108299365,0.0000067573770317032085|2.805345939472012e-8,1,0,0,0.0000067573770317032085,,,Barbados,,3,1,AS,0,,,Windward Is.,,3,1,AS,0
1055-65,65,1055,1.8935175797344665,0.0000015098735353592654,1,0,0,0.0000015098735353592654,,,Guadeloupe,,3,2,WE,0,,,Windward Is.,,3,1,AS,0
1055-66,66,1055,3.686028868389047,0.00001037514987133513,1,0,0,0.00001037514987133513,,,Martinique,,3,2,WE,0,,,Windward Is.,,3,1,AS,0
1055-68,68,1055,1.9824517524593739,0.0000018892251561131831,0,1,0,0.0000018892251561131831,,,Netherlands Antilles,,5,1,AS,0,,,Windward Is.,,3,1,AS,0
1063-110,110,1063,1.1413578033655807,1.7533412121700075e-9|7.276366030505532e-8,1,0,0,7.276366030505532e-8,,,Guyana (British Guiana),,3,1,AS,0.04411764705882353,,,Leeward Is.,,3,1,AS,0
1063-2,2,1063,2.304293984024647,0.00022988319633942793|0.000004675284342251325,1,0,0,0.00022988319633942793,,,United States of America,,3,1,AS,0.03333333333333333,,,Leeward Is.,,3,1,AS,0
1063-20,20,1063,1.5490080263433477,3.0339030626079273e-7|0.0000010300879621498794,1,0,0,0.0000010300879621498794,,,Canada (Province of Canada),,3,1,AS,0,,,Leeward Is.,,3,1,AS,0
1063-200,200,1063,1.1581691889634351,0.00008527725653631265|0.00000933478861359312,0,1,0,0.00008527725653631265,,,United Kingdom,,1,1,AF,0.05050632911392411,,,Leeward Is.,,3,1,AS,0
1063-21,21,1063,3.755542994611804,0.000019301594457618147|1.5166401485270566e-7,1,0,0,0.000019301594457618147,,,Newfoundland and Labrador (Newfoundland),,3,1,AS,0.041666666666666664,,,Leeward Is.,,3,1,AS,0
1063-30,30,1063,0.20834575380613962,2.9719133546281626e-7,1,0,0,2.9719133546281626e-7,,,Bermuda,,3,1,AS,0,,,Leeward Is.,,3,1,AS,0
1063-5,5,1063,3.1770423947317616,0.000004699330485303249,1,0,0,0.000004699330485303249,,,Virgin Islands (Danish West Indies),,3,7,LA,0,,,Leeward Is.,,3,1,AS,0
1063-51,51,1063,0.9613189619676288,4.295685969816518e-8,1,0,0,4.295685969816518e-8,,,Jamaica,,3,1,AS,0,,,Leeward Is.,,3,1,AS,0
1063-53,53,1063,1.6694916850611734,0.0000019409487218721982|2.27934357582101e-8,1,0,0,0.0000019409487218721982,,,Barbados,,3,1,AS,0,,,Leeward Is.,,3,1,AS,0
1063-65,65,1063,1.979308048686804,0.000001390399581250816,1,0,0,0.000001390399581250816,,,Guadeloupe,,3,2,WE,0,,,Leeward Is.,,3,1,AS,0
1063-66,66,1063,3.4088617156623577,0.000006646039864730414,1,0,0,0.000006646039864730414,,,Martinique,,3,2,WE,0,,,Leeward Is.,,3,1,AS,0
1063-68,68,1063,0.34506115680113636,3.1053799701545593e-7,0,1,0,3.1053799701545593e-7,,,Netherlands Antilles,,5,1,AS,0,,,Leeward Is.,,3,1,AS,0
11-225,11,225,1.1394659841778503,0.0000017042476582292474,1,0,0,0.0000017042476582292474,,,Faeroe Is.,,0,5,WE,0,,,Switzerland,,0,8,WE,0
11-385,11,385,1.9888371783964005,8.643972175998137e-7,1,0,0,8.643972175998137e-7,,,Faeroe Is.,,0,5,WE,0,,,Norway,,0,1,AS,0.058181818181818196
11-390,11,390,4.769510862368354,0.000021615714344502017,1,0,0,0.000021615714344502017,,,Faeroe Is.,,0,5,WE,0,,,Denmark,,0,8,WE,0.058181818181818196
110-115,110,115,0.6778326278504758,0.000001365852804280436,0,1,0,0.000001365852804280436,,,Guyana (British Guiana),,3,1,AS,0.04411764705882353,,,Surinam (Dutch Guiana),,5,1,AS,0.2133333333333333
110-120,110,120,2.5542141553835385,0.000003654839756768381,0.25,0.75,0.75,0.000003654839756768381,,,Guyana (British Guiana),,3,1,AS,0.04411764705882353,,,French Guiana,,4,1,AS,0.75
110-2,2,110,1.1232973248817015,0.0002939907868321496|0.0002684496896423194,1,0,0,0.0002939907868321496,,,United States of America,,3,1,AS,0.03333333333333333,,,Guyana (British Guiana),,3,1,AS,0.04411764705882353
110-20,20,110,1.1751242043425374,0.00003675660393758598|0.000016277634470281435,1,0,0,0.00003675660393758598,,,Canada (Province of Canada),,3,1,AS,0,,,Guyana (British Guiana),,3,1,AS,0.04411764705882353
110-200,110,200,1.1050917430098983,0.0004590817129355035|0.0011259589062901233,0,1,0,0.0011259589062901233,,,Guyana (British Guiana),,3,1,AS,0.04411764705882353,,,United Kingdom,,1,1,AF,0.05050632911392411
110-30,30,110,0.7992781139473031,0.0000022434000809715246,1,0,0,0.0000022434000809715246,,,Bermuda,,3,1,AS,0,,,Guyana (British Guiana),,3,1,AS,0.04411764705882353
110-31,31,110,1.1547761924244864,0.0000024555543676440953,1,0,0,0.0000024555543676440953,,,Bahamas,,3,1,AS,0,,,Guyana (British Guiana),,3,1,AS,0.04411764705882353
110-5,5,110,0.9283370505484553,0.0000020733259833910336,1,0,0,0.0000020733259833910336,,,Virgin Islands (Danish West Indies),,3,7,LA,0,,,Guyana (British Guiana),,3,1,AS,0.04411764705882353
110-51,51,110,1.1564809190268228,0.0000014728066182228063|0.0000018988685327801181,1,0,0,0.0000018988685327801181,,,Jamaica,,3,1,AS,0,,,Guyana (British Guiana),,3,1,AS,0.04411764705882353
110-53,53,110,1.8878743611145492,0.000003973947857383322|0.000004828701698316201,1,0,0,0.000004828701698316201,,,Barbados,,3,1,AS,0,,,Guyana (British Guiana),,3,1,AS,0.04411764705882353
110-65,65,110,2.145459121133803,0.000006863253602938992,1,0,0,0.000006863253602938992,,,Guadeloupe,,3,2,WE,0,,,Guyana (British Guiana),,3,1,AS,0.04411764705882353
110-66,66,110,2.8231859790345153,0.000015468176745864308,1,0,0,0.000015468176745864308,,,Martinique,,3,2,WE,0,,,Guyana (British Guiana),,3,1,AS,0.04411764705882353
110-68,68,110,1.5380018227331673,0.000004279905898906988,0,1,0,0.000004279905898906988,,,Netherlands Antilles,,5,1,AS,0,,,Guyana (British Guiana),,3,1,AS,0.04411764705882353
110-93,93,110,3.431285730539938,5.084689515293022e-8,0,1,0,5.084689515293022e-8,,,Nicaragua,,6,7,LA,0,,,Guyana (British Guiana),,3,1,AS,0.04411764705882353
115-210,115,210,1.4695022325597158,0.00013278094552264847,0.8,0.19999999999999996,0.6399999999999999,0.00013278094552264847,,,Surinam (Dutch Guiana),,5,1,AS,0.2133333333333333,,,Netherlands,,5,1,WE,0.5333333333333333
115-827,115,827,3.7302201372378416,0.00023614350113748095,1,0,0,0.00023614350113748095,,,Surinam (Dutch Guiana),,5,1,AS,0.2133333333333333,,,Straits Settlements,,5,1,AS,0.049230769230769224
1163-155,155,1163,1.9328801250245877,9.559286905567058e-7,1,0,0,9.559286905567058e-7,,,Chile,,6,1,AS,0,,,Falkland Is.,,6,1,AS,0
1163-165,165,1163,1.2019182955763208,4.109393466023455e-7,0,1,0,4.109393466023455e-7,,,Uruguay,,2,1,AS,0.13,,,Falkland Is.,,6,1,AS,0
1163-200,200,1163,1.330648428241834,0.000018384659280208614|0.00008395699060354863,0,1,0,0.00008395699060354863,,,United Kingdom,,1,1,AF,0.05050632911392411,,,Falkland Is.,,6,1,AS,0
1163-740,740,1163,1.1559965878488032,4.918122100136871e-7,0,1,0,4.918122100136871e-7,,,Japan,,5,1,AS,0,,,Falkland Is.,,6,1,AS,0
1163-750,750,1163,0.5182893602534597,0.0000027176788788635116,0,1,0,0.0000027176788788635116,,,India,,1,1,AS,0.009500000000000008,,,Falkland Is.,,6,1,AS,0
120-220,120,220,2.2697290701591113,0.0001667228162637851|0.00015626927024688122,0.75,0.25,0.75,0.0001667228162637851,,,French Guiana,,4,1,AS,0.75,,,France,,4,1,AF,0.05625
130-155,130,155,3.283960066116135,0.000042082697847391704,1,0,0,0.000042082697847391704,,,Ecuador,,6,1,AS,0,,,Chile,,6,1,AS,0
130-2,2,130,0.41176930110042953,0.000059479470611049246,0,1,0,0.000059479470611049246,,,United States of America,,3,1,AS,0.03333333333333333,,,Ecuador,,6,1,AS,0
130-200,130,200,0.5937535025739292,0.00011346572320436987,0,1,0,0.00011346572320436987,,,Ecuador,,6,1,AS,0,,,United Kingdom,,1,1,AF,0.05050632911392411
130-255,130,255,0.8144471930422159,0.00007188961971078856,0,1,0,0.00007188961971078856,,,Ecuador,,6,1,AS,0,,,Germany (Zollverein),,0,5,WE,0.03200000000000001
130-70,70,130,0.1905021005222388,0.0000016954809521683972,1,0,0,0.0000016954809521683972,,,Mexico,,6,6,LA,0,,,Ecuador,,6,1,AS,0
135-155,135,155,3.294141838493749,0.00015894052025850624,1,0,0,0.00015894052025850624,,,Peru,,6,1,AS,0,,,Chile,,6,1,AS,0
135-200,135,200,0.9689099876890113,0.0006173084839453614,0,1,0,0.0006173084839453614,,,Peru,,6,1,AS,0,,,United Kingdom,,1,1,AF,0.05050632911392411
135-220,135,220,0.6335840260557074,0.00025350348284494065,0,1,0,0.00025350348284494065,,,Peru,,6,1,AS,0,,,France,,4,1,AF,0.05625
135-94,94,135,0.2336985849262483,8.886512501372646e-7,0,1,0,8.886512501372646e-7,,,Costa Rica,,4,2,WE,0.375,,,Peru,,6,1,AS,0
140-160,140,160,0.8997882336147331,0.00035822808180361216,1,0,0,0.00035822808180361216,,,Brazil,,2,1,AS,0.02375000000000002,,,Argentina (La Plata),,2,1,AS,0.0625
140-165,140,165,2.569532383028492,0.000602646569865951,1,0,0,0.000602646569865951,,,Brazil,,2,1,AS,0.02375000000000002,,,Uruguay,,2,1,AS,0.13
140-2,2,140,0.012831838246682669,0.001307786809396179,0,1,0,0.001307786809396179,,,United States of America,,3,1,AS,0.03333333333333333,,,Brazil,,2,1,AS,0.02375000000000002
140-200,140,200,0.8258667318222488,0.0046891743113341355,0,1,0,0.0046891743113341355,,,Brazil,,2,1,AS,0.02375000000000002,,,United Kingdom,,1,1,AF,0.05050632911392411
140-21,21,140,2.8533037075780974,0.00016608524632280396,0,1,0,0.00016608524632280396,,,Newfoundland and Labrador (Newfoundland),,3,1,AS,0.041666666666666664,,,Brazil,,2,1,AS,0.02375000000000002
140-211,140,211,0.0764268580834121,0.0004885525733662947,1,0,0,0.0004885525733662947,,,Brazil,,2,1,AS,0.02375000000000002,,,Belgium,,2,1,WE,0.05875000000000001
140-220,140,220,0.4768872114813606,0.0018995397961120897,0,1,0,0.0018995397961120897,,,Brazil,,2,1,AS,0.02375000000000002,,,France,,4,1,AF,0.05625
140-235,140,235,2.819184558657866,0.0007912319395867604,0.95,0.050000000000000044,0.19000000000000017,0.0007912319395867604,,,Brazil,,2,1,AS,0.02375000000000002,,,Portugal,,2,3,WE,0.10000000000000002
145-160,145,160,3.1511444120213534,0.000041076392993210725,1,0,0,0.000041076392993210725,,,Bolivia,,2,1,AS,0,,,Argentina (La Plata),,2,1,AS,0.0625
145-200,145,200,0.8215097864252021,0.0000563488798767197,0,1,0,0.0000563488798767197,,,Bolivia,,2,1,AS,0,,,United Kingdom,,1,1,AF,0.05050632911392411
145-255,145,255,0.3344129162234072,0.000017591272381701685,0,1,0,0.000017591272381701685,,,Bolivia,,2,1,AS,0,,,Germany (Zollverein),,0,5,WE,0.03200000000000001
150-160,150,160,4.206016826312276,0.000026435663675506008,1,0,0,0.000026435663675506008,,,Paraguay,,2,1,AS,0,,,Argentina (La Plata),,2,1,AS,0.0625
150-165,150,165,2.0799247083611374,9.990392115177022e-7,1,0,0,9.990392115177022e-7,,,Paraguay,,2,1,AS,0,,,Uruguay,,2,1,AS,0.13
155-160,155,160,2.429034754429422,0.000004104416606528125|0.00041179678328647027,0,1,0,0.00041179678328647027,,,Chile,,6,1,AS,0,,,Argentina (La Plata),,2,1,AS,0.0625
155-165,155,165,0.19657342726998367,0.000020521711365187068|0.000010251749539616115,0,1,0,0.000020521711365187068,,,Chile,,6,1,AS,0,,,Uruguay,,2,1,AS,0.13
155-2,2,155,0.2057300197976737,0.00015115464460760145|0.00039508593151346596,0,1,0,0.00039508593151346596,,,United States of America,,3,1,AS,0.03333333333333333,,,Chile,,6,1,AS,0
155-200,155,200,1.1035853749759306,0.0012316047276882149|0.0037058494422659697,0,1,0,0.0037058494422659697,,,Chile,,6,1,AS,0,,,United Kingdom,,1,1,AF,0.05050632911392411
155-220,155,220,0.3498165729906986,0.00023586406853753358|0.00041671805399168325,0,1,0,0.00041671805399168325,,,Chile,,6,1,AS,0,,,France,,4,1,AF,0.05625
155-90,90,155,4.652349470123864,0.000008705380931012613,1,0,0,0.000008705380931012613,,,Guatemala,,6,2,WE,0,,,Chile,,6,1,AS,0
155-93,93,155,4.670526600639036,5.575011803402249e-7,1,0,0,5.575011803402249e-7,,,Nicaragua,,6,7,LA,0,,,Chile,,6,1,AS,0
160-165,160,165,2.459601548048369,0.0002631215413941282|0.0005560280842623498,1,0,0,0.0005560280842623498,,,Argentina (La Plata),,2,1,AS,0.0625,,,Uruguay,,2,1,AS,0.13
160-2,2,160,0.06739951390726981,0.0007796638520914147|0.0009185792583108462,0,1,0,0.0009185792583108462,,,United States of America,,3,1,AS,0.03333333333333333,,,Argentina (La Plata),,2,1,AS,0.0625
160-200,160,200,0.7185442915095039,0.0040856882928349166|0.0021159528121020873,0,1,0,0.0040856882928349166,,,Argentina (La Plata),,2,1,AS,0.0625,,,United Kingdom,,1,1,AF,0.05050632911392411
160-211,160,211,1.2593592789912305,0.0003756563879878387|0.0024572377072862132,1,0,0,0.0024572377072862132,,,Argentina (La Plata),,2,1,AS,0.0625,,,Belgium,,2,1,WE,0.05875000000000001
160-220,160,220,1.0801286932964804,0.003326799131033605|0.0039895659671130845,0,1,0,0.0039895659671130845,,,Argentina (La Plata),,2,1,AS,0.0625,,,France,,4,1,AF,0.05625
160-230,160,230,0.8689243937396861,0.0005897974731260823|0.00037012917420279056,0.25,0.75,0.75,0.0005897974731260823,,,Argentina (La Plata),,2,1,AS,0.0625,,,Spain,,4,2,WE,0.2727272727272727
160-255,160,255,0.03952465476491053,0.0014053876768501032|0.0005125718078154475,0,1,0,0.0014053876768501032,,,Argentina (La Plata),,2,1,AS,0.0625,,,Germany (Zollverein),,0,5,WE,0.03200000000000001
160-325,160,325,0.3319925861221989,0.0004796511744334674|0.00040416231960161477,0,1,0,0.0004796511744334674,,,Argentina (La Plata),,2,1,AS,0.0625,,,Italy,,0,8,WE,0
165-2,2,165,1.076568102091827,0.0007982434710249298|0.0002886124539261129,0,1,0,0.0007982434710249298,,,United States of America,,3,1,AS,0.03333333333333333,,,Uruguay,,2,1,AS,0.13
165-200,165,200,0.6104270552206155,0.0012332493617452304|0.0008009584103081493,0,1,0,0.0012332493617452304,,,Uruguay,,2,1,AS,0.13,,,United Kingdom,,1,1,AF,0.05050632911392411
165-211,165,211,1.1351485198669446,0.0006874569627765815|0.000047652772099792606,1,0,0,0.0006874569627765815,,,Uruguay,,2,1,AS,0.13,,,Belgium,,2,1,WE,0.05875000000000001
165-220,165,220,0.46308679784175305,0.00063562637014774|0.0006111864791878021,0,1,0,0.00063562637014774,,,Uruguay,,2,1,AS,0.13,,,France,,4,1,AF,0.05625
165-230,165,230,1.6035300850364893,0.00041350283742214405|0.00009210301387529049,0.25,0.75,0.75,0.00041350283742214405,,,Uruguay,,2,1,AS,0.13,,,Spain,,4,2,WE,0.2727272727272727
165-235,165,235,0.19701890120062665,0.000024675172686229638,0.95,0.050000000000000044,0.19000000000000017,0.000024675172686229638,,,Uruguay,,2,1,AS,0.13,,,Portugal,,2,3,WE,0.10000000000000002
165-325,165,325,0.8538858807331895,0.00011123762833106291|0.0002718449555510955,0,1,0,0.0002718449555510955,,,Uruguay,,2,1,AS,0.13,,,Italy,,0,8,WE,0
165-40,40,165,0.8379770434412702,0.0000508618716091175,0.25,0.75,0.75,0.0000508618716091175,,,Cuba,,4,2,WE,0.15,,,Uruguay,,2,1,AS,0.13
2-20,2,20,1.878180387436361,0.00591016900110575|0.006146488181591562,1,0,0,0.006146488181591562,,,United States of America,,3,1,AS,0.03333333333333333,,,Canada (Province of Canada),,3,1,AS,0
2-200,2,200,0.658891693381772,0.05934715165729712|0.019281336386195082,0,1,0,0.05934715165729712,,,United States of America,,3,1,AS,0.03333333333333333,,,United Kingdom,,1,1,AF,0.05050632911392411
2-21,2,21,0.8083017776845566,0.0003359545405755119|0.00003594349484948515,1,0,0,0.0003359545405755119,,,United States of America,,3,1,AS,0.03333333333333333,,,Newfoundland and Labrador (Newfoundland),,3,1,AS,0.041666666666666664
2-220,2,220,0.23909783268795554,0.008029450478140002|0.008827477443723824,0,1,0,0.008827477443723824,,,United States of America,,3,1,AS,0.03333333333333333,,,France,,4,1,AF,0.05625
2-225,2,225,0.6001176030406496,0.002691813476812893|0.00000835336237474838,0,1,0,0.002691813476812893,,,United States of America,,3,1,AS,0.03333333333333333,,,Switzerland,,0,8,WE,0
2-230,2,230,0.05059089139866601,0.0004939310175325678|0.0021562999534815728,0,1,0,0.0021562999534815728,,,United States of America,,3,1,AS,0.03333333333333333,,,Spain,,4,2,WE,0.2727272727272727
2-231,2,231,0.5120446507400829,0.00022555231593856831,0.25,0.75,0.75,0.00022555231593856831,,,United States of America,,3,1,AS,0.03333333333333333,,,Gibraltar,,4,1,AF,0.375
2-235,2,235,0.3696266362492531,0.00082046109013128|0.00011976506763485941,0,1,0,0.00082046109013128,,,United States of America,,3,1,AS,0.03333333333333333,,,Portugal,,2,3,WE,0.10000000000000002
2-255,2,255,0.08124179254270342,0.01095866924990936|0.006669974269711225,0,1,0,0.01095866924990936,,,United States of America,,3,1,AS,0.03333333333333333,,,Germany (Zollverein),,0,5,WE,0.03200000000000001
2-30,2,30,2.6779795766659618,0.00006807434923310663|0.00045722580126242155,1,0,0,0.00045722580126242155,,,United States of America,,3,1,AS,0.03333333333333333,,,Bermuda,,3,1,AS,0
2-31,2,31,2.5342975594306605,0.00009044172307675941|0.00015597372755221954,1,0,0,0.00015597372755221954,,,United States of America,,3,1,AS,0.03333333333333333,,,Bahamas,,3,1,AS,0
2-4,2,4,2.140297215492828,0.00048822357959089934,1,0,0,0.00048822357959089934,,,United States of America,,3,1,AS,0.03333333333333333,,,Hawaii (Sandwich Is.),,3,6,NAM,0
2-40,2,40,0.9369116314750617,0.0015710654756491416,0,1,0,0.0015710654756491416,,,United States of America,,3,1,AS,0.03333333333333333,,,Cuba,,4,2,WE,0.15
2-41,2,41,1.6102607130060826,0.0005814666357138294,1,0,0,0.0005814666357138294,,,United States of America,,3,1,AS,0.03333333333333333,,,Haiti,,3,5,WE,0
2-42,2,42,1.6252022457583455,0.0001734147938654947,1,0,0,0.0001734147938654947,,,United States of America,,3,1,AS,0.03333333333333333,,,Dominican Republic (Santo Domingo),,3,1,WE,0
2-450,2,450,2.1468846568660176,0.000018000090476976138,1,0,0,0.000018000090476976138,,,United States of America,,3,1,AS,0.03333333333333333,,,Liberia,,3,5,WE,0
2-451,2,451,1.8103255533767282,0.000006620616417153949,0,1,0,0.000006620616417153949,,,United States of America,,3,1,AS,0.03333333333333333,,,Sierra Leone,,7,5,WE,0
2-452,2,452,0.05061466766498836,0.00005971266499226786,0,1,0,0.00005971266499226786,,,United States of America,,3,1,AS,0.03333333333333333,,,Ghana (Gold Coast),,7,1,AF,0
2-5,2,5,0.4593896787757112,0.00010290401881591728,1,0,0,0.00010290401881591728,,,United States of America,,3,1,AS,0.03333333333333333,,,Virgin Islands (Danish West Indies),,3,7,LA,0
2-51,2,51,1.7537250060737,0.00039168590675150663|0.00012061760200881132,1,0,0,0.00039168590675150663,,,United States of America,,3,1,AS,0.03333333333333333,,,Jamaica,,3,1,AS,0
2-53,2,53,1.9030375836309559,0.00032117265989227157|0.0003066620080203526,1,0,0,0.00032117265989227157,,,United States of America,,3,1,AS,0.03333333333333333,,,Barbados,,3,1,AS,0
2-590,2,590,0.6088804805402793,0.0002712734456645192,0,1,0,0.0002712734456645192,,,United States of America,,3,1,AS,0.03333333333333333,,,Mauritius,,1,5,WE,0.013571428571428583
2-6,2,6,1.1284431595137123,0.00027625502730003446,0,1,0,0.00027625502730003446,,,United States of America,,3,1,AS,0.03333333333333333,,,Puerto Rico,,4,2,WE,0
2-65,2,65,0.5821286394042327,0.00011402766906287036,1,0,0,0.00011402766906287036,,,United States of America,,3,1,AS,0.03333333333333333,,,Guadeloupe,,3,2,WE,0
2-66,2,66,0.6320131852100092,0.000137167389710484,1,0,0,0.000137167389710484,,,United States of America,,3,1,AS,0.03333333333333333,,,Martinique,,3,2,WE,0
2-68,2,68,0.47959047780633435,0.00011781430217464091,0,1,0,0.00011781430217464091,,,United States of America,,3,1,AS,0.03333333333333333,,,Netherlands Antilles,,5,1,AS,0
2-70,2,70,2.1250637391767073,0.00226645651791156|0.001328069119196679,0,1,0,0.00226645651791156,,,United States of America,,3,1,AS,0.03333333333333333,,,Mexico,,6,6,LA,0
2-710,2,710,0.7957827576625647,0.0011524933703061552|0.0019246767912638439,0,1,0,0.0019246767912638439,,,United States of America,,3,1,AS,0.03333333333333333,,,People's Republic of China (China),,5,1,AS,0
2-740,2,740,1.9298397482355898,0.0014515660862240987|0.002347857137027765,0,1,0,0.002347857137027765,,,United States of America,,3,1,AS,0.03333333333333333,,,Japan,,5,1,AS,0
2-80,2,80,1.3344555480415634,0.000023735856659751476|0.00006481783966928895,0,1,0,0.00006481783966928895,,,United States of America,,3,1,AS,0.03333333333333333,,,Belize (British Honduras),,6,1,AS,0
2-840,2,840,2.1906862472575113,0.001540565537114319,0,1,0,0.001540565537114319,,,United States of America,,3,1,AS,0.03333333333333333,,,Philippines,,4,1,AS,0
2-94,2,94,1.620827683562858,0.0001837933240805094,0.25,0.75,0.75,0.0001837933240805094,,,United States of America,,3,1,AS,0.03333333333333333,,,Costa Rica,,4,2,WE,0.375
20-200,20,200,0.9627355756025188,0.0059952294135735135|0.006609646112263509,0,1,0,0.006609646112263509,,,Canada (Province of Canada),,3,1,AS,0,,,United Kingdom,,1,1,AF,0.05050632911392411
20-21,20,21,2.503362560434702,0.000217234895784828|0.00004222133305965986,1,0,0,0.000217234895784828,,,Canada (Province of Canada),,3,1,AS,0,,,Newfoundland and Labrador (Newfoundland),,3,1,AS,0.041666666666666664
20-30,20,30,2.3617305999407963,0.0001007838062167442|1.9462087455087084e-7,1,0,0,0.0001007838062167442,,,Canada (Province of Canada),,3,1,AS,0,,,Bermuda,,3,1,AS,0
20-31,20,31,1.5513774265992648,0.000034380391158835594|2.4722111091597107e-7,1,0,0,0.000034380391158835594,,,Canada (Province of Canada),,3,1,AS,0,,,Bahamas,,3,1,AS,0
20-40,20,40,0.6074109349254944,0.00013414901281373336,0,1,0,0.00013414901281373336,,,Canada (Province of Canada),,3,1,AS,0,,,Cuba,,4,2,WE,0.15
20-5,5,20,0.018947868231524095,0.00000786401654375441,1,0,0,0.00000786401654375441,,,Virgin Islands (Danish West Indies),,3,7,LA,0,,,Canada (Province of Canada),,3,1,AS,0
20-51,20,51,1.5531045794841598,0.000057344777685232264|0.00002658678947073991,1,0,0,0.000057344777685232264,,,Canada (Province of Canada),,3,1,AS,0,,,Jamaica,,3,1,AS,0
20-53,20,53,1.5468870156422785,0.00006759568708218422|0.000021844878162426125,1,0,0,0.00006759568708218422,,,Canada (Province of Canada),,3,1,AS,0,,,Barbados,,3,1,AS,0
20-6,6,20,0.05310252012730857,0.000011188946945462904,0,1,0,0.000011188946945462904,,,Puerto Rico,,4,2,WE,0,,,Canada (Province of Canada),,3,1,AS,0
20-65,20,65,0.4329601814032371,0.000011660595731536635,1,0,0,0.000011660595731536635,,,Canada (Province of Canada),,3,1,AS,0,,,Guadeloupe,,3,2,WE,0
20-66,20,66,0.4828333563859023,0.00001402672969736006,1,0,0,0.00001402672969736006,,,Canada (Province of Canada),,3,1,AS,0,,,Martinique,,3,2,WE,0
200-2003,200,2003,1.6887090461424048,0.00044884746028006715,1,0,0,0.00044884746028006715,,,United Kingdom,,1,1,AF,0.05050632911392411,,,Channel Is.,,1,1,WE,0
200-21,21,200,0.30267324665299095,0.00032221940459593705|0.00022734698827602402,0,1,0,0.00032221940459593705,,,Newfoundland and Labrador (Newfoundland),,3,1,AS,0.041666666666666664,,,United Kingdom,,1,1,AF,0.05050632911392411
200-210,200,210,0.2085178389832622,0.00778315177447115|0.016655468933938124,0,1,0,0.016655468933938124,,,United Kingdom,,1,1,AF,0.05050632911392411,,,Netherlands,,5,1,WE,0.5333333333333333
200-220,200,220,0.026959136487191414,0.01313164024184121|0.028809108132625036,0,1,0,0.028809108132625036,,,United Kingdom,,1,1,AF,0.05050632911392411,,,France,,4,1,AF,0.05625
200-2249,200,2249,1.6887090461424048,2.8930130000805125e-8,1,0,0,2.8930130000805125e-8,,,United Kingdom,,1,1,AF,0.05050632911392411,,,Heligoland,,1,5,WE,0
200-231,200,231,0.9357284494674522,0.000547915622120703,0,1,0,0.000547915622120703,,,United Kingdom,,1,1,AF,0.05050632911392411,,,Gibraltar,,4,1,AF,0.375
200-235,200,235,0.5306105282750787,0.0015326227303465922|0.0013021586219061857,0.05,0.95,0.19,0.0015326227303465922,,,United Kingdom,,1,1,AF,0.05050632911392411,,,Portugal,,2,3,WE,0.10000000000000002
200-31,31,200,1.159971556229566,0.00001756409559291305|0.0003113828792341203,0,1,0,0.0003113828792341203,,,Bahamas,,3,1,AS,0,,,United Kingdom,,1,1,AF,0.05050632911392411
200-325,200,325,0.03328463192519912,0.0058098407571753235|0.0024541731284706257,0,1,0,0.0058098407571753235,,,United Kingdom,,1,1,AF,0.05050632911392411,,,Italy,,0,8,WE,0
200-338,200,338,1.0211864011792209,0.0000072719826774751064|0.0009005879335602148,0,1,0,0.0009005879335602148,,,United Kingdom,,1,1,AF,0.05050632911392411,,,Malta,,0,1,AF,0
200-350,200,350,0.3071976140177456,0.0007659278217831339,0,1,0,0.0007659278217831339,,,United Kingdom,,1,1,AF,0.05050632911392411,,,Greece,,0,1,WE,0
200-355,200,355,0.21271511583763097,0.00042636007632494287|0.0000625749945211354,0,1,0,0.00042636007632494287,,,United Kingdom,,1,1,AF,0.05050632911392411,,,Bulgaria,,0,5,WE,0.06400000000000002
200-360,200,360,0.18444494617041163,0.0006942223028996232|0.0029823282014284527,0,1,0,0.0029823282014284527,,,United Kingdom,,1,1,AF,0.05050632911392411,,,Romania,,0,8,WE,0.058181818181818196
200-365,200,365,0.15595620420441356,0.01393684281757001|0.0036746104322768094,0,1,0,0.01393684281757001,,,United Kingdom,,1,1,AF,0.05050632911392411,,,Russia (USSR),,0,5,WE,0.04000000000000001
200-380,200,380,0.6509667884301725,0.005861121072525271|0.0019096095010458715,0,1,0,0.005861121072525271,,,United Kingdom,,1,1,AF,0.05050632911392411,,,Sweden,,0,1,AS,0.07111111111111112
200-385,200,385,0.46554354414682514,0.00116699410401975|0.0016474129919878068,0,1,0,0.0016474129919878068,,,United Kingdom,,1,1,AF,0.05050632911392411,,,Norway,,0,1,AS,0.058181818181818196
200-390,200,390,0.36325859559176915,0.0016683523802630967|0.00288224365893555,0,1,0,0.00288224365893555,,,United Kingdom,,1,1,AF,0.05050632911392411,,,Denmark,,0,8,WE,0.058181818181818196
200-40,40,200,0.18928535192926485,0.0011829521390623154,0,1,0,0.0011829521390623154,,,Cuba,,4,2,WE,0.15,,,United Kingdom,,1,1,AF,0.05050632911392411
200-402,200,402,1.563012088507124,0.0002191159279554919,0.05,0.95,0.19,0.0002191159279554919,,,United Kingdom,,1,1,AF,0.05050632911392411,,,Cape Verde,,2,2,WE,0.095
200-404,200,404,1.6702644624747482,0.00005163414535719455,1,0,0,0.00005163414535719455,,,United Kingdom,,1,1,AF,0.05050632911392411,,,Guinea-Bissau (Portuguese Guinea),,1,2,WE,0.095
200-4050,200,4050,1.330648428241834,0.000014870086820413834|0.0000014938467127688463,0.95,0.050000000000000044,0.19000000000000017,0.000014870086820413834,,,United Kingdom,,1,1,AF,0.05050632911392411,,,St. Helena,,1,1,AF,0.0633333333333334
200-4070,200,4070,0.5317971328102278,0.0000014359864527672362,0.95,0.050000000000000044,0.19000000000000017,0.0000014359864527672362,,,United Kingdom,,1,1,AF,0.05050632911392411,,,Ascension I.,,1,1,AF,0.09500000000000008
200-41,41,200,0.06563147970645473,0.00019731663666458223,0,1,0,0.00019731663666458223,,,Haiti,,3,5,WE,0,,,United Kingdom,,1,1,AF,0.05050632911392411
200-411,200,411,1.6887090461424046,0.000007571804024756177,1,0,0,0.000007571804024756177,,,United Kingdom,,1,1,AF,0.05050632911392411,,,Equatorial Guinea (Spanish Guinea),,1,1,AF,0
200-42,42,200,0.7943523721639141,0.00012014770656394976,0,1,0,0.00012014770656394976,,,Dominican Republic (Santo Domingo),,3,1,WE,0,,,United Kingdom,,1,1,AF,0.05050632911392411
200-433,200,433,1.6700011074141146,0.00017255770540752953,0,1,0,0.00017255770540752953,,,United Kingdom,,1,1,AF,0.05050632911392411,,,Senegal,,4,5,WE,0
200-451,200,451,1.677940605458436,0.000009886214424820588|0.00018753474604188574,0,1,0,0.00018753474604188574,,,United Kingdom,,1,1,AF,0.05050632911392411,,,Sierra Leone,,7,5,WE,0
200-452,200,452,1.6887090461424046,0.000396330507622545|0.0004524023595877418,0,1,0,0.0004524023595877418,,,United Kingdom,,1,1,AF,0.05050632911392411,,,Ghana (Gold Coast),,7,1,AF,0
200-51,51,200,1.1617119843544734,0.00046398493163533693|0.0002407994987263984,0,1,0,0.00046398493163533693,,,Jamaica,,3,1,AS,0,,,United Kingdom,,1,1,AF,0.05050632911392411
200-53,53,200,1.1554836376042092,0.00029947681573287986|0.0006122150277240076,0,1,0,0.0006122150277240076,,,Barbados,,3,1,AS,0,,,United Kingdom,,1,1,AF,0.05050632911392411
200-530,200,530,0.6904890571317768,0.00001287916787399479,0.95,0.050000000000000044,0.19000000000000017,0.00001287916787399479,,,United Kingdom,,1,1,AF,0.05050632911392411,,,Ethiopia (Abyssinia),,1,1,AS,0.09500000000000008
200-541,200,541,1.051360506585414,0.00004623648443552918,0.95,0.050000000000000044,0.19000000000000017,0.00004623648443552918,,,United Kingdom,,1,1,AF,0.05050632911392411,,,Mozambique (Portuguese East Africa),,1,2,WE,0.038000000000000034
200-561,200,561,1.537111424130135,0.0024888134970977483|0.004752252514783164,0.95,0.050000000000000044,0.19000000000000017,0.004752252514783164,,,United Kingdom,,1,1,AF,0.05050632911392411,,,Cape Colony (Cape of Good Hope),,1,5,WE,0.02375000000000002
200-562,200,562,1.5639800408550695,0.0008640456726867736|0.0005628987994493018,0.95,0.050000000000000044,0.19000000000000017,0.0008640456726867736,,,United Kingdom,,1,1,AF,0.05050632911392411,,,Natal,,1,1,AF,0.0316666666666667
200-590,200,590,0.2286419752232135,0.00023058277948308377|0.0004291083449134572,0.95,0.050000000000000044,0.19000000000000017,0.0004291083449134572,,,United Kingdom,,1,1,AF,0.05050632911392411,,,Mauritius,,1,5,WE,0.013571428571428583
200-600,200,600,1.5877198339394762,0.00037458644657981864,1,0,0,0.00037458644657981864,,,United Kingdom,,1,1,AF,0.05050632911392411,,,Morocco,,1,8,WE,0
200-630,200,630,0.5632891573270327,0.00027836746420895905,0,1,0,0.00027836746420895905,,,United Kingdom,,1,1,AF,0.05050632911392411,,,Iran (Persia),,0,1,AS,0
200-640,200,640,0.9240439605698576,0.003445301949414776|0.005384719510178341,0,1,0,0.005384719510178341,,,United Kingdom,,1,1,AF,0.05050632911392411,,,Turkey (Ottoman Empire),,0,1,AS,0
200-651,200,651,0.834652478914218,0.003052162028567972|0.006195683654337274,0,1,0,0.006195683654337274,,,United Kingdom,,1,1,AF,0.05050632911392411,,,Egypt Arab Republic (Egypt),,0,1,AS,0
200-681,200,681,0.4744690107086797,0.0001569573519722469,0.95,0.050000000000000044,0.19000000000000017,0.0001569573519722469,,,United Kingdom,,1,1,AF,0.05050632911392411,,,Aden,,1,1,AS,0.0633333333333334
200-698,200,698,1.6887090461424046,0.0000010949615870001696,1,0,0,0.0000010949615870001696,,,United Kingdom,,1,1,AF,0.05050632911392411,,,Oman (Sultanate of Muscat and Oman),,1,1,WE,0
200-70,70,200,0.2903158429696814,0.0006978394458203299|0.0013471797203708253,0,1,0,0.0013471797203708253,,,Mexico,,6,6,LA,0,,,United Kingdom,,1,1,AF,0.05050632911392411
200-710,200,710,0.8685479246977363,0.004547542914897467|0.005101140777996761,0,1,0,0.005101140777996761,,,United Kingdom,,1,1,AF,0.05050632911392411,,,People's Republic of China (China),,5,1,AS,0
200-720,200,720,0.09371049002748567,0.0032941099657883416,0,1,0,0.0032941099657883416,,,United Kingdom,,1,1,AF,0.05050632911392411,,,Hong Kong,,5,1,AS,0
200-740,200,740,0.8672686567834436,0.0018210964533024992|0.0003695598772904495,0,1,0,0.0018210964533024992,,,United Kingdom,,1,1,AF,0.05050632911392411,,,Japan,,5,1,AS,0
200-750,200,750,1.5519341362936532,0.022910679175225542|0.02450328884829465,0.95,0.050000000000000044,0.19000000000000017,0.02450328884829465,,,United Kingdom,,1,1,AF,0.05050632911392411,,,India,,1,1,AS,0.009500000000000008
200-752,200,752,1.6375655868692056,0.00003993760613080843,0.05,0.95,0.19,0.00003993760613080843,,,United Kingdom,,1,1,AF,0.05050632911392411,,,Portuguese India,,2,3,WE,0.095
200-775,200,775,1.6887090461424046,0.0011731983018990137,1,0,0,0.0011731983018990137,,,United Kingdom,,1,1,AF,0.05050632911392411,,,Myanmar (Burma),,1,1,AS,0
200-780,200,780,0.8444038859846611,0.00046759067783816455|0.0013717861109424192,0.95,0.050000000000000044,0.19000000000000017,0.0013717861109424192,,,United Kingdom,,1,1,AF,0.05050632911392411,,,Sri Lanka (Ceylon),,1,1,AS,0.027142857142857166
200-80,80,200,1.1260599960439943,0.00008020922376253525|0.00011666031089294362,0,1,0,0.00011666031089294362,,,Belize (British Honduras),,6,1,AS,0,,,United Kingdom,,1,1,AF,0.05050632911392411
200-827,200,827,0.8598989627481607,0.0020558819916711543|0.0031024750313217962,0,1,0,0.0031024750313217962,,,United Kingdom,,1,1,AF,0.05050632911392411,,,Straits Settlements,,5,1,AS,0.049230769230769224
200-840,200,840,1.3705641851687216,0.000526046768770743|0.0007849428072291176,0,1,0,0.0007849428072291176,,,United Kingdom,,1,1,AF,0.05050632911392411,,,Philippines,,4,1,AS,0
200-9002,200,9002,1.6887090461424046,0.0000013597161100378409,1,0,0,0.0000013597161100378409,,,United Kingdom,,1,1,AF,0.05050632911392411,,,Cocos (Keeling) Is.,,1,1,WE,0
200-901,200,901,0.9592677936835536,0.007983649848765215|0.006393675327368542,0.95,0.050000000000000044,0.19000000000000017,0.007983649848765215,,,United Kingdom,,1,1,AF,0.05050632911392411,,,New South Wales,,1,1,AS,0.017272727272727287
200-902,200,902,0.9827691502366772,0.00024147015174005344|0.00025414856204525473,0.95,0.050000000000000044,0.19000000000000017,0.00025414856204525473,,,United Kingdom,,1,1,AF,0.05050632911392411,,,Western Australia,,1,1,AS,0.02111111111111113
200-903,200,903,0.9988403457012637,0.0019616609416115626|0.002920266059211877,0.95,0.050000000000000044,0.19000000000000017,0.002920266059211877,,,United Kingdom,,1,1,AF,0.05050632911392411,,,South Australia,,1,1,AS,0.019000000000000017
200-904,200,904,1.0784215522644107,0.005879408953121199|0.007152873825579367,0.95,0.050000000000000044,0.19000000000000017,0.007152873825579367,,,United Kingdom,,1,1,AF,0.05050632911392411,,,Victoria,,1,1,AS,0.0316666666666667
200-905,200,905,0.9594740702716968,0.002147513356760371|0.0014187449719573625,0.95,0.050000000000000044,0.19000000000000017,0.002147513356760371,,,United Kingdom,,1,1,AF,0.05050632911392411,,,Queensland,,1,1,AS,0.027142857142857166
200-906,200,906,0.673774960106985,0.0003993059276595975|0.00016745986583314524,0.95,0.050000000000000044,0.19000000000000017,0.0003993059276595975,,,United Kingdom,,1,1,AF,0.05050632911392411,,,Tasmania,,1,1,AS,0.0316666666666667
200-920,200,920,1.477573636566408,0.0034199534012800256|0.004301741133692747,0.95,0.050000000000000044,0.19000000000000017,0.004301741133692747,,,United Kingdom,,1,1,AF,0.05050632911392411,,,New Zealand,,1,1,AS,0.02375000000000002
200-94,94,200,0.4780896265735122,0.00023652048581955458,0,1,0,0.00023652048581955458,,,Costa Rica,,4,2,WE,0.375,,,United Kingdom,,1,1,AF,0.05050632911392411
200-950,200,950,1.3306484282418343,0.000030001421481441|0.000021644120593632656,0.95,0.050000000000000044,0.19000000000000017,0.000030001421481441,,,United Kingdom,,1,1,AF,0.05050632911392411,,,Fiji,,1,1,AS,0.04750000000000004
200-9820,200,9820,1.629251032276495,0.00005312010203450863,1,0,0,0.00005312010203450863,,,United Kingdom,,1,1,AF,0.05050632911392411,,,Mariana Is.,,1,1,AS,0.09500000000000008
21-230,21,230,1.2668599247106427,0.00005396608916938066|0.000022043882390007418,0,1,0,0.00005396608916938066,,,Newfoundland and Labrador (Newfoundland),,3,1,AS,0.041666666666666664,,,Spain,,4,2,WE,0.2727272727272727
21-231,21,231,3.6026713952842284,0.000036785975301932844,0.25,0.75,0.75,0.000036785975301932844,,,Newfoundland and Labrador (Newfoundland),,3,1,AS,0.041666666666666664,,,Gibraltar,,4,1,AF,0.375
21-235,21,235,3.9830006305528087,0.0002256935875129477,0,1,0,0.0002256935875129477,,,Newfoundland and Labrador (Newfoundland),,3,1,AS,0.041666666666666664,,,Portugal,,2,3,WE,0.10000000000000002
21-30,21,30,3.218748320658886,0.000014835019996170433|7.04843167292343e-7,1,0,0,0.000014835019996170433,,,Newfoundland and Labrador (Newfoundland),,3,1,AS,0.041666666666666664,,,Bermuda,,3,1,AS,0
21-31,21,31,2.4082905504450647,0.0000050601427383226415|8.950806888127888e-7,1,0,0,0.0000050601427383226415,,,Newfoundland and Labrador (Newfoundland),,3,1,AS,0.041666666666666664,,,Bahamas,,3,1,AS,0
21-325,21,325,0.07093775989013425,0.000028134989761086026,0,1,0,0.000028134989761086026,,,Newfoundland and Labrador (Newfoundland),,3,1,AS,0.041666666666666664,,,Italy,,0,8,WE,0
21-51,21,51,2.4101162089139594,0.000003913457585563457,1,0,0,0.000003913457585563457,,,Newfoundland and Labrador (Newfoundland),,3,1,AS,0.041666666666666664,,,Jamaica,,3,1,AS,0
21-53,21,53,4.429653286328584,0.000009949334708458707|0.00007904062184462393,1,0,0,0.00007904062184462393,,,Newfoundland and Labrador (Newfoundland),,3,1,AS,0.041666666666666664,,,Barbados,,3,1,AS,0
21-740,21,740,1.1695553185820526,0.000021592397027873644,0,1,0,0.000021592397027873644,,,Newfoundland and Labrador (Newfoundland),,3,1,AS,0.041666666666666664,,,Japan,,5,1,AS,0
210-211,210,211,1.5056293558163838,0.009286090389569356|0.006277350860220048,0,1,0,0.009286090389569356,,,Netherlands,,5,1,WE,0.5333333333333333,,,Belgium,,2,1,WE,0.05875000000000001
210-255,210,255,1.4775642343155722,0.009914506148215178|0.029133623569353062,0.2,0.8,0.6400000000000001,0.029133623569353062,,,Netherlands,,5,1,WE,0.5333333333333333,,,Germany (Zollverein),,0,5,WE,0.03200000000000001
210-355,210,355,1.3997604856187362,0.0001807970865458047,0.2,0.8,0.6400000000000001,0.0001807970865458047,,,Netherlands,,5,1,WE,0.5333333333333333,,,Bulgaria,,0,5,WE,0.06400000000000002
210-360,210,360,0.6483405982094597,0.00010032618416036782|0.00038547049638013937,0.2,0.8,0.6400000000000001,0.00038547049638013937,,,Netherlands,,5,1,WE,0.5333333333333333,,,Romania,,0,8,WE,0.058181818181818196
210-365,210,365,0.6230438553809827,0.0003472168422711158|0.00287677326562081,0.2,0.8,0.6400000000000001,0.00287677326562081,,,Netherlands,,5,1,WE,0.5333333333333333,,,Russia (USSR),,0,5,WE,0.04000000000000001
210-380,210,380,0.09124247248746858,0.00043329447713404|0.00035319851372009255,0.2,0.8,0.6400000000000001,0.00043329447713404,,,Netherlands,,5,1,WE,0.5333333333333333,,,Sweden,,0,1,AS,0.07111111111111112
210-385,210,385,0.44499364478562387,0.000261029998329686|0.00022751912314521153,0.2,0.8,0.6400000000000001,0.000261029998329686,,,Netherlands,,5,1,WE,0.5333333333333333,,,Norway,,0,1,AS,0.058181818181818196
210-390,210,390,0.03969142354518329,0.000030294792397948975|0.0005670866003061065,0.2,0.8,0.6400000000000001,0.0005670866003061065,,,Netherlands,,5,1,WE,0.5333333333333333,,,Denmark,,0,8,WE,0.058181818181818196
210-827,210,827,0.39694649819992495,0.0006084672608829943,0.8,0.19999999999999996,0.6399999999999999,0.0006084672608829943,,,Netherlands,,5,1,WE,0.5333333333333333,,,Straits Settlements,,5,1,AS,0.049230769230769224
210-850,210,850,1.782832568237707,0.0032869007837598788,0.8,0.19999999999999996,0.6399999999999999,0.0032869007837598788,,,Netherlands,,5,1,WE,0.5333333333333333,,,Indonesia (Dutch East Indies),,5,1,AS,0.31999999999999995
211-212,211,212,3.2008338775928014,0.00040379454252982154,1,0,0,0.00040379454252982154,,,Belgium,,2,1,WE,0.05875000000000001,,,Luxemburg,,2,5,WE,0
211-220,211,220,0.9895907745938046,0.011058260378278187|0.015185900417546926,0,1,0,0.015185900417546926,,,Belgium,,2,1,WE,0.05875000000000001,,,France,,4,1,AF,0.05625
211-225,211,225,0.34256839110680537,0.00045288066515506846|0.0010696621532479762,0,1,0,0.0010696621532479762,,,Belgium,,2,1,WE,0.05875000000000001,,,Switzerland,,0,8,WE,0
211-230,211,230,0.20425643088239454,0.0002811798591057546|0.0008814560353224796,0.25,0.75,0.75,0.0008814560353224796,,,Belgium,,2,1,WE,0.05875000000000001,,,Spain,,4,2,WE,0.2727272727272727
211-235,211,235,0.02008854994402566,0.000049258535371126|0.00020277336765174908,0.95,0.050000000000000044,0.19000000000000017,0.00020277336765174908,,,Belgium,,2,1,WE,0.05875000000000001,,,Portugal,,2,3,WE,0.10000000000000002
211-255,211,255,0.4510058634364218,0.006589206817213428|0.006317862523779995,0,1,0,0.006589206817213428,,,Belgium,,2,1,WE,0.05875000000000001,,,Germany (Zollverein),,0,5,WE,0.03200000000000001
211-355,211,355,0.23680428982497384,0.000019190005292335015|0.000026042394557781394,0,1,0,0.000026042394557781394,,,Belgium,,2,1,WE,0.05875000000000001,,,Bulgaria,,0,5,WE,0.06400000000000002
211-484,211,484,3.200833877592802,0.000024668125715682115,1,0,0,0.000024668125715682115,,,Belgium,,2,1,WE,0.05875000000000001,,,Congo (Brazzaville) (French Congo) (Middle Congo),,2,5,AF,0
211-563,211,563,3.2008338775928014,3.435672105248205e-8,1,0,0,3.435672105248205e-8,,,Belgium,,2,1,WE,0.05875000000000001,,,Transvaal (South African Republic),,2,5,WE,0
211-751,211,751,0.7700007335509123,0.00000436330357366522,0,1,0,0.00000436330357366522,,,Belgium,,2,1,WE,0.05875000000000001,,,French India,,1,1,AS,0
211-94,94,211,0.3886852332147028,3.283391000409471e-7|3.435672105248205e-8,0,1,0,3.283391000409471e-7,,,Costa Rica,,4,2,WE,0.375,,,Belgium,,2,1,WE,0.05875000000000001
220-225,220,225,1.1950192169895344,0.0048372429421384535|0.006535528146769566,0,1,0,0.006535528146769566,,,France,,4,1,AF,0.05625,,,Switzerland,,0,8,WE,0
220-230,220,230,1.4782101418174238,0.010398701353675745|0.0056395843306874475,0.75,0.25,0.75,0.010398701353675745,,,France,,4,1,AF,0.05625,,,Spain,,4,2,WE,0.2727272727272727
220-235,220,235,1.029808156334823,0.0012292286357963886|0.0007084206917858615,0,1,0,0.0012292286357963886,,,France,,4,1,AF,0.05625,,,Portugal,,2,3,WE,0.10000000000000002
220-255,220,255,0.07413426381575387,0.010431841951591806|0.010447772794913185,0,1,0,0.010447772794913185,,,France,,4,1,AF,0.05625,,,Germany (Zollverein),,0,5,WE,0.03200000000000001
220-300,220,300,0.23733089461861157,0.0005417334701891882|0.0009476837252801281,0,1,0,0.0009476837252801281,,,France,,4,1,AF,0.05625,,,Austria-Hungary (Austrian Empire),,0,8,WE,0
220-325,220,325,1.3470258109830224,0.006157009247727121|0.012688655328045627,0,1,0,0.012688655328045627,,,France,,4,1,AF,0.05625,,,Italy,,0,8,WE,0
220-350,220,350,0.14782437343608335,0.00037504624859251493,0,1,0,0.00037504624859251493,,,France,,4,1,AF,0.05625,,,Greece,,0,1,WE,0
220-355,220,355,0.7544251257585926,0.0002865501621421026,0,1,0,0.0002865501621421026,,,France,,4,1,AF,0.05625,,,Bulgaria,,0,5,WE,0.06400000000000002
220-41,41,220,0.7235399451167589,0.0002187769783456337,0,1,0,0.0002187769783456337,,,Haiti,,3,5,WE,0,,,France,,4,1,AF,0.05625
220-433,220,433,2.2697290701591113,0.0005054638934624546,1,0,0,0.0005054638934624546,,,France,,4,1,AF,0.05625,,,Senegal,,4,5,WE,0
220-437,220,437,2.2697290701591113,5.062429825908965e-7,1,0,0,5.062429825908965e-7,,,France,,4,1,AF,0.05625,,,Ivory Coast,,4,2,AF,0
220-5,5,220,1.7360020594407588,0.00033684709364327736,0,1,0,0.00033684709364327736,,,Virgin Islands (Danish West Indies),,3,7,LA,0,,,France,,4,1,AF,0.05625
220-5801,220,5801,2.2697290701591113,0.000013783887251396405,1,0,0,0.000013783887251396405,,,France,,4,1,AF,0.05625,,,Nossi Be,,4,2,AF,0
220-585,220,585,2.2697290701591113,0.0003363719656087178|0.00023266758014535646,0,1,0,0.0003363719656087178,,,France,,4,1,AF,0.05625,,,Reunion (Bourbon I.),,1,1,AF,0
220-615,220,615,2.0945163819550032,0.004292195956114337|0.005823634804533774,1,0,0,0.005823634804533774,,,France,,4,1,AF,0.05625,,,Algeria (Regency of Algiers),,4,1,AS,0.1875
220-616,220,616,1.9221403878803776,0.0007252389089429106,0,1,0,0.0007252389089429106,,,France,,4,1,AF,0.05625,,,Tunisia (Regency of Tunis),,0,5,WE,0
220-640,220,640,1.2630106040941897,0.0017293799240654857|0.0036685033909046295,0,1,0,0.0036685033909046295,,,France,,4,1,AF,0.05625,,,Turkey (Ottoman Empire),,0,1,AS,0
220-65,65,220,2.2697290701591113,0.0005516228494139964|0.00032990179274341595,0,1,0,0.0005516228494139964,,,Guadeloupe,,3,2,WE,0,,,France,,4,1,AF,0.05625
220-651,220,651,0.004008815945123432,0.0008195455061836438|0.0008078887836727865,0,1,0,0.0008195455061836438,,,France,,4,1,AF,0.05625,,,Egypt Arab Republic (Egypt),,0,1,AS,0
220-66,66,220,2.2697290701591113,0.0005631965335600299|0.0003437923945431387,0,1,0,0.0005631965335600299,,,Martinique,,3,2,WE,0,,,France,,4,1,AF,0.05625
220-70,70,220,0.7513964099800369,0.00019593588045999834|0.0006354950323373171,0,1,0,0.0006354950323373171,,,Mexico,,6,6,LA,0,,,France,,4,1,AF,0.05625
220-740,220,740,0.6520196222324771,0.0010320666847920682|0.00010765216394785152,0,1,0,0.0010320666847920682,,,France,,4,1,AF,0.05625,,,Japan,,5,1,AS,0
220-751,220,751,2.2697290701591113,0.0006086514790858572|0.000031253854049376244,0,1,0,0.0006086514790858572,,,France,,4,1,AF,0.05625,,,French India,,1,1,AS,0
220-8151,220,8151,2.2697290701591113,0.0000252685673663982,1,0,0,0.0000252685673663982,,,France,,4,1,AF,0.05625,,,Cochin China,,4,2,AS,0
220-90,90,220,0.880534366167015,0.000004570083869521125,0,1,0,0.000004570083869521125,,,Guatemala,,6,2,WE,0,,,France,,4,1,AF,0.05625
220-91,91,220,2.0515623932711016,0.000015855464581653377,0,1,0,0.000015855464581653377,,,Honduras,,6,2,WE,0,,,France,,4,1,AF,0.05625
220-94,94,220,1.9091333965574497,0.000056467379906143036|4.0940517304169676e-7,0.75,0.25,0.75,0.000056467379906143036,,,Costa Rica,,4,2,WE,0.375,,,France,,4,1,AF,0.05625
220-960,220,960,2.2697290701591113,0.000011675502257225486|0.00013543336754729706,1,0,0,0.00013543336754729706,,,France,,4,1,AF,0.05625,,,French Polynesia,,4,2,AS,0
225-255,225,255,1.327517828101453,0.0054589118428164645|0.006601880429142533,1,0,0,0.006601880429142533,,,Switzerland,,0,8,WE,0,,,Germany (Zollverein),,0,5,WE,0.03200000000000001
225-300,225,300,1.563681091351069,0.0006441638710268289|0.0010185807837744076,1,0,0,0.0010185807837744076,,,Switzerland,,0,8,WE,0,,,Austria-Hungary (Austrian Empire),,0,8,WE,0
225-325,225,325,1.8459180276583569,0.0020889639888469966|0.003770405899525676,1,0,0,0.003770405899525676,,,Switzerland,,0,8,WE,0,,,Italy,,0,8,WE,0
225-341,225,341,2.6382243667920173,0.000028241943575028397,1,0,0,0.000028241943575028397,,,Switzerland,,0,8,WE,0,,,Montenegro,,0,5,WE,0
225-342,225,342,0.2522757231681696,0.000005033606827174541|0.000019589204692969407,1,0,0,0.000019589204692969407,,,Switzerland,,0,8,WE,0,,,Kingdom of Serbia,,0,8,WE,0
225-346,225,346,3.2290212661497684,0.000288009964205288,1,0,0,0.000288009964205288,,,Switzerland,,0,8,WE,0,,,Bosnia-Herzegovina,,0,8,WE,0
225-355,225,355,0.6100871333013159,0.000020942784108764653,1,0,0,0.000020942784108764653,,,Switzerland,,0,8,WE,0,,,Bulgaria,,0,5,WE,0.06400000000000002
225-360,225,360,0.10653348268227988,0.000003787217018287216|0.00007837785886642367,1,0,0,0.00007837785886642367,,,Switzerland,,0,8,WE,0,,,Romania,,0,8,WE,0.058181818181818196
225-395,225,395,1.6380493617886374,0.00002001175992510238,1,0,0,0.00002001175992510238,,,Switzerland,,0,8,WE,0,,,Iceland,,0,5,WE,0
225-6067,225,6067,0.24998721351902142,4.032684787991017e-8,0,1,0,4.032684787991017e-8,,,Switzerland,,0,8,WE,0,,,Captaincy-general of north Africa,,4,8,WE,0
225-616,225,616,0.13599418021664814,0.00002583372942011289,1,0,0,0.00002583372942011289,,,Switzerland,,0,8,WE,0,,,Tunisia (Regency of Tunis),,0,5,WE,0
230-231,230,231,0.7409216562927288,0.00005600652107364363,0.75,0.25,0.75,0.00005600652107364363,,,Spain,,4,2,WE,0.2727272727272727,,,Gibraltar,,4,1,AF,0.375
230-235,230,235,1.8702856830162986,0.0007267369106049937|0.00023567445124143382,0.25,0.75,0.75,0.0007267369106049937,,,Spain,,4,2,WE,0.2727272727272727,,,Portugal,,2,3,WE,0.10000000000000002
230-380,230,380,0.64323445177288,0.00038825187044840454|0.00013522877020494373,0,1,0,0.00038825187044840454,,,Spain,,4,2,WE,0.2727272727272727,,,Sweden,,0,1,AS,0.07111111111111112
230-385,230,385,1.734767812420631,0.000012581837052087087|0.0004891426781351248,0,1,0,0.0004891426781351248,,,Spain,,4,2,WE,0.2727272727272727,,,Norway,,0,1,AS,0.058181818181818196
230-390,230,390,0.02121804003004842,0.00019802939762650769|0.000016520053724159776,0,1,0,0.00019802939762650769,,,Spain,,4,2,WE,0.2727272727272727,,,Denmark,,0,8,WE,0.058181818181818196
230-40,40,230,2.8680585856232614,0.0021402871122260542,1,0,0,0.0021402871122260542,,,Cuba,,4,2,WE,0.15,,,Spain,,4,2,WE,0.2727272727272727
230-6,6,230,3.0286941022427163,0.0003648967322286671,1,0,0,0.0003648967322286671,,,Puerto Rico,,4,2,WE,0,,,Spain,,4,2,WE,0.2727272727272727
230-6067,230,6067,3.669806627615347,0.0000012542960496740095,1,0,0,0.0000012542960496740095,,,Spain,,4,2,WE,0.2727272727272727,,,Captaincy-general of north Africa,,4,8,WE,0
230-615,230,615,2.019639865895401,0.00021766192629180526|0.0008904137244201179,0.75,0.25,0.75,0.0008904137244201179,,,Spain,,4,2,WE,0.2727272727272727,,,Algeria (Regency of Algiers),,4,1,AS,0.1875
230-651,230,651,0.08922269885919887,2.469979113867786e-7|0.0001962655926460732,0,1,0,0.0001962655926460732,,,Spain,,4,2,WE,0.2727272727272727,,,Egypt Arab Republic (Egypt),,0,1,AS,0
230-70,70,230,0.8967397943105947,0.00015894633528890981|0.00010897015633636597,0,1,0,0.00015894633528890981,,,Mexico,,6,6,LA,0,,,Spain,,4,2,WE,0.2727272727272727
230-840,230,840,2.49691294455946,0.00013149260145116443|0.0005636215379686533,1,0,0,0.0005636215379686533,,,Spain,,4,2,WE,0.2727272727272727,,,Philippines,,4,1,AS,0
230-91,91,230,1.6835029836372648,0.0000023732819190004802,0,1,0,0.0000023732819190004802,,,Honduras,,6,2,WE,0,,,Spain,,4,2,WE,0.2727272727272727
230-92,92,230,3.77455542212888,6.777040199047667e-8,1,0,0,6.777040199047667e-8,,,El Salvador,,4,2,LA,0,,,Spain,,4,2,WE,0.2727272727272727
230-94,94,230,2.278638109715315,1.2812790147834897e-7|5.50415096314015e-8,0.75,0.25,0.75,1.2812790147834897e-7,,,Costa Rica,,4,2,WE,0.375,,,Spain,,4,2,WE,0.2727272727272727
231-338,231,338,2.288204329513915,4.032684787991017e-7,0,1,0,4.032684787991017e-7,,,Gibraltar,,4,1,AF,0.375,,,Malta,,0,1,AF,0
231-615,231,615,2.541599372660656,0.0000989480579676022,0.75,0.25,0.75,0.0000989480579676022,,,Gibraltar,,4,1,AF,0.375,,,Algeria (Regency of Algiers),,4,1,AS,0.1875
231-651,231,651,0.016618161191677982,0.000012034934080334931,0,1,0,0.000012034934080334931,,,Gibraltar,,4,1,AF,0.375,,,Egypt Arab Republic (Egypt),,0,1,AS,0
231-750,231,750,0.25978872935907965,0.00008206829696353655,0,1,0,0.00008206829696353655,,,Gibraltar,,4,1,AF,0.375,,,India,,1,1,AS,0.009500000000000008
235-380,235,380,0.061387803310551416,0.00006000868647114037|0.00001655680106652138,0,1,0,0.00006000868647114037,,,Portugal,,2,3,WE,0.10000000000000002,,,Sweden,,0,1,AS,0.07111111111111112
235-385,235,385,0.31004003985689577,0.000019480498019766824|0.000022964386526396673,0,1,0,0.000022964386526396673,,,Portugal,,2,3,WE,0.10000000000000002,,,Norway,,0,1,AS,0.058181818181818196
235-402,235,402,3.2077708311496957,0.0000260918032184752,1,0,0,0.0000260918032184752,,,Portugal,,2,3,WE,0.10000000000000002,,,Cape Verde,,2,2,WE,0.095
235-403,235,403,5.449998706104963,0.00005093469364991084,1,0,0,0.00005093469364991084,,,Portugal,,2,3,WE,0.10000000000000002,,,Sao Tome-Principe,,2,2,WE,0
235-404,235,404,1.453767545859563,9.55947577225666e-7,0.05,0.95,0.19,9.55947577225666e-7,,,Portugal,,2,3,WE,0.10000000000000002,,,Guinea-Bissau (Portuguese Guinea),,1,2,WE,0.095
235-452,235,452,0.3538231008709615,0.000006023603734410061,0,1,0,0.000006023603734410061,,,Portugal,,2,3,WE,0.10000000000000002,,,Ghana (Gold Coast),,7,1,AF,0
235-540,235,540,5.4443298163183975,0.000032243513263784484,1,0,0,0.000032243513263784484,,,Portugal,,2,3,WE,0.10000000000000002,,,Angola,,2,2,WE,0
235-541,235,541,0.047322690633927085,3.894549447883967e-7,0,1,0,3.894549447883967e-7,,,Portugal,,2,3,WE,0.10000000000000002,,,Mozambique (Portuguese East Africa),,1,2,WE,0.038000000000000034
235-752,235,752,2.462864103207285,0.0000020956807358392934,1,0,0,0.0000020956807358392934,,,Portugal,,2,3,WE,0.10000000000000002,,,Portuguese India,,2,3,WE,0.095
255-300,255,300,1.5548327415465422,0.012679631612267372|0.0028306296696663192,1,0,0,0.012679631612267372,,,Germany (Zollverein),,0,5,WE,0.03200000000000001,,,Austria-Hungary (Austrian Empire),,0,8,WE,0
255-325,255,325,0.29495061997120897,0.003581261805738345|0.0038349505857188017,1,0,0,0.0038349505857188017,,,Germany (Zollverein),,0,5,WE,0.03200000000000001,,,Italy,,0,8,WE,0
255-341,255,341,1.9276235848545564,0.00005777083959978958,1,0,0,0.00005777083959978958,,,Germany (Zollverein),,0,5,WE,0.03200000000000001,,,Montenegro,,0,5,WE,0
255-342,255,342,0.7320226382627743,0.0000018952337095541758|0.0001317626555357594,1,0,0,0.0001317626555357594,,,Germany (Zollverein),,0,5,WE,0.03200000000000001,,,Kingdom of Serbia,,0,8,WE,0
255-352,255,352,2.359450846009641,0.000009954594732095218,1,0,0,0.000009954594732095218,,,Germany (Zollverein),,0,5,WE,0.03200000000000001,,,Cyprus,,0,5,WE,0
255-360,255,360,0.8931681142173722,0.00010029111733612442|0.0007165534175679594,1,0,0,0.0007165534175679594,,,Germany (Zollverein),,0,5,WE,0.03200000000000001,,,Romania,,0,8,WE,0.058181818181818196
255-365,255,365,1.1837955615171336,0.01195743342519227|0.006567897950978599,1,0,0,0.01195743342519227,,,Germany (Zollverein),,0,5,WE,0.03200000000000001,,,Russia (USSR),,0,5,WE,0.04000000000000001
255-380,255,380,1.1341770847389814,0.0025072710595769334|0.0009201973558148726,1,0,0,0.0025072710595769334,,,Germany (Zollverein),,0,5,WE,0.03200000000000001,,,Sweden,,0,1,AS,0.07111111111111112
255-385,255,385,0.23916249811232068,0.000472833318169732|0.0005849113511066207,1,0,0,0.0005849113511066207,,,Germany (Zollverein),,0,5,WE,0.03200000000000001,,,Norway,,0,1,AS,0.058181818181818196
255-390,255,390,1.1687689477149297,0.0025149012398271923|0.002223553884109651,1,0,0,0.0025149012398271923,,,Germany (Zollverein),,0,5,WE,0.03200000000000001,,,Denmark,,0,8,WE,0.058181818181818196
255-452,255,452,1.038941163698989,0.00025239259082126647,0,1,0,0.00025239259082126647,,,Germany (Zollverein),,0,5,WE,0.03200000000000001,,,Ghana (Gold Coast),,7,1,AF,0
255-94,94,255,0.13052440069195004,0.00006514553338051985,0,1,0,0.00006514553338051985,,,Costa Rica,,4,2,WE,0.375,,,Germany (Zollverein),,0,5,WE,0.03200000000000001
30-31,30,31,0.34923590510849845,1.0695381394237045e-7,1,0,0,1.0695381394237045e-7,,,Bermuda,,3,1,AS,0,,,Bahamas,,3,1,AS,0
30-51,30,51,2.249511950539907,2.761512409167762e-7|0.000004237825709814908,1,0,0,0.000004237825709814908,,,Bermuda,,3,1,AS,0,,,Jamaica,,3,1,AS,0
30-53,30,53,1.792521337086058,0.0000030236369203871777|2.805345939472012e-7,1,0,0,0.0000030236369203871777,,,Bermuda,,3,1,AS,0,,,Barbados,,3,1,AS,0
30-66,30,66,1.4866527704885508,1.9812755697521083e-7,1,0,0,1.9812755697521083e-7,,,Bermuda,,3,1,AS,0,,,Martinique,,3,2,WE,0
30-740,30,740,0.39086027036331833,0.000005297720472571678,0,1,0,0.000005297720472571678,,,Bermuda,,3,1,AS,0,,,Japan,,5,1,AS,0
300-325,300,325,1.261783435171089,0.003216762855039463|0.00044170033818965695,1,0,0,0.003216762855039463,,,Austria-Hungary (Austrian Empire),,0,8,WE,0,,,Italy,,0,8,WE,0
300-342,300,342,4.360623765057774,0.001108883303747924|0.00038232974935768207,1,0,0,0.001108883303747924,,,Austria-Hungary (Austrian Empire),,0,8,WE,0,,,Kingdom of Serbia,,0,8,WE,0
300-346,300,346,3.9936740432839746,0.0001984633867811169,1,0,0,0.0001984633867811169,,,Austria-Hungary (Austrian Empire),,0,8,WE,0,,,Bosnia-Herzegovina,,0,8,WE,0
300-360,300,360,3.241159849470621,0.0029380037355847947|0.0005777403930960201,1,0,0,0.0029380037355847947,,,Austria-Hungary (Austrian Empire),,0,8,WE,0,,,Romania,,0,8,WE,0.058181818181818196
300-365,300,365,0.6534807622273688,0.002474131447891937|0.00005691435879755509,1,0,0,0.002474131447891937,,,Austria-Hungary (Austrian Empire),,0,8,WE,0,,,Russia (USSR),,0,5,WE,0.04000000000000001
300-640,300,640,1.2511660288556803,0.0010008491607698847,1,0,0,0.0010008491607698847,,,Austria-Hungary (Austrian Empire),,0,8,WE,0,,,Turkey (Ottoman Empire),,0,1,AS,0
300-651,300,651,0.7367819693265895,0.0006064162215021704,1,0,0,0.0006064162215021704,,,Austria-Hungary (Austrian Empire),,0,8,WE,0,,,Egypt Arab Republic (Egypt),,0,1,AS,0
300-780,300,780,0.326651752123028,0.00008822988313760695,0,1,0,0.00008822988313760695,,,Austria-Hungary (Austrian Empire),,0,8,WE,0,,,Sri Lanka (Ceylon),,1,1,AS,0.027142857142857166
31-42,31,42,0.11060728640551273,3.594349484948515e-8,1,0,0,3.594349484948515e-8,,,Bahamas,,3,1,AS,0,,,Dominican Republic (Santo Domingo),,3,1,WE,0
31-51,31,51,0.9719502080119962,2.805345939472012e-8|0.0000014456298294341712,1,0,0,0.0000014456298294341712,,,Bahamas,,3,1,AS,0,,,Jamaica,,3,1,AS,0
31-53,31,53,0.6894664571611975,7.18869896989703e-8|7.697167921426333e-7,1,0,0,7.697167921426333e-7,,,Bahamas,,3,1,AS,0,,,Barbados,,3,1,AS,0
325-338,325,338,2.5748776789836967,0.000014043386438875675|0.00018043650145362062,1,0,0,0.00018043650145362062,,,Italy,,0,8,WE,0,,,Malta,,0,1,AF,0
325-350,325,350,1.0783853945433863,0.00028618574490423486,1,0,0,0.00028618574490423486,,,Italy,,0,8,WE,0,,,Greece,,0,1,WE,0
325-355,325,355,1.2869883246800775,0.00014365695107777796,1,0,0,0.00014365695107777796,,,Italy,,0,8,WE,0,,,Bulgaria,,0,5,WE,0.06400000000000002
325-360,325,360,0.15394151189956057,0.00045267763415805253,1,0,0,0.00045267763415805253,,,Italy,,0,8,WE,0,,,Romania,,0,8,WE,0.058181818181818196
325-365,325,365,0.5301044210198129,0.0006270128437024569|0.002331600259259316,1,0,0,0.002331600259259316,,,Italy,,0,8,WE,0,,,Russia (USSR),,0,5,WE,0.04000000000000001
325-616,325,616,0.48373498902124556,0.00005178634062305581,1,0,0,0.00005178634062305581,,,Italy,,0,8,WE,0,,,Tunisia (Regency of Tunis),,0,5,WE,0
325-640,325,640,0.653732431683892,0.00030500146397407363|0.0007100776366365298,1,0,0,0.0007100776366365298,,,Italy,,0,8,WE,0,,,Turkey (Ottoman Empire),,0,1,AS,0
325-651,325,651,0.9622124272885547,0.0008100037017644388|0.0004535587587913269,1,0,0,0.0008100037017644388,,,Italy,,0,8,WE,0,,,Egypt Arab Republic (Egypt),,0,1,AS,0
325-750,325,750,0.40570039499901234,0.00248268127348628,0,1,0,0.00248268127348628,,,Italy,,0,8,WE,0,,,India,,1,1,AS,0.009500000000000008
338-350,338,350,2.3283712191436794,0.0000011002216106366796,1,0,0,0.0000011002216106366796,,,Malta,,0,1,AF,0,,,Greece,,0,1,WE,0
338-352,338,352,5.188390829273127,6.312028363812027e-8,1,0,0,6.312028363812027e-8,,,Malta,,0,1,AF,0,,,Cyprus,,0,5,WE,0
338-615,338,615,2.3293595289029225,1.8585416849002078e-7|0.00012076225265881534,0,1,0,0.00012076225265881534,,,Malta,,0,1,AF,0,,,Algeria (Regency of Algiers),,4,1,AS,0.1875
338-616,338,616,4.222962308860595,0.0000023994474488546554,1,0,0,0.0000023994474488546554,,,Malta,,0,1,AF,0,,,Tunisia (Regency of Tunis),,0,5,WE,0
338-640,338,640,1.4159992446174596,0.0000016761941988345272,1,0,0,0.0000016761941988345272,,,Malta,,0,1,AF,0,,,Turkey (Ottoman Empire),,0,1,AS,0
338-651,338,651,3.1786848941368033,0.000006497005861695963|0.000014687739334348153,1,0,0,0.000014687739334348153,,,Malta,,0,1,AF,0,,,Egypt Arab Republic (Egypt),,0,1,AS,0
338-750,338,750,1.3314611166533794,0.00036165572908210383|6.119160830473326e-7,0,1,0,0.00036165572908210383,,,Malta,,0,1,AF,0,,,India,,1,1,AS,0.009500000000000008
341-640,341,640,1.36577734989108,0.0000035224491376709286,1,0,0,0.0000035224491376709286,,,Montenegro,,0,5,WE,0,,,Turkey (Ottoman Empire),,0,1,AS,0
342-346,342,346,3.372669555560353,0.00001926636887572899,1,0,0,0.00001926636887572899,,,Kingdom of Serbia,,0,8,WE,0,,,Bosnia-Herzegovina,,0,8,WE,0
342-355,342,355,3.9994871790659454,0.000002528297886576541|0.00003597815190097546,1,0,0,0.00003597815190097546,,,Kingdom of Serbia,,0,8,WE,0,,,Bulgaria,,0,5,WE,0.06400000000000002
342-360,342,360,0.8716936238981942,0.000009761238423205688|0.000020443958533902286,1,0,0,0.000020443958533902286,,,Kingdom of Serbia,,0,8,WE,0,,,Romania,,0,8,WE,0.058181818181818196
342-365,342,365,1.211388026850817,0.0001022695644794107,1,0,0,0.0001022695644794107,,,Kingdom of Serbia,,0,8,WE,0,,,Russia (USSR),,0,5,WE,0.04000000000000001
342-640,342,640,1.9633597618738758,0.00010766393623287679|0.000007479059335066795,1,0,0,0.00010766393623287679,,,Kingdom of Serbia,,0,8,WE,0,,,Turkey (Ottoman Empire),,0,1,AS,0
350-360,350,360,0.26218129353332753,0.00005056636055898302,1,0,0,0.00005056636055898302,,,Greece,,0,1,WE,0,,,Romania,,0,8,WE,0.058181818181818196
350-365,350,365,1.7549080777453832,0.0007955075103646922,1,0,0,0.0007955075103646922,,,Greece,,0,1,WE,0,,,Russia (USSR),,0,5,WE,0.04000000000000001
350-640,350,640,2.686359408082161,0.00044930670925771523,1,0,0,0.00044930670925771523,,,Greece,,0,1,WE,0,,,Turkey (Ottoman Empire),,0,1,AS,0
350-651,350,651,0.3047078028028602,0.00004207276873260863,1,0,0,0.00004207276873260863,,,Greece,,0,1,WE,0,,,Egypt Arab Republic (Egypt),,0,1,AS,0
3504-640,640,3504,4.601253029415724,0.0000028505072766982302,1,0,0,0.0000028505072766982302,,,Turkey (Ottoman Empire),,0,1,AS,0,,,Samos,,0,1,WE,0
355-360,355,360,3.3953691743007104,0.00005830180750631893|0.0001920259295568592,1,0,0,0.0001920259295568592,,,Bulgaria,,0,5,WE,0.06400000000000002,,,Romania,,0,8,WE,0.058181818181818196
355-365,355,365,1.6781917301892806,0.00011626409397814815|0.00012192668592215074,1,0,0,0.00012192668592215074,,,Bulgaria,,0,5,WE,0.06400000000000002,,,Russia (USSR),,0,5,WE,0.04000000000000001
355-640,355,640,1.4681050579982686,0.000021990430608005536,1,0,0,0.000021990430608005536,,,Bulgaria,,0,5,WE,0.06400000000000002,,,Turkey (Ottoman Empire),,0,1,AS,0
360-365,360,365,2.805775994685968,0.004519727909907602|0.00033844122739900206,1,0,0,0.004519727909907602,,,Romania,,0,8,WE,0.058181818181818196,,,Russia (USSR),,0,5,WE,0.04000000000000001
360-640,360,640,1.4369499535733836,0.0006210685241748601|0.00007923539124272752,1,0,0,0.0006210685241748601,,,Romania,,0,8,WE,0.058181818181818196,,,Turkey (Ottoman Empire),,0,1,AS,0
365-380,365,380,1.195475961717272,0.00010495504827069538|0.0012811246168282922,1,0,0,0.0012811246168282922,,,Russia (USSR),,0,5,WE,0.04000000000000001,,,Sweden,,0,1,AS,0.07111111111111112
365-385,365,385,0.7559817021133066,0.0003810027622841871|0.00013376576510109553,1,0,0,0.0003810027622841871,,,Russia (USSR),,0,5,WE,0.04000000000000001,,,Norway,,0,1,AS,0.058181818181818196
365-390,365,390,0.6135276777899801,0.00010663381616702549|0.0007039824264973921,1,0,0,0.0007039824264973921,,,Russia (USSR),,0,5,WE,0.04000000000000001,,,Denmark,,0,8,WE,0.058181818181818196
365-630,365,630,2.195947997502437,0.0003478539758002943,1,0,0,0.0003478539758002943,,,Russia (USSR),,0,5,WE,0.04000000000000001,,,Iran (Persia),,0,1,AS,0
365-640,365,640,1.060868357776425,0.0015076791872693201|0.00032949309322702396,1,0,0,0.0015076791872693201,,,Russia (USSR),,0,5,WE,0.04000000000000001,,,Turkey (Ottoman Empire),,0,1,AS,0
365-651,365,651,1.6556662914611326,0.0011410281551703489|0.00021281475434198463,1,0,0,0.0011410281551703489,,,Russia (USSR),,0,5,WE,0.04000000000000001,,,Egypt Arab Republic (Egypt),,0,1,AS,0
365-710,365,710,1.2759198651812236,0.00016803676323537837|0.0010170631646757235,0,1,0,0.0010170631646757235,,,Russia (USSR),,0,5,WE,0.04000000000000001,,,People's Republic of China (China),,5,1,AS,0
380-385,380,385,2.7035288037729446,0.0004961905101875929|0.0006275400015234532,1,0,0,0.0006275400015234532,,,Sweden,,0,1,AS,0.07111111111111112,,,Norway,,0,1,AS,0.058181818181818196
380-390,380,390,2.8515272355516847,0.0014848661024486826|0.0011280836685926246,1,0,0,0.0014848661024486826,,,Sweden,,0,1,AS,0.07111111111111112,,,Denmark,,0,8,WE,0.058181818181818196
385-390,385,390,2.6704885112738146,0.0002348069924599306|0.0004344340658656594,1,0,0,0.0004344340658656594,,,Norway,,0,1,AS,0.058181818181818196,,,Denmark,,0,8,WE,0.058181818181818196
385-395,385,395,2.4876026127072906,0.000010151845618464343,1,0,0,0.000010151845618464343,,,Norway,,0,1,AS,0.058181818181818196,,,Iceland,,0,5,WE,0
385-902,385,902,0.5232252170793823,0.000005003159148927117,0,1,0,0.000005003159148927117,,,Norway,,0,1,AS,0.058181818181818196,,,Western Australia,,1,1,AS,0.02111111111111113
390-395,390,395,4.689575836856637,0.00014232291182184298,1,0,0,0.00014232291182184298,,,Denmark,,0,8,WE,0.058181818181818196,,,Iceland,,0,5,WE,0
390-5,5,390,0.46328196747907435,0.0000067428790710856234,0,1,0,0.0000067428790710856234,,,Virgin Islands (Danish West Indies),,3,7,LA,0,,,Denmark,,0,8,WE,0.058181818181818196
4050-561,561,4050,1.9467845157601311,0.0000018006814248985977,1,0,0,0.0000018006814248985977,,,Cape Colony (Cape of Good Hope),,1,5,WE,0.02375000000000002,,,St. Helena,,1,1,AF,0.0633333333333334
4050-750,750,4050,2.5238164178132507,0.00003522418412645705,1,0,0,0.00003522418412645705,,,India,,1,1,AS,0.009500000000000008,,,St. Helena,,1,1,AF,0.0633333333333334
4070-561,561,4070,4.9303324373774595,0.0000031305907343295485,1,0,0,0.0000031305907343295485,,,Cape Colony (Cape of Good Hope),,1,5,WE,0.02375000000000002,,,Ascension I.,,1,1,AF,0.09500000000000008
433-451,433,451,1.9792731679004358,2.104009454604009e-8,0,1,0,2.104009454604009e-8,,,Senegal,,4,5,WE,0,,,Sierra Leone,,7,5,WE,0
4341-452,452,4341,7.050971661203399,8.196870166894786e-7,1,0,0,8.196870166894786e-7,,,Ghana (Gold Coast),,7,1,AF,0,,,Old Dahomey,,7,1,AF,0
4344-452,452,4344,7.050971661203399,3.8573506667740166e-8,1,0,0,3.8573506667740166e-8,,,Ghana (Gold Coast),,7,1,AF,0,,,Grand Popo,,7,1,AF,0
4347-452,452,4347,7.050971661203399,0.0000013018558500362305,1,0,0,0.0000013018558500362305,,,Ghana (Gold Coast),,7,1,AF,0,,,Cotonou,,7,,AF,0
451-452,451,452,2.3667618114246767,0.0000017515878709578375,1,0,0,0.0000017515878709578375,,,Sierra Leone,,7,5,WE,0,,,Ghana (Gold Coast),,7,1,AF,0
452-460,452,460,7.050971661203399,1.4903400303445063e-8,1,0,0,1.4903400303445063e-8,,,Ghana (Gold Coast),,7,1,AF,0,,,German Togoland,,7,1,AF,0
452-4782,452,4782,7.050971661203399,4.988255748623671e-7,1,0,0,4.988255748623671e-7,,,Ghana (Gold Coast),,7,1,AF,0,,,Oil Rivers Protectorate,,7,1,AF,0
51-53,51,53,0.9674233737380569,0.0000028421661049275823|5.952593415317176e-7,1,0,0,0.0000028421661049275823,,,Jamaica,,3,1,AS,0,,,Barbados,,3,1,AS,0
511-750,511,750,2.8982541075042643,0.0001435079825097551,1,0,0,0.0001435079825097551,,,Zanzibar,,1,5,WE,0,,,India,,1,1,AS,0.009500000000000008
530-750,530,750,2.45162630574605,0.00002206777877797285,1,0,0,0.00002206777877797285,,,Ethiopia (Abyssinia),,1,1,AS,0.09500000000000008,,,India,,1,1,AS,0.009500000000000008
541-561,541,561,0.40402789350144297,6.487362485029028e-7,1,0,0,6.487362485029028e-7,,,Mozambique (Portuguese East Africa),,1,2,WE,0.038000000000000034,,,Cape Colony (Cape of Good Hope),,1,5,WE,0.02375000000000002
541-562,541,562,1.1897534520270465,1.9549754515695583e-7,1,0,0,1.9549754515695583e-7,,,Mozambique (Portuguese East Africa),,1,2,WE,0.038000000000000034,,,Natal,,1,1,AF,0.0316666666666667
541-750,541,750,2.126182022110757,0.00003988342874716787,1,0,0,0.00003988342874716787,,,Mozambique (Portuguese East Africa),,1,2,WE,0.038000000000000034,,,India,,1,1,AS,0.009500000000000008
561-562,561,562,3.9100437919162454,0.00009830984176637231|0.000012848484402781815,1,0,0,0.00009830984176637231,,,Cape Colony (Cape of Good Hope),,1,5,WE,0.02375000000000002,,,Natal,,1,1,AF,0.0316666666666667
561-565,561,565,5.3078746675282025,0.0000013518260745830757,1,0,0,0.0000013518260745830757,,,Cape Colony (Cape of Good Hope),,1,5,WE,0.02375000000000002,,,Namibia (South West Africa) (German South West Africa),,1,1,AF,0
561-590,561,590,2.6637356287653717,0.000019519947715088695|0.00009361965402381755,1,0,0,0.00009361965402381755,,,Cape Colony (Cape of Good Hope),,1,5,WE,0.02375000000000002,,,Mauritius,,1,5,WE,0.013571428571428583
561-903,561,903,2.375790094814266,1.402672969736006e-7|0.0001464408113816512,1,0,0,0.0001464408113816512,,,Cape Colony (Cape of Good Hope),,1,5,WE,0.02375000000000002,,,South Australia,,1,1,AS,0.019000000000000017
562-590,562,590,0.4364102616170341,0.0000010449913624533244,1,0,0,0.0000010449913624533244,,,Natal,,1,1,AF,0.0316666666666667,,,Mauritius,,1,5,WE,0.013571428571428583
562-750,562,750,0.14770078063037012,0.00006172670014645157|0.0000029061630591717873,1,0,0,0.00006172670014645157,,,Natal,,1,1,AF,0.0316666666666667,,,India,,1,1,AS,0.009500000000000008
562-903,562,903,2.167986060595887,0.000010918055728182637|0.000040205867336270444,1,0,0,0.000040205867336270444,,,Natal,,1,1,AF,0.0316666666666667,,,South Australia,,1,1,AS,0.019000000000000017
580-590,580,590,5.986277032728636,0.00007499829367996598,1,0,0,0.00007499829367996598,,,Madagascar (Malagasy Republic),,1,1,AF,0,,,Mauritius,,1,5,WE,0.013571428571428583
585-590,585,590,3.253116937602394,0.000024232928893401675,1,0,0,0.000024232928893401675,,,Reunion (Bourbon I.),,1,1,AF,0,,,Mauritius,,1,5,WE,0.013571428571428583
585-750,585,750,1.7438211633470844,0.00012937718784203,1,0,0,0.00012937718784203,,,Reunion (Bourbon I.),,1,1,AF,0,,,India,,1,1,AS,0.009500000000000008
590-710,590,710,1.186855966160716,0.00004313619362896673,0,1,0,0.00004313619362896673,,,Mauritius,,1,5,WE,0.013571428571428583,,,People's Republic of China (China),,5,1,AS,0
590-750,590,750,3.021856119523144,0.0005804392614438893|0.0012992460016419155,1,0,0,0.0012992460016419155,,,Mauritius,,1,5,WE,0.013571428571428583,,,India,,1,1,AS,0.009500000000000008
590-751,590,751,3.9430901906649325,0.000005763232564402814,1,0,0,0.000005763232564402814,,,Mauritius,,1,5,WE,0.013571428571428583,,,French India,,1,1,AS,0
590-780,590,780,1.0546492084315335,0.000006359368576540617,1,0,0,0.000006359368576540617,,,Mauritius,,1,5,WE,0.013571428571428583,,,Sri Lanka (Ceylon),,1,1,AS,0.027142857142857166
590-901,590,901,0.11098430624505023,0.000016150902575904023,1,0,0,0.000016150902575904023,,,Mauritius,,1,5,WE,0.013571428571428583,,,New South Wales,,1,1,AS,0.017272727272727287
590-902,590,902,2.3436241974931957,0.0000037232200640430108,1,0,0,0.0000037232200640430108,,,Mauritius,,1,5,WE,0.013571428571428583,,,Western Australia,,1,1,AS,0.02111111111111113
590-903,590,903,2.3824690922871987,0.00005054269045261872,1,0,0,0.00005054269045261872,,,Mauritius,,1,5,WE,0.013571428571428583,,,South Australia,,1,1,AS,0.019000000000000017
590-904,590,904,0.990790290505458,0.00003643355371828667,1,0,0,0.00003643355371828667,,,Mauritius,,1,5,WE,0.013571428571428583,,,Victoria,,1,1,AS,0.0316666666666667
600-615,600,615,1.3654659525931023,0.000010871792037093524,0,1,0,0.000010871792037093524,,,Morocco,,1,8,WE,0,,,Algeria (Regency of Algiers),,4,1,AS,0.1875
615-616,615,616,1.5289786213374643,0.0000308954070699344,0,1,0,0.0000308954070699344,,,Algeria (Regency of Algiers),,4,1,AS,0.1875,,,Tunisia (Regency of Tunis),,0,5,WE,0
615-8151,615,8151,5.006106224741297,2.1530432789570302e-8,1,0,0,2.1530432789570302e-8,,,Algeria (Regency of Algiers),,4,1,AS,0.1875,,,Cochin China,,4,2,AS,0
615-8153,615,8153,5.0061062247412975,5.530195841514631e-7,1,0,0,5.530195841514631e-7,,,Algeria (Regency of Algiers),,4,1,AS,0.1875,,,Tonkin,,4,2,AF,0
630-710,630,710,0.5329432564264802,0.000019377927076902924,0,1,0,0.000019377927076902924,,,Iran (Persia),,0,1,AS,0,,,People's Republic of China (China),,5,1,AS,0
630-750,630,750,1.4800571435148693,0.00020501440611565692,0,1,0,0.00020501440611565692,,,Iran (Persia),,0,1,AS,0,,,India,,1,1,AS,0.009500000000000008
640-651,640,651,2.0679718198581227,0.00031885396094260876|0.0006108395337693233,1,0,0,0.0006108395337693233,,,Turkey (Ottoman Empire),,0,1,AS,0,,,Egypt Arab Republic (Egypt),,0,1,AS,0
651-750,651,750,1.659307085998907,0.0021997164724639248|0.000002107516137028349,0,1,0,0.0021997164724639248,,,Egypt Arab Republic (Egypt),,0,1,AS,0,,,India,,1,1,AS,0.009500000000000008
68-827,68,827,3.893927270242063,0.00036875395703753514,1,0,0,0.00036875395703753514,,,Netherlands Antilles,,5,1,AS,0,,,Straits Settlements,,5,1,AS,0.049230769230769224
681-710,681,710,0.38467492366676864,0.000010295619597862284,0,1,0,0.000010295619597862284,,,Aden,,1,1,AS,0.0633333333333334,,,People's Republic of China (China),,5,1,AS,0
681-750,681,750,2.5309373701451667,0.00036133759734974854,1,0,0,0.00036133759734974854,,,Aden,,1,1,AS,0.0633333333333334,,,India,,1,1,AS,0.009500000000000008
70-90,70,90,3.718768850386849,0.0000030408845625076837,1,0,0,0.0000030408845625076837,,,Mexico,,6,6,LA,0,,,Guatemala,,6,2,WE,0
710-720,710,720,2.8392427391468185,0.00368108206765169,1,0,0,0.00368108206765169,,,People's Republic of China (China),,5,1,AS,0,,,Hong Kong,,5,1,AS,0
710-730,710,730,3.509945077873399,0.000028027276165915516,1,0,0,0.000028027276165915516,,,People's Republic of China (China),,5,1,AS,0,,,Korea (Chosen),,5,1,AS,0
710-740,710,740,2.714415650575298,0.00034591019673329475|0.000811136678191378,1,0,0,0.000811136678191378,,,People's Republic of China (China),,5,1,AS,0,,,Japan,,5,1,AS,0
710-750,710,750,1.3304984081138682,0.00013651954656998473|0.0021252889327015513,0,1,0,0.0021252889327015513,,,People's Republic of China (China),,5,1,AS,0,,,India,,1,1,AS,0.009500000000000008
710-800,710,800,1.524706882128082,0.00007014403885978889,1,0,0,0.00007014403885978889,,,People's Republic of China (China),,5,1,AS,0,,,Thailand (Siam),,5,1,AS,0
710-827,710,827,1.3113709991896239,0.0003184839111434088|0.0002317063296635285,1,0,0,0.0003184839111434088,,,People's Republic of China (China),,5,1,AS,0,,,Straits Settlements,,5,1,AS,0.049230769230769224
710-840,710,840,1.4533262530804607,0.00006118557206225192,0,1,0,0.00006118557206225192,,,People's Republic of China (China),,5,1,AS,0,,,Philippines,,4,1,AS,0
710-902,710,902,0.8872432167811961,0.000009025323889645114|0.000014481721741918178,0,1,0,0.000014481721741918178,,,People's Republic of China (China),,5,1,AS,0,,,Western Australia,,1,1,AS,0.02111111111111113
720-740,720,740,1.454748273524594,0.0003618231564783876,1,0,0,0.0003618231564783876,,,Hong Kong,,5,1,AS,0,,,Japan,,5,1,AS,0
720-750,720,750,1.9871759280522308,0.006442854340759513,0,1,0,0.006442854340759513,,,Hong Kong,,5,1,AS,0,,,India,,1,1,AS,0.009500000000000008
720-827,720,827,1.9660258898778655,0.0013871471333022406,1,0,0,0.0013871471333022406,,,Hong Kong,,5,1,AS,0,,,Straits Settlements,,5,1,AS,0.049230769230769224
720-905,720,905,0.19652227094832816,0.00009061968720979467,0,1,0,0.00009061968720979467,,,Hong Kong,,5,1,AS,0,,,Queensland,,1,1,AS,0.027142857142857166
730-740,730,740,4.672528312085541,0.00003517900412774724,1,0,0,0.00003517900412774724,,,Korea (Chosen),,5,1,AS,0,,,Japan,,5,1,AS,0
750-780,750,780,2.3063580485038226,0.0012677196737048556|0.00045525329239873026,1,0,0,0.0012677196737048556,,,India,,1,1,AS,0.009500000000000008,,,Sri Lanka (Ceylon),,1,1,AS,0.027142857142857166
750-781,750,781,2.2697245316405956,0.000024320427129920545,1,0,0,0.000024320427129920545,,,India,,1,1,AS,0.009500000000000008,,,Maldive Islands,,1,1,AS,0
750-827,750,827,2.2068303686316137,0.002327993096475104|0.0008072400474242837,0,1,0,0.002327993096475104,,,India,,1,1,AS,0.009500000000000008,,,Straits Settlements,,5,1,AS,0.049230769230769224
780-781,780,781,5.357916444752651,0.00002187731497485127,1,0,0,0.00002187731497485127,,,Sri Lanka (Ceylon),,1,1,AS,0.027142857142857166,,,Maldive Islands,,1,1,AS,0
780-827,780,827,0.5472643777318644,0.000018158478263838683,0,1,0,0.000018158478263838683,,,Sri Lanka (Ceylon),,1,1,AS,0.027142857142857166,,,Straits Settlements,,5,1,AS,0.049230769230769224
780-904,780,904,2.905833846216531,0.0005781379645948774,1,0,0,0.0005781379645948774,,,Sri Lanka (Ceylon),,1,1,AS,0.027142857142857166,,,Victoria,,1,1,AS,0.0316666666666667
80-90,80,90,6.123590743811068,0.00000116684857669914,1,0,0,0.00000116684857669914,,,Belize (British Honduras),,6,1,AS,0,,,Guatemala,,6,2,WE,0
80-91,80,91,5.875352099056924,9.792410669969493e-7,1,0,0,9.792410669969493e-7,,,Belize (British Honduras),,6,1,AS,0,,,Honduras,,6,2,WE,0
80-93,80,93,8.071338866494266,5.146056457718972e-7,1,0,0,5.146056457718972e-7,,,Belize (British Honduras),,6,1,AS,0,,,Nicaragua,,6,7,LA,0
800-827,800,827,4.300626185964785,0.0010161024359710052,1,0,0,0.0010161024359710052,,,Thailand (Siam),,5,1,AS,0,,,Straits Settlements,,5,1,AS,0.049230769230769224
823-827,823,827,4.425911244901414,0.000029144037628689865,1,0,0,0.000029144037628689865,,,Sabah (North Borneo),,5,1,AS,0,,,Straits Settlements,,5,1,AS,0.049230769230769224
8231-827,827,8231,4.425911244901414,0.000014084589957361671,1,0,0,0.000014084589957361671,,,Straits Settlements,,5,1,AS,0.049230769230769224,,,Labuan I.,,5,1,AS,0
827-850,827,850,3.3072466149466075,0.0027993302257730565,1,0,0,0.0027993302257730565,,,Straits Settlements,,5,1,AS,0.049230769230769224,,,Indonesia (Dutch East Indies),,5,1,AS,0.31999999999999995
827-902,827,902,2.7328064764265623,0.000026059033765876738|0.000003557529319492945,0,1,0,0.000026059033765876738,,,Straits Settlements,,5,1,AS,0.049230769230769224,,,Western Australia,,1,1,AS,0.02111111111111113
840-901,840,901,0.5635310527960753,0.000027594083997131577,0,1,0,0.000027594083997131577,,,Philippines,,4,1,AS,0,,,New South Wales,,1,1,AS,0.017272727272727287
840-904,840,904,1.1850902575496747,0.000048080122720125945,0,1,0,0.000048080122720125945,,,Philippines,,4,1,AS,0,,,Victoria,,1,1,AS,0.0316666666666667
901-902,901,902,0.7960307633276754,0.000019559397892362518,1,0,0,0.000019559397892362518,,,New South Wales,,1,1,AS,0.017272727272727287,,,Western Australia,,1,1,AS,0.02111111111111113
901-903,901,903,2.524856007485699,0.000710938658016452|0.0006068121067787058,1,0,0,0.000710938658016452,,,New South Wales,,1,1,AS,0.017272727272727287,,,South Australia,,1,1,AS,0.019000000000000017
901-904,901,904,2.954922617700798,0.0030252114207957067|0.003337111535687417,1,0,0,0.003337111535687417,,,New South Wales,,1,1,AS,0.017272727272727287,,,Victoria,,1,1,AS,0.0316666666666667
901-905,901,905,3.5167675612236917,0.0019061150920100167|0.002557074577169951,1,0,0,0.002557074577169951,,,New South Wales,,1,1,AS,0.017272727272727287,,,Queensland,,1,1,AS,0.027142857142857166
901-906,901,906,3.227429267901667,0.00009534494177659284|0.00048080824056610815,1,0,0,0.00048080824056610815,,,New South Wales,,1,1,AS,0.017272727272727287,,,Tasmania,,1,1,AS,0.0316666666666667
901-920,901,920,1.8722514619379296,0.00032353967052870105|0.0006336391039955129,1,0,0,0.0006336391039955129,,,New South Wales,,1,1,AS,0.017272727272727287,,,New Zealand,,1,1,AS,0.02375000000000002
901-930,901,930,4.229685370047704,0.00013421300976797758,1,0,0,0.00013421300976797758,,,New South Wales,,1,1,AS,0.017272727272727287,,,New Caledonia,,1,1,AS,0
901-950,901,950,3.682788647690235,0.00011277753677859314,1,0,0,0.00011277753677859314,,,New South Wales,,1,1,AS,0.017272727272727287,,,Fiji,,1,1,AS,0.04750000000000004
902-903,902,903,4.216052338238642,0.00019302796405961439|0.00004834750725498187,1,0,0,0.00019302796405961439,,,Western Australia,,1,1,AS,0.02111111111111113,,,South Australia,,1,1,AS,0.019000000000000017
902-904,902,904,2.3566462879640846,0.00008716297501000149|0.000005520394806517268,1,0,0,0.00008716297501000149,,,Western Australia,,1,1,AS,0.02111111111111113,,,Victoria,,1,1,AS,0.0316666666666667
902-920,902,920,0.7827279936482976,0.0000033252116088804193,1,0,0,0.0000033252116088804193,,,Western Australia,,1,1,AS,0.02111111111111113,,,New Zealand,,1,1,AS,0.02375000000000002
903-904,903,904,2.5227433640005645,0.0004227174161950975|0.0006639333334593863,1,0,0,0.0006639333334593863,,,South Australia,,1,1,AS,0.019000000000000017,,,Victoria,,1,1,AS,0.0316666666666667
903-905,903,905,2.502385788107463,0.00021899757742367045|0.00016501132483034983,1,0,0,0.00021899757742367045,,,South Australia,,1,1,AS,0.019000000000000017,,,Queensland,,1,1,AS,0.027142857142857166
903-906,903,906,1.590233635068293,0.00002539539411707039|0.000019856589227825336,1,0,0,0.00002539539411707039,,,South Australia,,1,1,AS,0.019000000000000017,,,Tasmania,,1,1,AS,0.0316666666666667
903-920,903,920,0.8369990162172916,0.00005314640215269118|0.000027164515400149926,1,0,0,0.00005314640215269118,,,South Australia,,1,1,AS,0.019000000000000017,,,New Zealand,,1,1,AS,0.02375000000000002
904-905,904,905,1.7306722421597645,0.0002801795423517368|0.00001837852258596602,1,0,0,0.0002801795423517368,,,Victoria,,1,1,AS,0.0316666666666667,,,Queensland,,1,1,AS,0.027142857142857166
904-906,904,906,3.538751128057276,0.0004291030848898207|0.0005063097118265148,1,0,0,0.0005063097118265148,,,Victoria,,1,1,AS,0.0316666666666667,,,Tasmania,,1,1,AS,0.0316666666666667
904-920,904,920,1.8584890226001711,0.00040855392588318824|0.00032560598314724344,1,0,0,0.00040855392588318824,,,Victoria,,1,1,AS,0.0316666666666667,,,New Zealand,,1,1,AS,0.02375000000000002
904-950,904,950,1.994920474638946,0.000019516441032664352,1,0,0,0.000019516441032664352,,,Victoria,,1,1,AS,0.0316666666666667,,,Fiji,,1,1,AS,0.04750000000000004
904-9820,904,9820,1.443641127340043,0.0000032533246191814487,0.95,0.050000000000000044,0.19000000000000017,0.0000032533246191814487,,,Victoria,,1,1,AS,0.0316666666666667,,,Mariana Is.,,1,1,AS,0.09500000000000008
905-906,905,906,0.6384087654824133,0.000002100502772179669|0.000009710003632997501,1,0,0,0.000009710003632997501,,,Queensland,,1,1,AS,0.027142857142857166,,,Tasmania,,1,1,AS,0.0316666666666667
905-920,905,920,0.684542596603995,0.00005196026682265817|0.000014059166509785205,1,0,0,0.00005196026682265817,,,Queensland,,1,1,AS,0.027142857142857166,,,New Zealand,,1,1,AS,0.02375000000000002
906-920,906,920,2.2095919235032624,0.000032555162956966615|0.00004432534251426387,1,0,0,0.00004432534251426387,,,Tasmania,,1,1,AS,0.0316666666666667,,,New Zealand,,1,1,AS,0.02375000000000002
920-950,920,950,3.3464707922411963,0.00003257094302787615,1,0,0,0.00003257094302787615,,,New Zealand,,1,1,AS,0.02375000000000002,,,Fiji,,1,1,AS,0.04750000000000004
