id,label,blockLouvainTibi,blockLouvainProximity,blockIntraMax,year,cafFob
2,United States of America,2,0,8,1868,caf
4,Hawaii (Sandwich Is.),2,0,8,1868,caf
5,Virgin Islands (Danish West Indies),2,6,24,1868,caf
6,Puerto Rico,2,0,16,1868,caf
10,Greenland,0,0,,1868,caf
20,Canada (Province of Canada),2,0,16,1868,caf
21,Newfoundland and Labrador (Newfoundland),2,0,16,1868,caf
30,Bermuda,2,4,4,1868,caf
31,Bahamas,2,4,10,1868,caf
40,Cuba,2,0,16,1868,caf
41,Haiti,0,0,2,1868,caf
42,Dominican Republic (Santo Domingo),2,6,10,1868,caf
51,Jamaica,2,0,16,1868,caf
54,Dominica,2,6,4,1868,caf
65,Guadeloupe,2,6,4,1868,caf
66,Martinique,2,6,4,1868,caf
68,Netherlands Antilles,2,6,4,1868,caf
70,Mexico,2,0,5,1868,caf
80,Belize (British Honduras),2,5,5,1868,caf
90,Guatemala,2,5,2,1868,caf
91,Honduras,2,5,2,1868,caf
92,El Salvador,2,0,8,1868,caf
93,Nicaragua,2,0,5,1868,caf
94,Costa Rica,2,0,2,1868,caf
100,Colombia (New Granada) (Gran Colombia),2,0,1,1868,caf
101,Venezuela,0,0,1,1868,caf
110,Guyana (British Guiana),2,4,1,1868,caf
115,Surinam (Dutch Guiana),0,0,1,1868,caf
120,French Guiana,0,0,1,1868,caf
130,Ecuador,0,0,1,1868,caf
135,Peru,0,0,1,1868,caf
140,Brazil,0,0,1,1868,caf
145,Bolivia,0,0,1,1868,caf
150,Paraguay,0,0,1,1868,caf
155,Chile,0,0,1,1868,caf
160,Argentina (La Plata),0,0,1,1868,caf
165,Uruguay,0,0,1,1868,caf
200,United Kingdom,1,0,10,1868,caf
210,Netherlands,0,0,2,1868,caf
211,Belgium,0,0,2,1868,caf
212,Luxemburg,0,0,2,1868,caf
220,France,0,0,2,1868,caf
225,Switzerland,0,0,2,1868,caf
230,Spain,0,0,2,1868,caf
231,Gibraltar,0,0,2,1868,caf
235,Portugal,0,0,7,1868,caf
239,Prussia,0,0,2,1868,caf
245,Bavaria,0,0,2,1868,caf
255,Germany (Zollverein),0,0,8,1868,caf
300,Austria-Hungary (Austrian Empire),0,0,12,1868,caf
325,Italy,0,0,12,1868,caf
338,Malta,0,0,2,1868,caf
350,Greece,0,0,2,1868,caf
360,Romania,0,0,2,1868,caf
365,Russia (USSR),0,0,12,1868,caf
380,Sweden,0,0,12,1868,caf
385,Norway,0,0,12,1868,caf
390,Denmark,0,0,2,1868,caf
402,Cape Verde,2,0,10,1868,caf
411,Equatorial Guinea (Spanish Guinea),1,0,10,1868,caf
433,Senegal,0,0,2,1868,caf
450,Liberia,2,7,8,1868,caf
451,Sierra Leone,2,7,2,1868,caf
511,Zanzibar,1,1,3,1868,caf
530,Ethiopia (Abyssinia),1,0,10,1868,caf
541,Mozambique (Portuguese East Africa),1,2,3,1868,caf
561,Cape Colony (Cape of Good Hope),1,1,3,1868,caf
562,Natal,1,2,3,1868,caf
580,Madagascar (Malagasy Republic),1,0,1,1868,caf
585,Reunion (Bourbon I.),1,0,3,1868,caf
590,Mauritius,1,2,3,1868,caf
600,Morocco,0,0,2,1868,caf
615,Algeria (Regency of Algiers),0,0,2,1868,caf
616,Tunisia (Regency of Tunis),0,0,2,1868,caf
630,Iran (Persia),1,0,1,1868,caf
640,Turkey (Ottoman Empire),0,0,21,1868,caf
651,Egypt Arab Republic (Egypt),0,0,13,1868,caf
681,Aden,1,3,1,1868,caf
710,People's Republic of China (China),1,0,1,1868,caf
720,Hong Kong,1,0,1,1868,caf
721,Macao,1,0,,1868,caf
740,Japan,1,0,1,1868,caf
750,India,1,0,1,1868,caf
751,French India,1,0,1,1868,caf
775,Myanmar (Burma),1,0,10,1868,caf
780,Sri Lanka (Ceylon),1,0,1,1868,caf
781,Maldive Islands,1,0,1,1868,caf
800,Thailand (Siam),0,0,2,1868,caf
827,Straits Settlements,1,0,2,1868,caf
840,Philippines,0,0,2,1868,caf
850,Indonesia (Dutch East Indies),0,0,1,1868,caf
901,New South Wales,1,0,1,1868,caf
902,Western Australia,1,0,1,1868,caf
903,South Australia,1,0,1,1868,caf
904,Victoria,1,0,1,1868,caf
905,Queensland,1,0,1,1868,caf
906,Tasmania,1,0,1,1868,caf
920,New Zealand,1,0,1,1868,caf
1019,Rupert's Land,1,0,10,1868,caf
1024,Prince Edward Is.,2,0,16,1868,caf
1027,British Columbia,2,0,16,1868,caf
1029,St. Pierre and Miquelon,0,0,2,1868,caf
1032,Turks and Caicos Is.,1,0,10,1868,caf
1048,Trinidad,1,0,4,1868,caf
1055,Windward Is.,2,6,4,1868,caf
1063,Leeward Is.,2,6,4,1868,caf
1064,St. Barthelemy,2,6,4,1868,caf
1163,Falkland Is.,2,0,1,1868,caf
2003,Channel Is.,1,0,10,1868,caf
2249,Heligoland,0,0,12,1868,caf
4050,St. Helena,1,1,3,1868,caf
4060,Tristan da Cunha,1,1,,1868,caf
4070,Ascension I.,1,0,3,1868,caf
6067,Captaincy-general of north Africa,0,0,2,1868,caf
7121,Shangai,1,1,,1868,caf
7506,Hyderabad,1,3,1,1868,caf
8151,Cochin China,1,0,2,1868,caf
8231,Labuan I.,1,0,10,1868,caf
9050,Torres Strait Is.,1,1,3,1868,caf
9900,Samoa,0,0,,1868,caf
9974,Crozet Is.,1,1,3,1868,caf
