year,CafFob,nbrof_imputedzero,nbrof_notreported,nbrof_ok,nbrof_split_failed,nbrof_reportedzero,nbr_actors,nbr_reporters,nbr_partners
2025,fob,19053,209,24628,,,210,209,210
2024,fob,18193,209,25488,,,210,209,210
2023,fob,18136,209,25545,,,210,209,210
2022,fob,18124,209,25557,,,210,209,210
2021,fob,17992,209,25689,,,210,209,210
2020,fob,18945,420,24945,,,211,209,211
2019,fob,18280,209,25401,,,210,209,210
2018,fob,18585,209,25096,,,210,209,210
2017,fob,18458,209,25223,,,210,209,210
2016,fob,19062,420,24828,,,211,209,211
2015,fob,19251,420,24639,,,211,209,211
2014,fob,19465,420,24425,,,211,209,211
2013,fob,19624,420,24266,,,211,209,211
2012,fob,20376,633,23723,,,212,209,212
2011,fob,20116,844,23772,,,212,208,212
2010,fob,20315,844,23573,,,212,208,211
2009,fob,19905,836,23149,,,210,206,210
2008,fob,19870,624,22978,,,209,206,209
2007,fob,20480,1045,22365,,,210,205,210
2006,fob,20816,1045,22029,,,210,205,210
2005,fob,20679,1248,21545,,,209,203,209
2004,fob,20856,1248,21368,,,209,203,209
2003,fob,21365,1248,20859,,,209,203,209
2002,fob,21445,824,20373,,,207,203,207
2001,fob,21933,1242,19881,,,208,202,208
2000,fob,21985,1030,19627,,,207,202,207
1999,fob,17338,4400,18462,,,201,179,201
1998,fob,17954,4179,17667,,,200,179,200
1997,fob,18458,4600,17142,,,201,178,201
1996,fob,18449,4334,16223,,,198,176,198
1995,fob,19250,4554,15598,,,199,176,199
1994,fob,19497,4531,14978,,,198,175,198
1993,fob,20334,4531,14141,,,198,175,198
1992,fob,19006,3760,12766,,,189,169,189
1991,fob,15191,3654,11605,,,175,154,175
1990,fob,15114,3654,11682,,,175,154,175
1989,fob,15430,4224,11498,,,177,153,177
1988,fob,15987,4224,10941,,,177,153,177
1987,fob,16431,4224,10497,,,177,153,177
1986,fob,16609,4025,10166,,,176,153,176
1985,fob,16802,4025,9973,,,176,153,176
1984,fob,17026,4025,9749,,,176,153,176
1983,fob,16955,3828,9667,,,175,153,175
1982,fob,16924,3828,9698,,,175,153,175
1981,fob,16837,3828,9785,,,175,153,175
1980,fob,13254,8526,8670,,,175,126,175
1979,fob,13444,8131,8527,,,174,127,174
1978,fob,13675,8131,8296,,,174,127,174
1977,fob,14102,8178,8170,,,175,128,175
1976,fob,13912,8131,8059,,,174,127,173
1975,fob,13673,7650,7747,,,171,126,171
1974,fob,13638,6888,7866,,,169,128,169
1973,fob,14078,6552,7762,,,169,130,169
1972,fob,14024,7056,7312,,,169,127,169
1971,fob,13703,7348,7005,,,168,124,168
1970,fob,14437,6847,6772,,,168,127,168
1969,fob,13369,7590,6431,,,166,120,166
1968,fob,13179,5772,5541,,,157,120,157
1967,fob,12924,6084,5484,,,157,118,157
1966,fob,12984,6437,5385,,,158,117,157
1965,fob,12426,6314,5130,,,155,114,154
1964,fob,12807,6160,4903,,,155,115,154
1963,fob,11605,6600,4445,,,151,107,150
1962,fob,10464,7748,4138,,,150,98,149
1961,fob,10979,6956,4117,,,149,102,148
1960,fob,10697,7599,4054,,,150,99,149
1959,fob,8638,6850,3418,,,138,88,137
1958,fob,8206,6936,3490,,,137,86,136
1957,fob,5080,2369,3263,,,104,81,103
1956,fob,4909,2020,3373,,,102,82,101
1955,fob,5051,2244,3211,,,103,81,101
1954,fob,4148,2425,2933,,,98,73,95
1953,fob,4312,2231,2963,,,98,75,95
1952,fob,4048,1974,2908,,,95,74,93
1951,fob,5949,5265,2592,,,118,73,116
1950,fob,4034,1911,2427,,,92,71,90
1949,fob,4081,1691,2238,,,90,71,85
1948,fob,4680,1380,2496,,,93,78,88
1938,fob,21189,12672,5530,11,,199,135,198
1937,fob,22681,13464,5653,22,,205,139,203
1936,fob,21615,13467,5502,18,,202,135,199
1935,fob,23237,14283,5518,18,,208,139,205
1934,fob,23255,14490,5286,25,,208,138,203
1933,fob,22115,14210,5064,23,,204,134,199
1932,fob,22612,14280,4915,13,,205,135,200
1931,fob,22550,13266,4768,18,,202,136,197
1930,fob,23326,14145,4744,15,,206,137,203
1929,fob,21942,13600,4637,19,2,201,133,198
1928,fob,23782,12524,4681,17,2,203,141,202
1927,fob,23294,12400,4488,16,2,201,139,199
1926,fob,20953,13790,4248,15,,198,128,198
1925,fob,20899,12352,4183,8,,194,130,193
1924,fob,20344,13845,4022,9,,196,125,194
1923,fob,19841,14820,3551,8,,196,120,196
1922,fob,19997,15840,3557,8,,199,119,198
1921,fob,19656,15957,3390,3,,198,117,197
1920,fob,18779,17139,3083,5,,198,111,197
1919,fob,17238,19404,2755,5,,199,101,197
1918,fob,17186,16632,2088,4,,190,102,188
1917,fob,13894,17014,2032,2,,182,88,181
1916,fob,13686,15753,2064,3,,178,89,177
1915,fob,13434,16198,2226,4,,179,88,178
1914,fob,18657,24940,2668,175,,216,100,215
1913,fob,21654,24310,2891,207,,222,112,221
1912,fob,20948,26432,2806,214,,225,107,225
1911,fob,19936,24852,2756,198,,219,105,219
1910,fob,19649,27429,2697,177,,224,101,223
1909,fob,20544,25300,2596,180,,221,106,219
1908,fob,20347,26983,2441,181,,224,103,221
1907,fob,20454,26418,2452,182,,223,104,219
1906,fob,17829,24804,2359,164,,213,96,211
1905,fob,18239,23199,2318,134,,210,99,210
1904,fob,16865,22644,2181,130,,205,94,204
1903,fob,17836,23296,2209,131,,209,97,206
1902,fob,16171,21800,2106,123,,201,92,199
1901,fob,16247,20988,2029,138,,199,93,199
1900,fob,12312,13035,2037,6,,166,87,161
1899,fob,11996,13778,1944,4,,167,84,160
1898,fob,15546,25132,1818,146,,207,85,206
1897,fob,11950,12397,1732,3,,162,85,153
1896,fob,11368,11775,1661,2,,158,83,149
1895,fob,11416,11775,1614,1,,158,83,148
1894,fob,11355,11544,1592,1,,157,83,147
1893,fob,11482,11388,1621,1,,157,84,148
1892,fob,11203,12324,1594,1,,159,81,152
1891,fob,12301,21432,1692,107,,189,75,189
1890,fob,11993,20720,1591,106,,186,74,184
1889,fob,12245,20535,1508,122,,186,75,185
1888,fob,11761,20020,1401,124,,183,73,182
1887,fob,11982,19367,1486,107,,182,75,179
1886,fob,11574,20496,1502,100,,184,72,183
1885,fob,11302,19332,1491,95,,180,72,179
1884,fob,10546,17888,1203,119,,173,69,172
1883,fob,8114,18537,1322,83,,168,57,168
1882,fob,8671,19780,1203,102,,173,58,173
1881,fob,9094,16995,1199,102,,166,63,165
1880,fob,8897,16892,1165,106,,165,62,165
1879,fob,8410,15484,1132,96,,159,61,159
1878,fob,8785,15423,1131,101,,160,63,160
1877,fob,7881,15190,1019,90,,156,58,156
1876,fob,6821,15352,985,98,,153,52,153
1875,fob,8526,14168,1074,102,,155,63,155
1874,fob,7710,14194,953,95,,152,58,151
1873,fob,7396,12994,981,91,,147,58,146
1872,fob,6648,13013,849,82,,144,53,143
1871,fob,7529,15400,848,93,,155,55,154
1870,fob,6991,13195,894,90,,146,55,146
1869,fob,7908,13320,746,78,,149,59,148
1868,fob,7464,13764,757,67,,149,56,149
1867,fob,9038,18590,1009,93,,170,60,169
1866,fob,10538,16968,790,96,,169,68,168
1865,fob,10208,17304,783,97,,169,66,167
1864,fob,7653,17280,745,82,,161,53,161
1863,fob,8881,15741,727,91,,160,61,160
1862,fob,9652,16564,752,92,,165,64,164
1861,fob,7797,15912,701,82,,157,55,157
1860,fob,6065,18880,741,74,,161,43,161
1859,fob,5011,20574,736,85,,163,36,163
1858,fob,7210,21375,712,115,,172,47,172
1857,fob,4088,10455,702,7,,124,39,121
1856,fob,5084,20125,780,93,,162,37,162
1855,fob,6669,17967,696,108,,160,47,159
1854,fob,5681,16872,610,93,,153,42,152
1853,fob,5196,17328,644,88,,153,39,151
1852,fob,4702,17784,680,90,,153,36,153
1851,fob,4509,17135,617,89,,150,35,147
1850,fob,4860,17100,603,87,,151,37,149
1849,fob,3629,8512,510,5,,113,37,106
1848,fob,4495,16611,568,82,,148,35,143
1847,fob,5129,17214,521,88,,152,38,146
1846,fob,5252,15876,543,85,,148,40,142
1845,fob,3584,7035,507,4,,106,39,98
1844,fob,4616,14805,520,81,,142,37,142
1843,fob,4590,7215,617,10,,112,47,105
1842,fob,4153,7480,565,12,,111,43,106
1841,fob,4207,7480,509,14,,111,43,99
1840,fob,4495,15444,564,89,,144,36,142
1839,fob,4824,12825,623,88,,136,41,135
1838,fob,3692,13802,518,78,,135,32,132
1837,fob,4231,12672,575,78,,133,37,131
1836,fob,3832,11036,571,61,,125,36,121
1835,fob,3745,10406,546,65,,122,36,119
1834,fob,4137,11557,483,79,,128,37,123
1833,fob,4454,12540,477,85,,133,38,126
