key,source,target,TIBI,proximity,maxObservedTradeValues,observedTradeValues,coMembershipScore,bridgeNessEdgeScore,ambiguityScore,maxObservedTradeValue,sourceCited,sourceReporting,sourceLabel,sourceGphStatus,sourceBlockLouvainTibi,sourceBlockLouvainProximity,sourceBlockLouvainMaxobservedtradevalues,sourceBlockIntraMax,sourceBlockAn,sourceMeanAmbiguityScore,targetCited,targetReporting,targetLabel,targetGphStatus,targetBlockLouvainTibi,targetBlockLouvainProximity,targetBlockLouvainMaxobservedtradevalues,targetBlockIntraMax,targetBlockAn,targetMeanAmbiguityScore
10-246,10,246,1.9833976077295663,47.47882450336142,11826,11826,0.7,0.30000000000000004,0.8400000000000001,,,,Greenland,,4,0,3,,NAM,0.8400000000000001,,,Bremen,,4,0,3,1,AS,0.2168421052631579
10-248,10,248,1.6067562159775846,2.947013582754394,7673.651147071687,7673.651147071687,0.3,0.7,0.84,,,,Greenland,,4,0,3,,NAM,0.8400000000000001,,,Hamburg,,3,2,4,1,AS,0.06514285714285716
100-2,2,100,1.857441722902378,4.884787802316322,45396.67954474261,45396.67954474261,1,0,0,,,,United States of America,,4,0,3,3,NAM,0.15457627118644068,,,Colombia (New Granada) (Gran Colombia),,4,0,3,4,WE,0
100-220,100,220,0.9084581817670812,0.9563476902414484,11927.955150888632,11927.955150888632,0,1,0,,,,Colombia (New Granada) (Gran Colombia),,4,0,3,4,WE,0,,,France,,0,0,0,2,WE,0.03017543859649123
100-248,100,248,0.8993778336602046,0.860488878735147,7442,7442,0,1,0,,,,Colombia (New Granada) (Gran Colombia),,4,0,3,4,WE,0,,,Hamburg,,3,2,4,1,AS,0.06514285714285716
101-2,2,101,1.6323595929692516,3.0796382157864968,283004.2810901117,283004.2810901117,0.8,0.19999999999999996,0.6399999999999999,,,,United States of America,,4,0,3,3,NAM,0.15457627118644068,,,Venezuela,,1,4,3,2,WE,0.296
101-220,101,220,0.632471625175449,0.5802994307102545,71567.7309053318,71567.7309053318,0,1,0,,,,Venezuela,,1,4,3,2,WE,0.296,,,France,,0,0,0,2,WE,0.03017543859649123
101-248,101,248,1.2127248293298318,1.4695442212596022,125673,125673,0,1,0,,,,Venezuela,,1,4,3,2,WE,0.296,,,Hamburg,,3,2,4,1,AS,0.06514285714285716
101-324,101,324,1.3545990011144728,2.0522220109857368,48870,48870,0,1,0,,,,Venezuela,,1,4,3,2,WE,0.296,,,Kingdom of Sardinia,,2,1,0,2,WE,0.052121212121212124
101-561,101,561,1.9116490512235225,16.781393298453736,111307,111307,0.3,0.7,0.84,,,,Venezuela,,1,4,3,2,WE,0.296,,,Cape Colony (Cape of Good Hope),,1,4,1,2,WE,0.37090909090909097
1029-220,220,1029,,5.192794633476141,532781.9967396923,532781.9967396923,1,0,0,,,,France,,0,0,0,2,WE,0.03017543859649123,,,St. Pierre and Miquelon,,0,0,0,2,NAM,0
1055-2,2,1055,0.34986859060232245,0.22279178638731922,1836,1836,0.3,0.7,0.84,,,,United States of America,,4,0,3,3,NAM,0.15457627118644068,,,Windward Is.,,1,0,1,3,NAM,0.42
1055-200,200,1055,1.9895594205134906,3.5422002757013042,134607,134607,1,0,0,,,,United Kingdom,,1,0,1,2,AF,0.22588235294117648,,,Windward Is.,,1,0,1,3,NAM,0.42
1063-2,2,1063,1.9778762439149489,14.083241837245795,81649,81649,1,0,0,,,,United States of America,,4,0,3,3,NAM,0.15457627118644068,,,Leeward Is.,,4,0,3,1,LA,0.42
1063-200,200,1063,0.6252487231218042,0.5364264344506893,14341,14341,0.3,0.7,0.84,,,,United Kingdom,,1,0,1,2,AF,0.22588235294117648,,,Leeward Is.,,4,0,3,1,LA,0.42
1064-2,2,1064,,6.969039813726542,12017.33319411089,12017.33319411089,1,0,0,,,,United States of America,,4,0,3,3,NAM,0.15457627118644068,,,St. Barthelemy,,4,0,3,3,NAM,0
110-2,2,110,,6.9690398137265435,2291.531794925342,2291.531794925342,1,0,0,,,,United States of America,,4,0,3,3,NAM,0.15457627118644068,,,Guyana (British Guiana),,4,0,3,1,AS,0
120-220,120,220,,5.192794633476142,83495.68605622042,83495.68605622042,1,0,0,,,,French Guiana,,0,0,0,2,LA,0,,,France,,0,0,0,2,WE,0.03017543859649123
130-2,2,130,1.5163546240790704,2.515954944854163,5990.393651456615,5990.393651456615,0,1,0,,,,United States of America,,4,0,3,3,NAM,0.15457627118644068,,,Ecuador,,0,0,0,2,WE,0
130-220,130,220,1.734328701979051,3.318097733341727,10602.626800789894,10602.626800789894,1,0,0,,,,Ecuador,,0,0,0,2,WE,0,,,France,,0,0,0,2,WE,0.03017543859649123
135-2,2,135,1.8528566004713682,4.83154445779367,91572.51748981937,91572.51748981937,1,0,0,,,,United States of America,,4,0,3,3,NAM,0.15457627118644068,,,Peru,,4,0,3,2,WE,0
135-220,135,220,1.0782371324091775,1.2505001773486302,31807.880402369687,31807.880402369687,0,1,0,,,,Peru,,4,0,3,2,WE,0,,,France,,0,0,0,2,WE,0.03017543859649123
135-248,135,248,0.38151009385539647,0.27050842572984624,4771.182060355453,4771.182060355453,0,1,0,,,,Peru,,4,0,3,2,WE,0,,,Hamburg,,3,2,4,1,AS,0.06514285714285716
135-324,135,324,0.8737597901291735,0.8007926529177292,3933,3933,0,1,0,,,,Peru,,4,0,3,2,WE,0,,,Kingdom of Sardinia,,2,1,0,2,WE,0.052121212121212124
140-155,140,155,1.0663675318553498,1.1811464172108421,21867.91777662916,21867.91777662916,0.2,0.8,0.6400000000000001,,,,Brazil,,3,0,1,2,WE,0.26526315789473687,,,Chile,,4,0,3,2,WE,0.14285714285714288
140-165,140,165,1.883590882845334,10.729332214430055,262981.43214981514,262981.43214981514|182139.87515406942,1,0,0,,,,Brazil,,3,0,1,2,WE,0.26526315789473687,,,Uruguay,,0,0,1,2,WE,0.25
140-2,2,140,1.390236343732718,2.1175768715553756,1028985.2772266889,1028985.2772266889|622420.5796986204,0.2,0.8,0.6400000000000001,,,,United States of America,,4,0,3,3,NAM,0.15457627118644068,,,Brazil,,3,0,1,2,WE,0.26526315789473687
140-200,140,200,1.3831538416644418,1.6860307400144041,2285237.16750825,2285237.16750825,0.9,0.09999999999999998,0.35999999999999993,,,,Brazil,,3,0,1,2,WE,0.26526315789473687,,,United Kingdom,,1,0,1,2,AF,0.22588235294117648
140-210,140,210,0.7201506733760716,0.6196676900116453,293348.1770108544,293348.1770108544|30217.4863822512,0,1,0,,,,Brazil,,3,0,1,2,WE,0.26526315789473687,,,Netherlands,,3,2,5,2,WE,0.03310344827586207
140-211,140,211,0.9789906922407586,0.9937891349776187,309716.7508250169,309716.7508250169|60434.9727645024,0,1,0,,,,Brazil,,3,0,1,2,WE,0.26526315789473687,,,Belgium,,3,2,0,2,WE,0.041212121212121214
140-220,140,220,1.1337729355755097,1.3077388923610276,619736.7897896704,234583.11796747646|619736.7897896704,0,1,0,,,,Brazil,,3,0,1,2,WE,0.26526315789473687,,,France,,0,0,0,2,WE,0.03017543859649123
140-225,140,225,1.2191697724378348,1.5860065527219218,55663.79070414695,55663.79070414695,0,1,0,,,,Brazil,,3,0,1,2,WE,0.26526315789473687,,,Switzerland,,2,1,0,2,WE,0.09000000000000001
140-230,140,230,1.227549702631969,1.6023868605725753,142320.38487535287,142320.38487535287,0,1,0,,,,Brazil,,3,0,1,2,WE,0.26526315789473687,,,Spain,,0,0,0,1,LA,0.037894736842105266
140-235,140,235,1.8347978048222338,8.19685324636695,650828.9928829868,283766.05303964054|650828.9928829868,0.9,0.09999999999999998,0.35999999999999993,,,,Brazil,,3,0,1,2,WE,0.26526315789473687,,,Portugal,,3,1,1,3,WE,0.20869565217391303
140-246,140,246,1.7734363250396452,6.468307670660472,105575,105575,0.2,0.8,0.6400000000000001,,,,Brazil,,3,0,1,2,WE,0.26526315789473687,,,Bremen,,4,0,3,1,AS,0.2168421052631579
140-248,140,248,1.4244911489445902,2.364944540369173,1285475.726611268,1285475.726611268|297762.3774994655,0.1,0.9,0.36000000000000004,,,,Brazil,,3,0,1,2,WE,0.26526315789473687,,,Hamburg,,3,2,4,1,AS,0.06514285714285716
140-276,140,276,1.656888980015081,4.425953168208913,562,562,0,1,0,,,,Brazil,,3,0,1,2,WE,0.26526315789473687,,,Lübeck,,3,2,5,1,AS,0
140-300,140,300,1.717553573787996,4.653276889732639,838018.3690509323,71150.25247505069|838018.3690509323,0.1,0.9,0.36000000000000004,,,,Brazil,,3,0,1,2,WE,0.26526315789473687,,,Austria-Hungary (Austrian Empire),,2,1,2,2,WE,0.15857142857142856
140-324,140,324,1.2022963150189345,1.4855502775876228,305037.5730587253,305037.5730587253|3478.9869190091845,0,1,0,,,,Brazil,,3,0,1,2,WE,0.26526315789473687,,,Kingdom of Sardinia,,2,1,0,2,WE,0.052121212121212124
140-337,140,337,0.30505113502170256,0.19030409925006375,17891.93272633295,17891.93272633295,0,1,0,,,,Brazil,,3,0,1,2,WE,0.26526315789473687,,,Tuscany,,2,1,2,2,WE,0.2880000000000001
140-380,140,380,1.5709525318018636,3.2683187230610313,172182.39634760737,172182.39634760737|50932.36849429446,0.1,0.9,0.36000000000000004,,,,Brazil,,3,0,1,2,WE,0.26526315789473687,,,Sweden,,3,2,4,4,WE,0.0432
140-390,140,390,0.9410261861093563,0.9284269774259301,33298.87479623077,33298.87479623077,0.1,0.9,0.36000000000000004,,,,Brazil,,3,0,1,2,WE,0.26526315789473687,,,Denmark,,3,2,4,4,WE,0.060000000000000005
140-561,140,561,1.3913189958871062,2.1537097615655334,123177,123177,0.6,0.4,0.96,,,,Brazil,,3,0,1,2,WE,0.26526315789473687,,,Cape Colony (Cape of Good Hope),,1,4,1,2,WE,0.37090909090909097
145-220,145,220,,5.192794633476141,3975.985050296211,3975.985050296211,1,0,0,,,,Bolivia,,0,0,0,2,LA,0,,,France,,0,0,0,2,WE,0.03017543859649123
155-2,2,155,1.800521432263818,4.291996726718731,337654.5891197661,337654.5891197661,1,0,0,,,,United States of America,,4,0,3,3,NAM,0.15457627118644068,,,Chile,,4,0,3,2,WE,0.14285714285714288
155-211,155,211,0.12227534949542918,0.07137519019595229,2208.4608961870304,2208.4608961870304,0,1,0,,,,Chile,,4,0,3,2,WE,0.14285714285714288,,,Belgium,,3,2,0,2,WE,0.041212121212121214
155-220,155,220,1.2362461138372849,1.5816448088146673,166991.37211244085,166991.37211244085,0,1,0,,,,Chile,,4,0,3,2,WE,0.14285714285714288,,,France,,0,0,0,2,WE,0.03017543859649123
155-248,155,248,0.06542050305066871,0.040188071831233296,2942.2289372191963,2942.2289372191963,0,1,0,,,,Chile,,4,0,3,2,WE,0.14285714285714288,,,Hamburg,,3,2,4,1,AS,0.06514285714285716
155-324,155,324,0.43881491602895495,0.29652296762863517,6045,6045,0,1,0,,,,Chile,,4,0,3,2,WE,0.14285714285714288,,,Kingdom of Sardinia,,2,1,0,2,WE,0.052121212121212124
155-561,155,561,1.3057302074518256,1.85796713828219,10550,10550,0.1,0.9,0.36000000000000004,,,,Chile,,4,0,3,2,WE,0.14285714285714288,,,Cape Colony (Cape of Good Hope),,1,4,1,2,WE,0.37090909090909097
160-2,2,160,1.2654602030010504,1.6496978216749592,61305.62806724444,61305.62806724444,0,1,0,,,,United States of America,,4,0,3,3,NAM,0.15457627118644068,,,Argentina (La Plata),,3,2,5,2,WE,0
160-210,160,210,1.6610326124161485,3.7680033579426393,83654.72545823228,83654.72545823228,1,0,0,,,,Argentina (La Plata),,3,2,5,2,WE,0,,,Netherlands,,3,2,5,2,WE,0.03310344827586207
160-211,160,211,1.372249871730892,2.1070520444948087,30796.429565424834,30796.429565424834,0,1,0,,,,Argentina (La Plata),,3,2,5,2,WE,0,,,Belgium,,3,2,0,2,WE,0.041212121212121214
160-220,160,220,0.6804781556029896,0.6377742582252311,31807.880402369687,31807.880402369687,0,1,0,,,,Argentina (La Plata),,3,2,5,2,WE,0,,,France,,0,0,0,2,WE,0.03017543859649123
160-248,160,248,0.6867135186380247,0.5748476812471677,19879.925251481054,19879.925251481054,0,1,0,,,,Argentina (La Plata),,3,2,5,2,WE,0,,,Hamburg,,3,2,4,1,AS,0.06514285714285716
160-324,160,324,1.5575927916984869,3.2749127971513587,31537,31537,0,1,0,,,,Argentina (La Plata),,3,2,5,2,WE,0,,,Kingdom of Sardinia,,2,1,0,2,WE,0.052121212121212124
165-2,2,165,1.1951779606112367,1.4431000451167462,103247.78114232015,92019.64136614847|103247.78114232015,0.2,0.8,0.6400000000000001,,,,United States of America,,4,0,3,3,NAM,0.15457627118644068,,,Uruguay,,0,0,1,2,WE,0.25
165-200,165,200,1.2973668607635882,1.494031650591898,439303.7652578426,439303.7652578426,0.9,0.09999999999999998,0.35999999999999993,,,,Uruguay,,0,0,1,2,WE,0.25,,,United Kingdom,,1,0,1,2,AF,0.22588235294117648
165-220,165,220,1.4016585512353823,2.0124592878040173,194823.26746451433,194823.26746451433|105901.67388970617,0,1,0,,,,Uruguay,,0,0,1,2,WE,0.25,,,France,,0,0,0,2,WE,0.03017543859649123
165-230,165,230,1.7036710010847587,5.1576437458232585,99378.03665858216,99378.03665858216,0,1,0,,,,Uruguay,,0,0,1,2,WE,0.25,,,Spain,,0,0,0,1,LA,0.037894736842105266
165-248,165,248,1.0756092858812754,1.1613732120014775,31721.959365432787,31721.959365432787,0.1,0.9,0.36000000000000004,,,,Uruguay,,0,0,1,2,WE,0.25,,,Hamburg,,3,2,4,1,AS,0.06514285714285716
165-324,165,324,1.0847746259413085,1.2034794794060677,22496,14659.377360741124|22496,0,1,0,,,,Uruguay,,0,0,1,2,WE,0.25,,,Kingdom of Sardinia,,2,1,0,2,WE,0.052121212121212124
165-40,40,165,0.6515016061729105,0.49148028059071525,9785.972724742554,9785.972724742554,0.2,0.8,0.6400000000000001,,,,Cuba,,4,0,3,2,WE,0.1666666666666667,,,Uruguay,,0,0,1,2,WE,0.25
2-200,2,200,1.1042186977028188,1.2007111051455135,6915345.72413073,6915345.72413073,0.3,0.7,0.84,,,,United States of America,,4,0,3,3,NAM,0.15457627118644068,,,United Kingdom,,1,0,1,2,AF,0.22588235294117648
2-210,2,210,0.3671302758681536,0.2811674327657385,224444.81570429154,224444.81570429154,0,1,0,,,,United States of America,,4,0,3,3,NAM,0.15457627118644068,,,Netherlands,,3,2,5,2,WE,0.03310344827586207
2-211,2,211,1.2626377614422113,1.6340809108546006,802707.0096616436,57401.482719014304|802707.0096616436,0,1,0,,,,United States of America,,4,0,3,3,NAM,0.15457627118644068,,,Belgium,,3,2,0,2,WE,0.041212121212121214
2-220,2,220,1.6658236031587887,2.798985274792989,4691662.359349529,4691662.359349529|3669808.081862796,0,1,0,,,,United States of America,,4,0,3,3,NAM,0.15457627118644068,,,France,,0,0,0,2,WE,0.03017543859649123
2-230,2,230,0.9213930430187663,0.9321906611794879,351814.76454004383,351814.76454004383,0,1,0,,,,United States of America,,4,0,3,3,NAM,0.15457627118644068,,,Spain,,0,0,0,1,LA,0.037894736842105266
2-231,2,231,0.11880116092124893,0.07881106981558317,6801.085935052731,6801.085935052731,0,1,0,,,,United States of America,,4,0,3,3,NAM,0.15457627118644068,,,Gibraltar,,2,1,2,4,WE,0
2-235,2,235,0.41549179563918326,0.31641462032194,46545.682363997075,46545.682363997075|36817.62156574291,0.3,0.7,0.84,,,,United States of America,,4,0,3,3,NAM,0.15457627118644068,,,Portugal,,3,1,1,3,WE,0.20869565217391303
2-239,2,239,0.017186226343696487,0.011613802598777978,12384.671609063382,12384.671609063382,0,1,0,,,,United States of America,,4,0,3,3,NAM,0.15457627118644068,,,Prussia,,3,2,4,4,EESU,0.08000000000000002
2-246,2,246,1.82372273666399,6.328218905730383,703590.3145004174,703590.3145004174|32214,1,0,0,,,,United States of America,,4,0,3,3,NAM,0.15457627118644068,,,Bremen,,4,0,3,1,AS,0.2168421052631579
2-248,2,248,0.9154025283714187,0.9237022381167024,494186,404158.88036260987|494186,0,1,0,,,,United States of America,,4,0,3,3,NAM,0.15457627118644068,,,Hamburg,,3,2,4,1,AS,0.06514285714285716
2-276,2,276,0.41812462985398446,0.31692538738041387,171,171,0,1,0,,,,United States of America,,4,0,3,3,NAM,0.15457627118644068,,,Lübeck,,3,2,5,1,AS,0
2-30,2,30,1.8839305658982883,8.432635105263573,47793,47793,1,0,0,,,,United States of America,,4,0,3,3,NAM,0.15457627118644068,,,Bermuda,,4,0,3,3,LA,0.42
2-300,2,300,1.2776446166580764,1.6927144680414583,480497.7933282971,480497.7933282971|77971.18095436985,0,1,0,,,,United States of America,,4,0,3,3,NAM,0.15457627118644068,,,Austria-Hungary (Austrian Empire),,2,1,2,2,WE,0.15857142857142856
2-31,2,31,1.9067699858880705,9.379032618175138,55783,55783,1,0,0,,,,United States of America,,4,0,3,3,NAM,0.15457627118644068,,,Bahamas,,4,0,3,3,LA,0.42
2-324,2,324,0.8214376769501135,0.7349955587921628,237883.1855592223,237883.1855592223,0,1,0,,,,United States of America,,4,0,3,3,NAM,0.15457627118644068,,,Kingdom of Sardinia,,2,1,0,2,WE,0.052121212121212124
2-329,2,329,1.245498907062381,1.6119107309156029,135642.68560091886,40555.04751302135|135642.68560091886,0,1,0,,,,United States of America,,4,0,3,3,NAM,0.15457627118644068,,,Two Sicilies,,2,1,0,2,WE,0.6092307692307692
2-3349,2,3349,0.37410815280116017,0.27790115905949075,8985.486060352929,8985.486060352929,0,1,0,,,,United States of America,,4,0,3,3,NAM,0.15457627118644068,,,Ionian Is.,,2,1,2,2,AF,0.19999999999999996
2-337,2,337,0.5503122035521684,0.4024517683117389,59639.775754443166,59639.775754443166,0,1,0,,,,United States of America,,4,0,3,3,NAM,0.15457627118644068,,,Tuscany,,2,1,2,2,WE,0.2880000000000001
2-338,2,338,1.051538886223591,1.101953523722082,5945.703247363475,5945.703247363475|1000,0,1,0,,,,United States of America,,4,0,3,3,NAM,0.15457627118644068,,,Malta,,2,1,2,2,AF,0.14399999999999996
2-350,2,350,0.027429301631321512,0.01748690429404587,1072.987365563329,1072.987365563329,0,1,0,,,,United States of America,,4,0,3,3,NAM,0.15457627118644068,,,Greece,,2,1,2,1,WE,0.23692307692307685
2-365,2,365,0.9007076871474692,0.9012321803491972,537209.3557481467,537209.3557481467,0,1,0,,,,United States of America,,4,0,3,3,NAM,0.15457627118644068,,,Russia (USSR),,3,2,2,1,EESU,0.043199999999999995
2-380,2,380,1.0619726166515828,1.126212807535337,93518.56981382122,93518.56981382122|47234,0,1,0,,,,United States of America,,4,0,3,3,NAM,0.15457627118644068,,,Sweden,,3,2,4,4,WE,0.0432
2-385,2,385,0.927325593326712,0.9407861216723129,207107,207107,0,1,0,,,,United States of America,,4,0,3,3,NAM,0.15457627118644068,,,Norway,,3,2,0,2,WE,0.030000000000000002
2-390,2,390,0.016108686626529423,0.010278465613345444,1566.4613135637464,1566.4613135637464,0,1,0,,,,United States of America,,4,0,3,3,NAM,0.15457627118644068,,,Denmark,,3,2,4,4,WE,0.060000000000000005
2-4,2,4,,6.969039813726543,3402.5268873342384,3402.5268873342384,1,0,0,,,,United States of America,,4,0,3,3,NAM,0.15457627118644068,,,Hawaii (Sandwich Is.),,4,0,3,,AS,0
2-40,2,40,1.8997267682115284,5.266569139183004,2053978.6989662733,2053978.6989662733,1,0,0,,,,United States of America,,4,0,3,3,NAM,0.15457627118644068,,,Cuba,,4,0,3,2,WE,0.1666666666666667
2-402,2,402,,6.969039813726543,6128.850370679754,6128.850370679754,1,0,0,,,,United States of America,,4,0,3,3,NAM,0.15457627118644068,,,Cape Verde,,4,0,3,3,NAM,0
2-41,2,41,1.4114343884747074,2.0923336933269248,261631.82625039158,261631.82625039158,0,1,0,,,,United States of America,,4,0,3,3,NAM,0.15457627118644068,,,Haiti,,3,2,0,5,LA,0
2-451,2,451,0.8894067823260642,0.810665867333297,3450,3450,0.3,0.7,0.84,,,,United States of America,,4,0,3,3,NAM,0.15457627118644068,,,Sierra Leone,,1,0,1,1,AF,0.42
2-5,2,5,1.89254577790492,5.2878101549949035,202396.7839615746,202396.7839615746,1,0,0,,,,United States of America,,4,0,3,3,NAM,0.15457627118644068,,,Virgin Islands (Danish West Indies),,4,0,3,3,LA,0
2-54,2,54,1.2116166196697806,1.488396604187396,3219,3219,0.3,0.7,0.84,,,,United States of America,,4,0,3,3,NAM,0.15457627118644068,,,Dominica,,1,0,1,1,LA,0.42
2-561,2,561,1.396635749120609,2.051344176027036,19903,6750.339354703979|19903,0.1,0.9,0.36000000000000004,,,,United States of America,,4,0,3,3,NAM,0.15457627118644068,,,Cape Colony (Cape of Good Hope),,1,4,1,2,WE,0.37090909090909097
2-6,2,6,1.5103001574295103,2.469066870707244,396519.16048867075,396519.16048867075,1,0,0,,,,United States of America,,4,0,3,3,NAM,0.15457627118644068,,,Puerto Rico,,4,0,3,2,WE,0.07200000000000001
2-600,2,600,1.8144520940058035,4.445455909011981,12976.506212801503,12976.506212801503,0.3,0.7,0.84,,,,United States of America,,4,0,3,3,NAM,0.15457627118644068,,,Morocco,,4,2,1,4,AF,0.13999999999999999
2-616,2,616,0.21325992488948642,0.12627293079458246,1987.9925251481054,1987.9925251481054,0,1,0,,,,United States of America,,4,0,3,3,NAM,0.15457627118644068,,,Tunisia (Regency of Tunis),,2,1,2,2,AF,0.3661538461538462
2-640,2,640,1.0394353281076874,1.0923262686483215,117672.75764853295,117672.75764853295|89897.02198719732,0,1,0,,,,United States of America,,4,0,3,3,NAM,0.15457627118644068,,,Turkey (Ottoman Empire),,2,1,2,2,WE,0.08999999999999998
2-65,2,65,0.4260986667664979,0.32587464439193203,40568,40568,0,1,0,,,,United States of America,,4,0,3,3,NAM,0.15457627118644068,,,Guadeloupe,,0,0,0,3,NAM,0
2-66,2,66,0.4309988863992379,0.32994761758319324,29442,29442,0,1,0,,,,United States of America,,4,0,3,3,NAM,0.15457627118644068,,,Martinique,,0,0,0,3,NAM,0
2-68,2,68,0.9718175264424014,1.0146304657075096,82798.16226375692,82798.16226375692,0,1,0,,,,United States of America,,4,0,3,3,NAM,0.15457627118644068,,,Netherlands Antilles,,3,2,5,3,NAM,0
2-7,2,7,1.9918646679135787,6.814157090689858,63453.48230134698,63453.48230134698,1,0,0,,,,United States of America,,4,0,3,3,NAM,0.15457627118644068,,,Texas,,4,0,3,3,NAM,0
2-70,2,70,1.9191986724930228,5.604754216938355,871880.7559778637,871880.7559778637,1,0,0,,,,United States of America,,4,0,3,3,NAM,0.15457627118644068,,,Mexico,,4,0,3,2,WE,0
2-710,2,710,1.6900518745052169,3.3562222936312773,1386828.651978699,1386828.651978699,1,0,0,,,,United States of America,,4,0,3,3,NAM,0.15457627118644068,,,People's Republic of China (China),,1,3,3,1,LA,0.27
2-80,2,80,,6.969039813726543,33069.43719327555,33069.43719327555,1,0,0,,,,United States of America,,4,0,3,3,NAM,0.15457627118644068,,,Belize (British Honduras),,4,0,3,3,NAM,0
2-840,2,840,1.7135840096627488,3.609287402481554,101375.69082740249,94027.56604364623|101375.69082740249,0.4,0.6,0.96,,,,United States of America,,4,0,3,3,NAM,0.15457627118644068,,,Philippines,,1,3,1,1,AS,0.3507692307692307
2-850,2,850,0.2877516814907053,0.21301052468921022,170804.42727367653,170804.42727367653|6639.895033994672,0,1,0,,,,United States of America,,4,0,3,3,NAM,0.15457627118644068,,,Indonesia (Dutch East Indies),,1,2,5,4,AS,0.06
2-89,2,89,,6.969039813726542,39473.948000417666,39473.948000417666,1,0,0,,,,United States of America,,4,0,3,3,NAM,0.15457627118644068,,,United States of Central America,,4,0,3,3,NAM,0
2-901,2,901,0.2824045856648749,0.17557669365122175,24164,24164,0.3,0.7,0.84,,,,United States of America,,4,0,3,3,NAM,0.15457627118644068,,,New South Wales,,1,3,1,4,AS,0.43199999999999994
200-210,200,210,1.0575437644592796,1.1191896432508823,3850900.560613892,3850900.560613892,0,1,0,,,,United Kingdom,,1,0,1,2,AF,0.22588235294117648,,,Netherlands,,3,2,5,2,WE,0.03310344827586207
200-211,200,211,0.7932650340911992,0.7661496813695639,1735474.1759770983,1735474.1759770983,0,1,0,,,,United Kingdom,,1,0,1,2,AF,0.22588235294117648,,,Belgium,,3,2,0,2,WE,0.041212121212121214
200-220,200,220,0.34390552503642025,0.380653032990253,2942228.937219196,2942228.937219196,0,1,0,,,,United Kingdom,,1,0,1,2,AF,0.22588235294117648,,,France,,0,0,0,2,WE,0.03017543859649123
200-235,200,235,1.5774988736882631,2.098866680019031,1829350.7216412867,1829350.7216412867,1,0,0,,,,United Kingdom,,1,0,1,2,AF,0.22588235294117648,,,Portugal,,3,1,1,3,WE,0.20869565217391303
200-239,200,239,0.5263655481519587,0.46818882763418257,218043.0201582442,218043.0201582442,0.1,0.9,0.36000000000000004,,,,United Kingdom,,1,0,1,2,AF,0.22588235294117648,,,Prussia,,3,2,4,4,EESU,0.08000000000000002
200-246,200,246,0.7383107480586814,0.6674007562232752,342173.2734284919,342173.2734284919,0.3,0.7,0.84,,,,United Kingdom,,1,0,1,2,AF,0.22588235294117648,,,Bremen,,4,0,3,1,AS,0.2168421052631579
200-248,200,248,1.103689592749678,1.1622593762012126,6229374.577551588,6229374.577551588,0.1,0.9,0.36000000000000004,,,,United Kingdom,,1,0,1,2,AF,0.22588235294117648,,,Hamburg,,3,2,4,1,AS,0.06514285714285716
200-30,30,200,1.4281607229838074,1.7618156418620905,46045,46045,0.3,0.7,0.84,,,,Bermuda,,4,0,3,3,LA,0.42,,,United Kingdom,,1,0,1,2,AF,0.22588235294117648
200-300,200,300,0.1157143190722667,0.08968748405349469,117397.96370879364,117397.96370879364,0,1,0,,,,United Kingdom,,1,0,1,2,AF,0.22588235294117648,,,Austria-Hungary (Austrian Empire),,2,1,2,2,WE,0.15857142857142856
200-31,31,200,1.3296642990296308,1.5565801064143783,42691,42691,0.3,0.7,0.84,,,,Bahamas,,4,0,3,3,LA,0.42,,,United Kingdom,,1,0,1,2,AF,0.22588235294117648
200-324,200,324,0.5923365124771789,0.5275342603804571,787319,787319,0,1,0,,,,United Kingdom,,1,0,1,2,AF,0.22588235294117648,,,Kingdom of Sardinia,,2,1,0,2,WE,0.052121212121212124
200-329,200,329,1.5603838656570694,2.0925535616292157,242773.64717108663,242773.64717108663,0,1,0,,,,United Kingdom,,1,0,1,2,AF,0.22588235294117648,,,Two Sicilies,,2,1,0,2,WE,0.6092307692307692
200-3349,200,3349,0.5315745744763243,0.4423685169081386,76736.51147071687,76736.51147071687,0,1,0,,,,United Kingdom,,1,0,1,2,AF,0.22588235294117648,,,Ionian Is.,,2,1,2,2,AF,0.19999999999999996
200-337,200,337,0.8870385053291542,0.8553008114854992,584469.802393543,584469.802393543,0,1,0,,,,United Kingdom,,1,0,1,2,AF,0.22588235294117648,,,Tuscany,,2,1,2,2,WE,0.2880000000000001
200-338,200,338,1.9464102592598111,3.351545474261751,14025,14025,0,1,0,,,,United Kingdom,,1,0,1,2,AF,0.22588235294117648,,,Malta,,2,1,2,2,AF,0.14399999999999996
200-350,200,350,0.8992315941198283,0.8635953960352544,24213.748956303923,24213.748956303923,0,1,0,,,,United Kingdom,,1,0,1,2,AF,0.22588235294117648,,,Greece,,2,1,2,1,WE,0.23692307692307685
200-365,200,365,1.1146768579228366,1.192241516601291,3517596.4570128396,3517596.4570128396,0,1,0,,,,United Kingdom,,1,0,1,2,AF,0.22588235294117648,,,Russia (USSR),,3,2,2,1,EESU,0.043199999999999995
200-380,200,380,0.48717914193843803,0.40177033898613623,153842.48897513174,153842.48897513174,0.1,0.9,0.36000000000000004,,,,United Kingdom,,1,0,1,2,AF,0.22588235294117648,,,Sweden,,3,2,4,4,WE,0.0432
200-451,200,451,1.961089521770168,3.4147140448810274,67012,67012,1,0,0,,,,United Kingdom,,1,0,1,2,AF,0.22588235294117648,,,Sierra Leone,,1,0,1,1,AF,0.42
200-54,54,200,1.9265967381353262,3.267741521422355,32589,32589,1,0,0,,,,Dominica,,1,0,1,1,LA,0.42,,,United Kingdom,,1,0,1,2,AF,0.22588235294117648
200-561,200,561,1.240037849327884,1.3830373610411557,574924,574924,0.6,0.4,0.96,,,,United Kingdom,,1,0,1,2,AF,0.22588235294117648,,,Cape Colony (Cape of Good Hope),,1,4,1,2,WE,0.37090909090909097
200-600,200,600,1.8609085938007985,3.002251346495722,521092.6006918214,521092.6006918214,1,0,0,,,,United Kingdom,,1,0,1,2,AF,0.22588235294117648,,,Morocco,,4,2,1,4,AF,0.13999999999999999
200-616,200,616,0.8343492428739145,0.7776507340794231,56456,56456,0,1,0,,,,United Kingdom,,1,0,1,2,AF,0.22588235294117648,,,Tunisia (Regency of Tunis),,2,1,2,2,AF,0.3661538461538462
200-640,200,640,0.8261710020065789,0.7817826512078817,296688.0044531033,296688.0044531033,0,1,0,,,,United Kingdom,,1,0,1,2,AF,0.22588235294117648,,,Turkey (Ottoman Empire),,2,1,2,2,WE,0.08999999999999998
200-651,200,651,1.1133145933651731,1.174532090844285,429595,429595,0,1,0,,,,United Kingdom,,1,0,1,2,AF,0.22588235294117648,,,Egypt Arab Republic (Egypt),,2,1,2,2,AF,0.1636363636363636
200-750,200,750,1.5588738649547218,2.034078056730118,2821707.1780979605,2821707.1780979605,0.9,0.09999999999999998,0.35999999999999993,,,,United Kingdom,,1,0,1,2,AF,0.22588235294117648,,,India,,1,3,1,3,WE,0.18260869565217389
200-840,200,840,1.2993162330483043,1.4967152181042296,272712.8145998171,272712.8145998171,0.9,0.09999999999999998,0.35999999999999993,,,,United Kingdom,,1,0,1,2,AF,0.22588235294117648,,,Philippines,,1,3,1,1,AS,0.3507692307692307
200-850,200,850,0.6840837167860194,0.6320443241615703,320742.7140073953,320742.7140073953,0,1,0,,,,United Kingdom,,1,0,1,2,AF,0.22588235294117648,,,Indonesia (Dutch East Indies),,1,2,5,4,AS,0.06
200-901,200,901,1.9743272779474248,3.4670483120649656,2200305,2200305,1,0,0,,,,United Kingdom,,1,0,1,2,AF,0.22588235294117648,,,New South Wales,,1,3,1,4,AS,0.43199999999999994
21-235,21,235,1.8942940130807622,13.118779566924493,19323.287344439585,19323.287344439585,0,1,0,,,,Newfoundland and Labrador (Newfoundland),,2,1,2,,NAM,0,,,Portugal,,3,1,1,3,WE,0.20869565217391303
21-337,21,337,1.9864393362241133,42.00354309339175,48507.017613613774,48507.017613613774,1,0,0,,,,Newfoundland and Labrador (Newfoundland),,2,1,2,,NAM,0,,,Tuscany,,2,1,2,2,WE,0.2880000000000001
210-211,210,211,1.7475149049212741,4.706139203337057,1477537.4338992485,258836.62677428333|1477537.4338992485,0,1,0,,,,Netherlands,,3,2,5,2,WE,0.03310344827586207,,,Belgium,,3,2,0,2,WE,0.041212121212121214
210-220,210,220,0.6882074879062674,0.5983953214151047,719891.853206632,588445.7874438392|719891.853206632,0,1,0,,,,Netherlands,,3,2,5,2,WE,0.03310344827586207,,,France,,0,0,0,2,WE,0.03017543859649123
210-230,210,230,0.4660071889479924,0.3415716344445885,77014.8304242376,77014.8304242376,0,1,0,,,,Netherlands,,3,2,5,2,WE,0.03310344827586207,,,Spain,,0,0,0,1,LA,0.037894736842105266
210-235,210,235,0.9543272454317386,0.9573137462499949,84131.84366426783,84131.84366426783|72203.88851337919,0,1,0,,,,Netherlands,,3,2,5,2,WE,0.03310344827586207,,,Portugal,,3,1,1,3,WE,0.20869565217391303
210-239,210,239,1.7777364577850507,6.247709559926548,469762.63369249733,469762.63369249733|403284.16365154466,0,1,0,,,,Netherlands,,3,2,5,2,WE,0.03310344827586207,,,Prussia,,3,2,4,4,EESU,0.08000000000000002
210-240,210,240,0.6012232340463693,0.4762596208135974,107868.4744145362,107868.4744145362,0,1,0,,,,Netherlands,,3,2,5,2,WE,0.03310344827586207,,,Hanover,,3,2,4,4,WE,0
210-246,210,246,0.9690766737718836,0.9831997500043839,40738.49787181527,40738.49787181527,0,1,0,,,,Netherlands,,3,2,5,2,WE,0.03310344827586207,,,Bremen,,4,0,3,1,AS,0.2168421052631579
210-248,210,248,1.0929850206726237,1.224975268787246,576279.2731899328,576279.2731899328|391533.57941926207,0,1,0,,,,Netherlands,,3,2,5,2,WE,0.03310344827586207,,,Hamburg,,3,2,4,1,AS,0.06514285714285716
210-276,210,276,1.8260252029099655,5.91131887638533,1905.4902012689276,1905.4902012689276,1,0,0,,,,Netherlands,,3,2,5,2,WE,0.03310344827586207,,,Lübeck,,3,2,5,1,AS,0
210-300,210,300,0.9564523179677626,0.9447672921112014,171404.71551826966,171404.71551826966|49739.5729792056,0,1,0,,,,Netherlands,,3,2,5,2,WE,0.03310344827586207,,,Austria-Hungary (Austrian Empire),,2,1,2,2,WE,0.15857142857142856
210-324,210,324,0.6470333875970484,0.5097403431564766,105443.12353385551,13915.947676036738|105443.12353385551,0,1,0,,,,Netherlands,,3,2,5,2,WE,0.03310344827586207,,,Kingdom of Sardinia,,2,1,0,2,WE,0.052121212121212124
210-327,210,327,0.10330266306711822,0.057025808343732165,1749.4334221303327,1749.4334221303327,0,1,0,,,,Netherlands,,3,2,5,2,WE,0.03310344827586207,,,Papal States,,2,1,2,2,WE,0.1818181818181818
210-329,210,329,0.21767683713169605,0.1401416241562934,29263.249970180113,29263.249970180113,0,1,0,,,,Netherlands,,3,2,5,2,WE,0.03310344827586207,,,Two Sicilies,,2,1,0,2,WE,0.6092307692307692
210-337,210,337,0.6928298690053003,0.5492241337020559,52019,47115.4228460101|52019,0,1,0,,,,Netherlands,,3,2,5,2,WE,0.03310344827586207,,,Tuscany,,2,1,2,2,WE,0.2880000000000001
210-350,210,350,0.2113387260327757,0.12277362489249743,477.1182060355453,477.1182060355453,0,1,0,,,,Netherlands,,3,2,5,2,WE,0.03310344827586207,,,Greece,,2,1,2,1,WE,0.23692307692307685
210-365,210,365,0.8751137154785342,0.8307797812715187,318306.6369313237,295853.047592541|318306.6369313237,0,1,0,,,,Netherlands,,3,2,5,2,WE,0.03310344827586207,,,Russia (USSR),,3,2,2,1,EESU,0.043199999999999995
210-380,210,380,0.8542367634140438,0.7942812543172124,38248.97618384955,38248.97618384955|18919.10607834855,0,1,0,,,,Netherlands,,3,2,5,2,WE,0.03310344827586207,,,Sweden,,3,2,4,4,WE,0.0432
210-385,210,385,1.3822600985706004,2.0750802165836526,272911.61385233194,272911.61385233194,0,1,0,,,,Netherlands,,3,2,5,2,WE,0.03310344827586207,,,Norway,,3,2,0,2,WE,0.030000000000000002
210-390,210,390,0.8506061903678472,0.7895298070239031,71885.8097093555,71885.8097093555,0,1,0,,,,Netherlands,,3,2,5,2,WE,0.03310344827586207,,,Denmark,,3,2,4,4,WE,0.060000000000000005
210-561,210,561,1.6355777129990203,3.8516673064096554,221919,221919,0.4,0.6,0.96,,,,Netherlands,,3,2,5,2,WE,0.03310344827586207,,,Cape Colony (Cape of Good Hope),,1,4,1,2,WE,0.37090909090909097
210-640,210,640,0.47341874142457896,0.3257908335833175,27036.698342014235,27036.698342014235|17136.49556677667,0,1,0,,,,Netherlands,,3,2,5,2,WE,0.03310344827586207,,,Turkey (Ottoman Empire),,2,1,2,2,WE,0.08999999999999998
210-68,68,210,1.9684341414651056,9.96679293830246,485905.13299669995,485905.13299669995,1,0,0,,,,Netherlands Antilles,,3,2,5,3,NAM,0,,,Netherlands,,3,2,5,2,WE,0.03310344827586207
210-710,210,710,0.27434654127807667,0.18215957651333825,44968.39091885014,44968.39091885014,0,1,0,,,,Netherlands,,3,2,5,2,WE,0.03310344827586207,,,People's Republic of China (China),,1,3,3,1,LA,0.27
210-840,210,840,0.002404395095928935,0.0012595028813567888,31.807880402369687,31.807880402369687,0,1,0,,,,Netherlands,,3,2,5,2,WE,0.03310344827586207,,,Philippines,,1,3,1,1,AS,0.3507692307692307
210-850,210,850,1.9736627120066612,18.245089256229,4597789.352312035,4597789.352312035|1283288.934833605,1,0,0,,,,Netherlands,,3,2,5,2,WE,0.03310344827586207,,,Indonesia (Dutch East Indies),,1,2,5,4,AS,0.06
211-212,211,212,,17.719186728833908,119371.11844459466,119371.11844459466,1,0,0,,,,Belgium,,3,2,0,2,WE,0.041212121212121214,,,Luxemburg,,3,2,0,4,WE,0
211-220,211,220,1.785816076700211,3.486758337754662,3033676.593376009,3033676.593376009|1585861.7549998013,1,0,0,,,,Belgium,,3,2,0,2,WE,0.041212121212121214,,,France,,0,0,0,2,WE,0.03017543859649123
211-230,211,230,0.5251347545462636,0.3866761855220723,57396.56474891654,57396.56474891654,1,0,0,,,,Belgium,,3,2,0,2,WE,0.041212121212121214,,,Spain,,0,0,0,1,LA,0.037894736842105266
211-235,211,235,0.863971934288296,0.79760251542613,46146.475289252914,46146.475289252914|8230.289054113156,0,1,0,,,,Belgium,,3,2,0,2,WE,0.041212121212121214,,,Portugal,,3,1,1,3,WE,0.20869565217391303
211-239,211,239,1.9247266713471316,13.583726257829076,760313.6257007674,760313.6257007674|712098.9225080514,0,1,0,,,,Belgium,,3,2,0,2,WE,0.041212121212121214,,,Prussia,,3,2,4,4,EESU,0.08000000000000002
211-246,211,246,0.22575045375294844,0.13883090167961076,3787,3787,0,1,0,,,,Belgium,,3,2,0,2,WE,0.041212121212121214,,,Bremen,,4,0,3,1,AS,0.2168421052631579
211-248,211,248,0.5512013634004213,0.4357485345943609,262892.1315255855,262892.1315255855|58099,0,1,0,,,,Belgium,,3,2,0,2,WE,0.041212121212121214,,,Hamburg,,3,2,4,1,AS,0.06514285714285716
211-276,211,276,0.15910779804965525,0.0942457455474236,20,20,0,1,0,,,,Belgium,,3,2,0,2,WE,0.041212121212121214,,,Lübeck,,3,2,5,1,AS,0
211-280,211,280,0.3649186372498009,0.2414233576892273,952.8845771539899,952.8845771539899,1,0,0,,,,Belgium,,3,2,0,2,WE,0.041212121212121214,,,Mecklenburg Schwerin,,0,2,0,4,WE,0
211-300,211,300,0.16593965502691266,0.10102522797240698,19747.763508409207,19747.763508409207|3339.827442248817,0,1,0,,,,Belgium,,3,2,0,2,WE,0.041212121212121214,,,Austria-Hungary (Austrian Empire),,2,1,2,2,WE,0.15857142857142856
211-324,211,324,0.05778146667108308,0.032660550620203344,5486.859369408771,5486.859369408771|2331.8754721482246,1,0,0,,,,Belgium,,3,2,0,2,WE,0.041212121212121214,,,Kingdom of Sardinia,,2,1,0,2,WE,0.052121212121212124
211-329,211,329,0.3941911343635105,0.26872046449092757,36940.43974394656,36940.43974394656,0.5,0.5,1,,,,Belgium,,3,2,0,2,WE,0.041212121212121214,,,Two Sicilies,,2,1,0,2,WE,0.6092307692307692
211-337,211,337,0.3574471158939897,0.2282869329896755,17560,17560,0.1,0.9,0.36000000000000004,,,,Belgium,,3,2,0,2,WE,0.041212121212121214,,,Tuscany,,2,1,2,2,WE,0.2880000000000001
211-365,211,365,1.1101117280696051,1.2610396849956025,295641.08782950975,295641.08782950975|69766.8231694402,0,1,0,,,,Belgium,,3,2,0,2,WE,0.041212121212121214,,,Russia (USSR),,3,2,2,1,EESU,0.043199999999999995
211-380,211,380,0.6165364959005908,0.476494694879239,15106,7008.553637492498|15106,0,1,0,,,,Belgium,,3,2,0,2,WE,0.041212121212121214,,,Sweden,,3,2,4,4,WE,0.0432
211-385,211,385,0.842010423314195,0.7650224401405659,66238,66238,1,0,0,,,,Belgium,,3,2,0,2,WE,0.041212121212121214,,,Norway,,3,2,0,2,WE,0.030000000000000002
211-390,211,390,0.8504923015847377,0.777068751426033,46577.90942706056,46577.90942706056,0,1,0,,,,Belgium,,3,2,0,2,WE,0.041212121212121214,,,Denmark,,3,2,4,4,WE,0.060000000000000005
211-40,40,211,1.1180391070728462,1.282501354666502,196723,196723,0,1,0,,,,Cuba,,4,0,3,2,WE,0.1666666666666667,,,Belgium,,3,2,0,2,WE,0.041212121212121214
211-41,41,211,1.6515961953184775,3.9592613873914813,194716.59178561487,194716.59178561487,1,0,0,,,,Haiti,,3,2,0,5,LA,0,,,Belgium,,3,2,0,2,WE,0.041212121212121214
211-6,6,211,1.6094319164810744,3.539653987244312,223574,223574,0,1,0,,,,Puerto Rico,,4,0,3,2,WE,0.07200000000000001,,,Belgium,,3,2,0,2,WE,0.041212121212121214
211-600,211,600,1.803597419068188,6.416358010387987,7366.466542085802,5645.89877142062|7366.466542085802,0,1,0,,,,Belgium,,3,2,0,2,WE,0.041212121212121214,,,Morocco,,4,2,1,4,AF,0.13999999999999999
211-640,211,640,0.08743650367782485,0.05076927338582393,6209.574172001114,6209.574172001114,0,1,0,,,,Belgium,,3,2,0,2,WE,0.041212121212121214,,,Turkey (Ottoman Empire),,2,1,2,2,WE,0.08999999999999998
211-651,211,651,0.31148843958737904,0.19150180045470055,7884.378354737386,3582.8794083734247|7884.378354737386,0,1,0,,,,Belgium,,3,2,0,2,WE,0.041212121212121214,,,Egypt Arab Republic (Egypt),,2,1,2,2,AF,0.1636363636363636
211-70,70,211,0.07296787065647503,0.041742001421372965,2553.894477356765,2553.894477356765,0,1,0,,,,Mexico,,4,0,3,2,WE,0,,,Belgium,,3,2,0,2,WE,0.041212121212121214
211-750,211,750,0.20542829882259772,0.1253671944709579,6470.5975905530595,6470.5975905530595,0,1,0,,,,Belgium,,3,2,0,2,WE,0.041212121212121214,,,India,,1,3,1,3,WE,0.18260869565217389
211-840,211,840,0.1399606675725118,0.07792990736459082,1598.3459902190768,1598.3459902190768,0,1,0,,,,Belgium,,3,2,0,2,WE,0.041212121212121214,,,Philippines,,1,3,1,1,AS,0.3507692307692307
211-850,211,850,0.18088015269091529,0.1078864523165578,19027.593336249054,6162.776827959127|19027.593336249054,0,1,0,,,,Belgium,,3,2,0,2,WE,0.041212121212121214,,,Indonesia (Dutch East Indies),,1,2,5,4,AS,0.06
220-225,220,225,1.8646549565404424,4.072390588609829,815076.9353107233,815076.9353107233,1,0,0,,,,France,,0,0,0,2,WE,0.03017543859649123,,,Switzerland,,2,1,0,2,WE,0.09000000000000001
220-230,220,230,1.60575180617635,10.269192127771058,1355810.902151008,1355810.902151008|356248.2605065405,1,0,0,,,,France,,0,0,0,2,WE,0.03017543859649123,,,Spain,,0,0,0,1,LA,0.037894736842105266
220-235,220,235,0.48696794419176226,0.3526616358048985,107470.87590950658,43735.83555325832|107470.87590950658,0,1,0,,,,France,,0,0,0,2,WE,0.03017543859649123,,,Portugal,,3,1,1,3,WE,0.20869565217391303
220-239,220,239,1.3846785842329656,2.080258279517923,342175.6831164012,338734.0463599857|342175.6831164012,0,1,0,,,,France,,0,0,0,2,WE,0.03017543859649123,,,Prussia,,3,2,4,4,EESU,0.08000000000000002
220-240,220,240,0.01707305084533428,0.012414012232080829,6316.1362513276945,6316.1362513276945,0,1,0,,,,France,,0,0,0,2,WE,0.03017543859649123,,,Hanover,,3,2,4,4,WE,0
220-246,220,246,0.8472068406198316,0.759449080799993,136137.72812214226,136137.72812214226|33424,0,1,0,,,,France,,0,0,0,2,WE,0.03017543859649123,,,Bremen,,4,0,3,1,AS,0.2168421052631579
220-248,220,248,0.7342965718240578,0.714117210259124,1019641.3661484633,1019641.3661484633|512743,0,1,0,,,,France,,0,0,0,2,WE,0.03017543859649123,,,Hamburg,,3,2,4,1,AS,0.06514285714285716
220-276,220,276,0.3096803180754012,0.24581542041662063,178,178,0,1,0,,,,France,,0,0,0,2,WE,0.03017543859649123,,,Lübeck,,3,2,5,1,AS,0
220-280,220,280,1.9476324593853462,4.723469069863031,63615.76080473937,63615.76080473937,1,0,0,,,,France,,0,0,0,2,WE,0.03017543859649123,,,Mecklenburg Schwerin,,0,2,0,4,WE,0
220-300,220,300,1.1063849618735861,1.2994827544923042,866764.7409645739,866764.7409645739|287781.7979404397,0,1,0,,,,France,,0,0,0,2,WE,0.03017543859649123,,,Austria-Hungary (Austrian Empire),,2,1,2,2,WE,0.15857142857142856
220-324,220,324,1.940337250856415,4.611130219775227,2898493.101665938,2898493.101665938|1210488.6485626814,1,0,0,,,,France,,0,0,0,2,WE,0.03017543859649123,,,Kingdom of Sardinia,,2,1,0,2,WE,0.052121212121212124
220-327,220,327,1.3666851438803767,1.9358784031467626,149815,149815,0,1,0,,,,France,,0,0,0,2,WE,0.03017543859649123,,,Papal States,,2,1,2,2,WE,0.1818181818181818
220-329,220,329,1.6232546985740375,3.2845340097509603,620253.6678462089,620253.6678462089|133235.25903542602,0.5,0.5,1,,,,France,,0,0,0,2,WE,0.03017543859649123,,,Two Sicilies,,2,1,0,2,WE,0.6092307692307692
220-3349,220,3349,0.4051503792586113,0.27533140087301833,16699.137211244088,16699.137211244088,0,1,0,,,,France,,0,0,0,2,WE,0.03017543859649123,,,Ionian Is.,,2,1,2,2,AF,0.19999999999999996
220-337,220,337,1.5185819615145555,2.375282363780171,592421.7724941354,592421.7724941354|333982.7442248817,0.1,0.9,0.36000000000000004,,,,France,,0,0,0,2,WE,0.03017543859649123,,,Tuscany,,2,1,2,2,WE,0.2880000000000001
220-350,220,350,0.13013955119114662,0.09656533802966649,7951.970100592422,7951.970100592422|159.03940201184844,0,1,0,,,,France,,0,0,0,2,WE,0.03017543859649123,,,Greece,,2,1,2,1,WE,0.23692307692307685
220-365,220,365,1.2137932753903113,1.5158837834450507,1426672.5174711524,1212675.4403403443|1426672.5174711524,0,1,0,,,,France,,0,0,0,2,WE,0.03017543859649123,,,Russia (USSR),,3,2,2,1,EESU,0.043199999999999995
220-380,220,380,1.2668489449913374,1.653953168371551,178919.3272633295,178919.3272633295|23801.161167306156,0,1,0,,,,France,,0,0,0,2,WE,0.03017543859649123,,,Sweden,,3,2,4,4,WE,0.0432
220-385,220,385,1.275221474126449,1.6687479834986387,493022.14623673016,493022.14623673016,1,0,0,,,,France,,0,0,0,2,WE,0.03017543859649123,,,Norway,,3,2,0,2,WE,0.030000000000000002
220-390,220,390,0.8408189273457742,0.8553310432284239,174943.3422130333,174943.3422130333,0,1,0,,,,France,,0,0,0,2,WE,0.03017543859649123,,,Denmark,,3,2,4,4,WE,0.060000000000000005
220-40,40,220,0.32712686496152954,0.26666411782750243,139574,139574,0,1,0,,,,Cuba,,4,0,3,2,WE,0.1666666666666667,,,France,,0,0,0,2,WE,0.03017543859649123
220-41,41,220,1.003268526057393,1.1135537334858023,186871.2973639219,186871.2973639219,1,0,0,,,,Haiti,,3,2,0,5,LA,0,,,France,,0,0,0,2,WE,0.03017543859649123
220-433,220,433,,5.192794633476142,111327.5814082939,111327.5814082939,1,0,0,,,,France,,0,0,0,2,WE,0.03017543859649123,,,Senegal,,0,0,0,2,AF,0
220-5,5,220,0.45728451739724185,0.3870037702079919,19879.925251481054,19879.925251481054,0,1,0,,,,Virgin Islands (Danish West Indies),,4,0,3,3,LA,0,,,France,,0,0,0,2,WE,0.03017543859649123
220-561,220,561,0.777341178388112,0.7637609842927027,4738,4738|3373,0,1,0,,,,France,,0,0,0,2,WE,0.03017543859649123,,,Cape Colony (Cape of Good Hope),,1,4,1,2,WE,0.37090909090909097
220-585,220,585,1.9978666917650751,5.171933698760709,663989.5033994672,663989.5033994672,1,0,0,,,,France,,0,0,0,2,WE,0.03017543859649123,,,Reunion (Bourbon I.),,0,0,0,1,AS,0
220-590,220,590,0.4931124498257754,0.4234328177167036,4578,4578,0,1,0,,,,France,,0,0,0,2,WE,0.03017543859649123,,,Mauritius,,1,4,1,2,WE,0.32
220-6,6,220,0.7551569556841747,0.7359795940318791,158624,158624,0,1,0,,,,Puerto Rico,,4,0,3,2,WE,0.07200000000000001,,,France,,0,0,0,2,WE,0.03017543859649123
220-600,220,600,1.1780403609612846,1.3732440155549404,83336.64665420858,83336.64665420858,0,1,0,,,,France,,0,0,0,2,WE,0.03017543859649123,,,Morocco,,4,2,1,4,AF,0.13999999999999999
220-615,220,615,1.818486782402826,10.269192127771058,1279988.8672418592,71567.7309053318|1279988.8672418592,1,0,0,,,,France,,0,0,0,2,WE,0.03017543859649123,,,Algeria (Regency of Algiers),,0,1,0,2,WE,0.24000000000000002
220-616,220,616,1.3743271509307207,1.9642479712819525,49858.85253071449,49858.85253071449,0.1,0.9,0.36000000000000004,,,,France,,0,0,0,2,WE,0.03017543859649123,,,Tunisia (Regency of Tunis),,2,1,2,2,AF,0.3661538461538462
220-640,220,640,1.3443089256791745,1.838647785498867,767365.1147071687,767365.1147071687|77929.30698580573,0,1,0,,,,France,,0,0,0,2,WE,0.03017543859649123,,,Turkey (Ottoman Empire),,2,1,2,2,WE,0.08999999999999998
220-65,65,220,1.9745035824826367,4.949977810812661,827004.8904616119,827004.8904616119,1,0,0,,,,Guadeloupe,,0,0,0,3,NAM,0,,,France,,0,0,0,2,WE,0.03017543859649123
220-651,220,651,1.1856172454424758,1.39416744828187,178291.1216253827,99399.62625740527|178291.1216253827,0,1,0,,,,France,,0,0,0,2,WE,0.03017543859649123,,,Egypt Arab Republic (Egypt),,2,1,2,2,AF,0.1636363636363636
220-66,66,220,1.9739541141655172,4.946942943184524,592421.7724941354,592421.7724941354,1,0,0,,,,Martinique,,0,0,0,3,NAM,0,,,France,,0,0,0,2,WE,0.03017543859649123
220-7,7,220,0.15457148426544964,0.11540674102893356,1442.269086872155,1442.269086872155,0,1,0,,,,Texas,,4,0,3,3,NAM,0,,,France,,0,0,0,2,WE,0.03017543859649123
220-70,70,220,0.7261766281483064,0.6977427793650707,145669.17777408767,145669.17777408767,0,1,0,,,,Mexico,,4,0,3,2,WE,0,,,France,,0,0,0,2,WE,0.03017543859649123
220-750,220,750,1.9787895354850367,4.989234242124149,878692.6961154626,878692.6961154626|29903.14188513108,0,1,0,,,,France,,0,0,0,2,WE,0.03017543859649123,,,India,,1,3,1,3,WE,0.18260869565217389
220-751,220,751,1.9179075019901586,4.4840496835279255,43735.83555325832,43735.83555325832,1,0,0,,,,France,,0,0,0,2,WE,0.03017543859649123,,,French India,,0,0,0,1,AS,0
220-840,220,840,0.9819779064644988,0.9692980597530325,61751.02381615045,61751.02381615045,0,1,0,,,,France,,0,0,0,2,WE,0.03017543859649123,,,Philippines,,1,3,1,1,AS,0.3507692307692307
220-850,220,850,0.22290762754858628,0.155175864482615,166991.37211244085,166991.37211244085|25724.623275416485,0,1,0,,,,France,,0,0,0,2,WE,0.03017543859649123,,,Indonesia (Dutch East Indies),,1,2,5,4,AS,0.06
220-90,90,220,1.4598234261188459,2.1956848344508,21205.25360157979,21205.25360157979,1,0,0,,,,Guatemala,,2,1,0,2,WE,0,,,France,,0,0,0,2,WE,0.03017543859649123
225-324,225,324,1.2439069939513103,1.6358361224152025,63218.16229970975,63218.16229970975,1,0,0,,,,Switzerland,,2,1,0,2,WE,0.09000000000000001,,,Kingdom of Sardinia,,2,1,0,2,WE,0.052121212121212124
225-337,225,337,1.7402126048029531,5.954501548124057,105363.60383284959,105363.60383284959,0.1,0.9,0.36000000000000004,,,,Switzerland,,2,1,0,2,WE,0.09000000000000001,,,Tuscany,,2,1,2,2,WE,0.2880000000000001
230-235,230,235,0.18830885902123096,0.10859836183935367,6202.536678462089,6202.536678462089,0,1,0,,,,Spain,,0,0,0,1,LA,0.037894736842105266,,,Portugal,,3,1,1,3,WE,0.20869565217391303
230-248,230,248,0.31554616512067646,0.22007244659119074,77293.14937775834,77293.14937775834,0,1,0,,,,Spain,,0,0,0,1,LA,0.037894736842105266,,,Hamburg,,3,2,4,1,AS,0.06514285714285716
230-300,230,300,1.145073785708291,1.348885433838635,115701.16496361974,115701.16496361974,0,1,0,,,,Spain,,0,0,0,1,LA,0.037894736842105266,,,Austria-Hungary (Austrian Empire),,2,1,2,2,WE,0.15857142857142856
230-324,230,324,1.3217917309592824,1.89450891435015,185280.90334380342,185280.90334380342,1,0,0,,,,Spain,,0,0,0,1,LA,0.037894736842105266,,,Kingdom of Sardinia,,2,1,0,2,WE,0.052121212121212124
230-327,230,327,0.7506654092694063,0.60856503622183,8826.686811657588,8826.686811657588,0,1,0,,,,Spain,,0,0,0,1,LA,0.037894736842105266,,,Papal States,,2,1,2,2,WE,0.1818181818181818
230-337,230,337,0.5116557690473459,0.35516290259873806,15903.940201184843,15903.940201184843,0.1,0.9,0.36000000000000004,,,,Spain,,0,0,0,1,LA,0.037894736842105266,,,Tuscany,,2,1,2,2,WE,0.2880000000000001
230-365,230,365,0.5151338885813608,0.3805719090064208,73578.75703821663,73578.75703821663,0,1,0,,,,Spain,,0,0,0,1,LA,0.037894736842105266,,,Russia (USSR),,3,2,2,1,EESU,0.043199999999999995
230-380,230,380,0.7401405903005563,0.5966184795843308,14970.25062596957,14970.25062596957,0,1,0,,,,Spain,,0,0,0,1,LA,0.037894736842105266,,,Sweden,,3,2,4,4,WE,0.0432
230-561,230,561,0.0023505068608759005,0.0012114443521566987,33,33,0,1,0,,,,Spain,,0,0,0,1,LA,0.037894736842105266,,,Cape Colony (Cape of Good Hope),,1,4,1,2,WE,0.37090909090909097
230-600,230,600,0.8780354791954939,0.7865484123142953,8945.966363166475,8945.966363166475,0,1,0,,,,Spain,,0,0,0,1,LA,0.037894736842105266,,,Morocco,,4,2,1,4,AF,0.13999999999999999
230-616,230,616,0.5053630017736619,0.34266451850122714,1630.1538706214465,1630.1538706214465,0.1,0.9,0.36000000000000004,,,,Spain,,0,0,0,1,LA,0.037894736842105266,,,Tunisia (Regency of Tunis),,2,1,2,2,AF,0.3661538461538462
230-840,230,840,1.5313189188573384,3.112219390679439,37159.556280068384,37159.556280068384,0,1,0,,,,Spain,,0,0,0,1,LA,0.037894736842105266,,,Philippines,,1,3,1,1,AS,0.3507692307692307
230-850,230,850,0.04910801294746303,0.027034384334664652,899,899,0,1,0,,,,Spain,,0,0,0,1,LA,0.037894736842105266,,,Indonesia (Dutch East Indies),,1,2,5,4,AS,0.06
231-300,231,300,1.993971844150725,27.902780414854288,547257.6915047985,547257.6915047985,1,0,0,,,,Gibraltar,,2,1,2,4,WE,0,,,Austria-Hungary (Austrian Empire),,2,1,2,2,WE,0.15857142857142856
231-324,231,324,1.3692427571976882,2.1170487990963873,47342,47342,0,1,0,,,,Gibraltar,,2,1,2,4,WE,0,,,Kingdom of Sardinia,,2,1,0,2,WE,0.052121212121212124
235-239,235,239,0.24810590106300479,0.15226020465299184,24571.587610830582,24571.587610830582,0.1,0.9,0.36000000000000004,,,,Portugal,,3,1,1,3,WE,0.20869565217391303,,,Prussia,,3,2,4,4,EESU,0.08000000000000002
235-246,235,246,0.4044443605962673,0.2601985947762946,2731,2731,0.3,0.7,0.84,,,,Portugal,,3,1,1,3,WE,0.20869565217391303,,,Bremen,,4,0,3,1,AS,0.2168421052631579
235-248,235,248,0.8390088607230053,0.7375619736986365,63576.00095423641,63576.00095423641|59716.41302532703,0.1,0.9,0.36000000000000004,,,,Portugal,,3,1,1,3,WE,0.20869565217391303,,,Hamburg,,3,2,4,1,AS,0.06514285714285716
235-276,235,276,0.28639702075525153,0.1714558082154276,14,14,0,1,0,,,,Portugal,,3,1,1,3,WE,0.20869565217391303,,,Lübeck,,3,2,5,1,AS,0
235-300,235,300,1.363330525515093,2.0978146370118145,70136.37628722517,70136.37628722517|6679.654884497635,0,1,0,,,,Portugal,,3,1,1,3,WE,0.20869565217391303,,,Austria-Hungary (Austrian Empire),,2,1,2,2,WE,0.15857142857142856
235-324,235,324,1.4068011605309285,2.286323818768913,87153.59230249294,87153.59230249294|57651.783229295055,0,1,0,,,,Portugal,,3,1,1,3,WE,0.20869565217391303,,,Kingdom of Sardinia,,2,1,0,2,WE,0.052121212121212124
235-337,235,337,0.08447385943564023,0.045560035682450484,795.1970100592422,795.1970100592422,0,1,0,,,,Portugal,,3,1,1,3,WE,0.20869565217391303,,,Tuscany,,2,1,2,2,WE,0.2880000000000001
235-365,235,365,1.629007998198899,3.546036447859951,267222.1530869256,143214.98151166952|267222.1530869256,0,1,0,,,,Portugal,,3,1,1,3,WE,0.20869565217391303,,,Russia (USSR),,3,2,2,1,EESU,0.043199999999999995
235-380,235,380,1.2995636395506809,1.8365558040753487,17961.807786862737,17961.807786862737|13874,0.1,0.9,0.36000000000000004,,,,Portugal,,3,1,1,3,WE,0.20869565217391303,,,Sweden,,3,2,4,4,WE,0.0432
235-385,235,385,1.3015258739893634,1.8260209016833673,60834,60834,0,1,0,,,,Portugal,,3,1,1,3,WE,0.20869565217391303,,,Norway,,3,2,0,2,WE,0.030000000000000002
235-390,235,390,1.1270797965180184,1.2894906602549971,29740.36817621566,29740.36817621566,0.1,0.9,0.36000000000000004,,,,Portugal,,3,1,1,3,WE,0.20869565217391303,,,Denmark,,3,2,4,4,WE,0.060000000000000005
235-561,235,561,0.005168156595086404,0.0026371450365978433,28,28,0.6,0.4,0.96,,,,Portugal,,3,1,1,3,WE,0.20869565217391303,,,Cape Colony (Cape of Good Hope),,1,4,1,2,WE,0.37090909090909097
235-600,235,600,0.9695745609580093,0.9417132787298411,4174.784302811022,4174.784302811022,1,0,0,,,,Portugal,,3,1,1,3,WE,0.20869565217391303,,,Morocco,,4,2,1,4,AF,0.13999999999999999
235-750,235,750,0.3996991346061942,0.25951347666727353,9195,9195,0.9,0.09999999999999998,0.35999999999999993,,,,Portugal,,3,1,1,3,WE,0.20869565217391303,,,India,,1,3,1,3,WE,0.18260869565217389
235-850,235,850,0.08372966960065975,0.046367931104083215,601,601,0,1,0,,,,Portugal,,3,1,1,3,WE,0.20869565217391303,,,Indonesia (Dutch East Indies),,1,2,5,4,AS,0.06
239-248,239,248,1.901511308410954,5.20957400603851,5169854.081348654,5169854.081348654,1,0,0,,,,Prussia,,3,2,4,4,EESU,0.08000000000000002,,,Hamburg,,3,2,4,1,AS,0.06514285714285716
239-365,239,365,1.078161228851696,1.1794530702570711,644313.3430846742,644313.3430846742,0,1,0,,,,Prussia,,3,2,4,4,EESU,0.08000000000000002,,,Russia (USSR),,3,2,2,1,EESU,0.043199999999999995
239-380,239,380,0.19721896314327247,0.11616603575112505,8235.923061558946,8235.923061558946,1,0,0,,,,Prussia,,3,2,4,4,EESU,0.08000000000000002,,,Sweden,,3,2,4,4,WE,0.0432
240-248,240,248,1.9844365650283426,7.087044722235541,2500337.958729275,2500337.958729275,1,0,0,,,,Hanover,,3,2,4,4,WE,0,,,Hamburg,,3,2,4,1,AS,0.06514285714285716
240-380,240,380,1.0432792917998566,1.0919958049113727,27524,27524,1,0,0,,,,Hanover,,3,2,4,4,WE,0,,,Sweden,,3,2,4,4,WE,0.0432
246-248,246,248,1.436842242248598,2.1530805625182396,138965.27730233374,138965.27730233374,0,1,0,,,,Bremen,,4,0,3,1,AS,0.2168421052631579,,,Hamburg,,3,2,4,1,AS,0.06514285714285716
246-300,246,300,0.024864718056865076,0.013385947028421996,211,211,0,1,0,,,,Bremen,,4,0,3,1,AS,0.2168421052631579,,,Austria-Hungary (Austrian Empire),,2,1,2,2,WE,0.15857142857142856
246-324,246,324,0.0024990214518324505,0.0013353851702940789,24,24,0,1,0,,,,Bremen,,4,0,3,1,AS,0.2168421052631579,,,Kingdom of Sardinia,,2,1,0,2,WE,0.052121212121212124
246-365,246,365,1.4864861363043018,2.5947894359621033,92191,92191,0,1,0,,,,Bremen,,4,0,3,1,AS,0.2168421052631579,,,Russia (USSR),,3,2,2,1,EESU,0.043199999999999995
246-380,246,380,1.6724901801772432,4.87087175708322,22460,22460,0,1,0,,,,Bremen,,4,0,3,1,AS,0.2168421052631579,,,Sweden,,3,2,4,4,WE,0.0432
246-40,40,246,1.8238251855156005,8.124680140419805,282071,282071,1,0,0,,,,Cuba,,4,0,3,2,WE,0.1666666666666667,,,Bremen,,4,0,3,1,AS,0.2168421052631579
246-5,5,246,1.880718279763177,13.051641075735574,44471,44471,1,0,0,,,,Virgin Islands (Danish West Indies),,4,0,3,3,LA,0,,,Bremen,,4,0,3,1,AS,0.2168421052631579
246-6,6,246,1.94768051768255,22.423783192317476,320571,320571,1,0,0,,,,Puerto Rico,,4,0,3,2,WE,0.07200000000000001,,,Bremen,,4,0,3,1,AS,0.2168421052631579
246-640,246,640,0.7817064772224813,0.6544821763193369,2991,2991,0,1,0,,,,Bremen,,4,0,3,1,AS,0.2168421052631579,,,Turkey (Ottoman Empire),,2,1,2,2,WE,0.08999999999999998
246-840,246,840,0.9474170256229515,0.9019340703865821,1979,1979,0.4,0.6,0.96,,,,Bremen,,4,0,3,1,AS,0.2168421052631579,,,Philippines,,1,3,1,1,AS,0.3507692307692307
246-850,246,850,0.9747596332028511,0.9899253445947281,6049.4562172096985,6049.4562172096985,0,1,0,,,,Bremen,,4,0,3,1,AS,0.2168421052631579,,,Indonesia (Dutch East Indies),,1,2,5,4,AS,0.06
248-276,248,276,0.661491932643886,0.5451300191781473,273.71915903960144,273.71915903960144,0,1,0,,,,Hamburg,,3,2,4,1,AS,0.06514285714285716,,,Lübeck,,3,2,5,1,AS,0
248-300,248,300,0.8915360726439104,0.8521673942378499,394139.3980358634,394139.3980358634|3246,0,1,0,,,,Hamburg,,3,2,4,1,AS,0.06514285714285716,,,Austria-Hungary (Austrian Empire),,2,1,2,2,WE,0.15857142857142856
248-324,248,324,0.02847040261187983,0.017605280458584782,7673.651147071687,7673.651147071687|373,0,1,0,,,,Hamburg,,3,2,4,1,AS,0.06514285714285716,,,Kingdom of Sardinia,,2,1,0,2,WE,0.052121212121212124
248-329,248,329,0.21246148371828244,0.14118499740207957,45922.627330921234,45922.627330921234,0,1,0,,,,Hamburg,,3,2,4,1,AS,0.06514285714285716,,,Two Sicilies,,2,1,0,2,WE,0.6092307692307692
248-337,248,337,0.23383020690521672,0.15564078933780112,26917.418790505348,26917.418790505348,0,1,0,,,,Hamburg,,3,2,4,1,AS,0.06514285714285716,,,Tuscany,,2,1,2,2,WE,0.2880000000000001
248-365,248,365,1.7885497860126622,5.160123695491842,1414246,36539.30261222218|1414246,0,1,0,,,,Hamburg,,3,2,4,1,AS,0.06514285714285716,,,Russia (USSR),,3,2,2,1,EESU,0.043199999999999995
248-380,248,380,1.8640948685745502,9.686530154420804,344548,15417|344548,1,0,0,,,,Hamburg,,3,2,4,1,AS,0.06514285714285716,,,Sweden,,3,2,4,4,WE,0.0432
248-385,248,385,0.44679435729477823,0.3299766632255072,67601,67601,0,1,0,,,,Hamburg,,3,2,4,1,AS,0.06514285714285716,,,Norway,,3,2,0,2,WE,0.030000000000000002
248-390,248,390,1.6780867690729888,3.354846309612616,475806.13096894755,475806.13096894755,1,0,0,,,,Hamburg,,3,2,4,1,AS,0.06514285714285716,,,Denmark,,3,2,4,4,WE,0.060000000000000005
248-41,41,248,1.244566823321582,1.5488338074375005,180231.40232992725,180231.40232992725,0,1,0,,,,Haiti,,3,2,0,5,LA,0,,,Hamburg,,3,2,4,1,AS,0.06514285714285716
248-561,248,561,0.8202547119578367,0.703114786220535,27151,27151,0,1,0,,,,Hamburg,,3,2,4,1,AS,0.06514285714285716,,,Cape Colony (Cape of Good Hope),,1,4,1,2,WE,0.37090909090909097
248-640,248,640,1.1288455411690763,1.3019005355359927,45896,32722.356963937815|45896,0,1,0,,,,Hamburg,,3,2,4,1,AS,0.06514285714285716,,,Turkey (Ottoman Empire),,2,1,2,2,WE,0.08999999999999998
248-70,70,248,0.1893320979649511,0.12331745293971985,17852.172875829987,17852.172875829987,0,1,0,,,,Mexico,,4,0,3,2,WE,0,,,Hamburg,,3,2,4,1,AS,0.06514285714285716
248-710,248,710,0.14929559457047714,0.09681513715000112,37229,37229,0,1,0,,,,Hamburg,,3,2,4,1,AS,0.06514285714285716,,,People's Republic of China (China),,1,3,3,1,LA,0.27
248-815,248,815,1.255177403222569,1.58116809421264,9567,9567,0,1,0,,,,Hamburg,,3,2,4,1,AS,0.06514285714285716,,,Vietnam,,1,3,1,1,AS,0
248-840,248,840,1.295007121529072,1.7938285522062642,30362,30362,0,1,0,,,,Hamburg,,3,2,4,1,AS,0.06514285714285716,,,Philippines,,1,3,1,1,AS,0.3507692307692307
248-850,248,850,0.5022018144783943,0.3583341162632254,16891.977522999437,16891.977522999437,0,1,0,,,,Hamburg,,3,2,4,1,AS,0.06514285714285716,,,Indonesia (Dutch East Indies),,1,2,5,4,AS,0.06
276-300,276,300,0.015271679536840277,0.008154692069657021,1,1,0,1,0,,,,Lübeck,,3,2,5,1,AS,0,,,Austria-Hungary (Austrian Empire),,2,1,2,2,WE,0.15857142857142856
276-324,276,324,0,,0,0,0,1,0,,,,Lübeck,,3,2,5,1,AS,0,,,Kingdom of Sardinia,,2,1,0,2,WE,0.052121212121212124
276-365,276,365,1.2943155618210198,1.7763805401419899,491,491,0,1,0,,,,Lübeck,,3,2,5,1,AS,0,,,Russia (USSR),,3,2,2,1,EESU,0.043199999999999995
276-380,276,380,1.5433671348003966,3.3173005775837425,119,119,0,1,0,,,,Lübeck,,3,2,5,1,AS,0,,,Sweden,,3,2,4,4,WE,0.0432
276-640,276,640,0.5847841695535472,0.4219039479522746,15,15,0,1,0,,,,Lübeck,,3,2,5,1,AS,0,,,Turkey (Ottoman Empire),,2,1,2,2,WE,0.08999999999999998
276-840,276,840,0.7373553794096982,0.5858277203576338,10,10,0,1,0,,,,Lübeck,,3,2,5,1,AS,0,,,Philippines,,1,3,1,1,AS,0.3507692307692307
280-380,280,380,1.7922539828068078,8.045584480688612,5368,5368,0,1,0,,,,Mecklenburg Schwerin,,0,2,0,4,WE,0,,,Sweden,,3,2,4,4,WE,0.0432
2901-365,365,2901,,13.60399742263102,139681.78124492118,139681.78124492118,1,0,0,,,,Russia (USSR),,3,2,2,1,EESU,0.043199999999999995,,,Congress Poland,,3,2,2,1,EESU,0
300-324,300,324,1.489164562772046,2.6744189864184826,344439.5849071608,344439.5849071608|56975.8657707447,0,1,0,,,,Austria-Hungary (Austrian Empire),,2,1,2,2,WE,0.15857142857142856,,,Kingdom of Sardinia,,2,1,0,2,WE,0.052121212121212124
300-327,300,327,1.943356119604915,17.7709113414505,339429.84374378755,245198.99805176735|339429.84374378755,1,0,0,,,,Austria-Hungary (Austrian Empire),,2,1,2,2,WE,0.15857142857142856,,,Papal States,,2,1,2,2,WE,0.1818181818181818
300-329,300,329,1.852287617728185,8.39367778219212,666772.6929346747,666772.6929346747,0.5,0.5,1,,,,Austria-Hungary (Austrian Empire),,2,1,2,2,WE,0.15857142857142856,,,Two Sicilies,,2,1,0,2,WE,0.6092307692307692
300-3349,300,3349,1.9803922145261614,23.63670308920685,173696.66089379767,113315.573933442|173696.66089379767,0.9,0.09999999999999998,0.35999999999999993,,,,Austria-Hungary (Austrian Empire),,2,1,2,2,WE,0.15857142857142856,,,Ionian Is.,,2,1,2,2,AF,0.19999999999999996
300-337,300,337,1.5546641567885944,3.2026657167822186,188859.28988907003,28309.01355810902|188859.28988907003,0.8,0.19999999999999996,0.6399999999999999,,,,Austria-Hungary (Austrian Empire),,2,1,2,2,WE,0.15857142857142856,,,Tuscany,,2,1,2,2,WE,0.2880000000000001
300-338,300,338,0.8263156099064062,0.7286812841380729,1614.2856181877394,1614.2856181877394,0.9,0.09999999999999998,0.35999999999999993,,,,Austria-Hungary (Austrian Empire),,2,1,2,2,WE,0.15857142857142856,,,Malta,,2,1,2,2,AF,0.14399999999999996
300-350,300,350,1.947235470497851,19.6206686903772,234463.83841596756,234463.83841596756|47473.261500536755,1,0,0,,,,Austria-Hungary (Austrian Empire),,2,1,2,2,WE,0.15857142857142856,,,Greece,,2,1,2,1,WE,0.23692307692307685
300-365,300,365,1.353781779779975,1.950216646356298,496533.07329757843,496533.07329757843|171166.1564152519,0.9,0.09999999999999998,0.35999999999999993,,,,Austria-Hungary (Austrian Empire),,2,1,2,2,WE,0.15857142857142856,,,Russia (USSR),,3,2,2,1,EESU,0.043199999999999995
300-380,300,380,0.6899668160028347,0.5493574582579768,10064,10064,0,1,0,,,,Austria-Hungary (Austrian Empire),,2,1,2,2,WE,0.15857142857142856,,,Sweden,,3,2,4,4,WE,0.0432
300-385,300,385,0.9220056925476916,0.8819765039383551,44128,44128,0,1,0,,,,Austria-Hungary (Austrian Empire),,2,1,2,2,WE,0.15857142857142856,,,Norway,,3,2,0,2,WE,0.030000000000000002
300-41,41,300,1.1699911151048021,1.4214299877782088,40396.008111009505,40396.008111009505,0,1,0,,,,Haiti,,3,2,0,5,LA,0,,,Austria-Hungary (Austrian Empire),,2,1,2,2,WE,0.15857142857142856
300-616,300,616,1.14698037764249,1.3327692723305036,8349.568605622044,8349.568605622044,0.8,0.19999999999999996,0.6399999999999999,,,,Austria-Hungary (Austrian Empire),,2,1,2,2,WE,0.15857142857142856,,,Tunisia (Regency of Tunis),,2,1,2,2,AF,0.3661538461538462
300-640,300,640,1.8007414590311606,7.283264762356681,238519.3431672697,238519.3431672697|3290.066797035502,0.9,0.09999999999999998,0.35999999999999993,,,,Austria-Hungary (Austrian Empire),,2,1,2,2,WE,0.15857142857142856,,,Turkey (Ottoman Empire),,2,1,2,2,WE,0.08999999999999998
300-651,300,651,1.9458509848530159,16.517916233080538,290207.14882112044,290207.14882112044|200520.8540415888,0.9,0.09999999999999998,0.35999999999999993,,,,Austria-Hungary (Austrian Empire),,2,1,2,2,WE,0.15857142857142856,,,Egypt Arab Republic (Egypt),,2,1,2,2,AF,0.1636363636363636
300-652,300,652,1.9589946168326968,18.99593873668058,68173,68173,1,0,0,,,,Austria-Hungary (Austrian Empire),,2,1,2,2,WE,0.15857142857142856,,,Syria,,2,1,2,2,WE,0.26999999999999996
300-70,70,300,0.9094422491733845,0.8603047188285432,30416.285634766013,30416.285634766013,0,1,0,,,,Mexico,,4,0,3,2,WE,0,,,Austria-Hungary (Austrian Empire),,2,1,2,2,WE,0.15857142857142856
324-327,324,327,1.7820184384919662,6.854125092255072,123374.81611069142,81825.77233509602|123374.81611069142,0,1,0,,,,Kingdom of Sardinia,,2,1,0,2,WE,0.052121212121212124,,,Papal States,,2,1,2,2,WE,0.1818181818181818
324-329,324,329,1.8462005943201172,7.908721173798273,716313.4666613654,716313.4666613654,0.5,0.5,1,,,,Kingdom of Sardinia,,2,1,0,2,WE,0.052121212121212124,,,Two Sicilies,,2,1,0,2,WE,0.6092307692307692
324-3349,324,3349,0.8350642808824877,0.7417630977217136,6215,397.5985050296211|6215,0,1,0,,,,Kingdom of Sardinia,,2,1,0,2,WE,0.052121212121212124,,,Ionian Is.,,2,1,2,2,AF,0.19999999999999996
324-337,324,337,1.7475442238905137,5.583615045532202,268895.86895153276,59639.775754443166|268895.86895153276,0.1,0.9,0.36000000000000004,,,,Kingdom of Sardinia,,2,1,0,2,WE,0.052121212121212124,,,Tuscany,,2,1,2,2,WE,0.2880000000000001
324-338,324,338,1.5023665399342947,2.8663186146653468,7240,7240,0,1,0,,,,Kingdom of Sardinia,,2,1,0,2,WE,0.052121212121212124,,,Malta,,2,1,2,2,AF,0.14399999999999996
324-365,324,365,1.5619939065646355,3.1333636098259077,483996.66017255775,483996.66017255775,0,1,0,,,,Kingdom of Sardinia,,2,1,0,2,WE,0.052121212121212124,,,Russia (USSR),,3,2,2,1,EESU,0.043199999999999995
324-380,324,380,0.29116859357359914,0.18063415118819415,3773,3773,0,1,0,,,,Kingdom of Sardinia,,2,1,0,2,WE,0.052121212121212124,,,Sweden,,3,2,4,4,WE,0.0432
324-385,324,385,0.42938445124846614,0.29000931868174173,16544,16544,1,0,0,,,,Kingdom of Sardinia,,2,1,0,2,WE,0.052121212121212124,,,Norway,,3,2,0,2,WE,0.030000000000000002
324-390,324,390,0.45011650565132333,0.3070637172003505,12126.754403403444,12126.754403403444,0,1,0,,,,Kingdom of Sardinia,,2,1,0,2,WE,0.052121212121212124,,,Denmark,,3,2,4,4,WE,0.060000000000000005
324-616,324,616,1.3642695297859442,2.087676498900492,12325.553655918255,12325.553655918255,0.1,0.9,0.36000000000000004,,,,Kingdom of Sardinia,,2,1,0,2,WE,0.052121212121212124,,,Tunisia (Regency of Tunis),,2,1,2,2,AF,0.3661538461538462
324-640,324,640,1.3745214435816786,2.1161399485414183,170529.99880720448,170529.99880720448|13201.027090573078,0,1,0,,,,Kingdom of Sardinia,,2,1,0,2,WE,0.052121212121212124,,,Turkey (Ottoman Empire),,2,1,2,2,WE,0.08999999999999998
324-70,70,324,0.5407977294812079,0.3904130523251226,15738,15738,0,1,0,,,,Mexico,,4,0,3,2,WE,0,,,Kingdom of Sardinia,,2,1,0,2,WE,0.052121212121212124
324-850,324,850,0.38675336783852343,0.2606148127220309,54152.91638503439,54152.91638503439,0,1,0,,,,Kingdom of Sardinia,,2,1,0,2,WE,0.052121212121212124,,,Indonesia (Dutch East Indies),,1,2,5,4,AS,0.06
324-90,90,324,1.9439701388879733,15.522074346140409,28945.171166156415,28945.171166156415,1,0,0,,,,Guatemala,,2,1,0,2,WE,0,,,Kingdom of Sardinia,,2,1,0,2,WE,0.052121212121212124
327-329,327,329,1.7496560168796553,6.198232388799152,83257.12695320266,83257.12695320266,0.5,0.5,1,,,,Papal States,,2,1,2,2,WE,0.1818181818181818,,,Two Sicilies,,2,1,0,2,WE,0.6092307692307692
327-3349,327,3349,1.7759854096860455,7.551128732974525,15108.7431911256,15108.7431911256|1033.7561130770148,0.9,0.09999999999999998,0.35999999999999993,,,,Papal States,,2,1,2,2,WE,0.1818181818181818,,,Ionian Is.,,2,1,2,2,AF,0.19999999999999996
327-337,327,337,1.9083335603061196,15.132970301455398,119279.55150888633,119279.55150888633|76259.39326468133,0.8,0.19999999999999996,0.6399999999999999,,,,Papal States,,2,1,2,2,WE,0.1818181818181818,,,Tuscany,,2,1,2,2,WE,0.2880000000000001
327-350,327,350,1.6582651304500322,4.794673167338697,7156.77309053318,1550.6341696155223|7156.77309053318,1,0,0,,,,Papal States,,2,1,2,2,WE,0.1818181818181818,,,Greece,,2,1,2,1,WE,0.23692307692307685
327-380,327,380,0.36888659768249665,0.22855440791734194,708,708,0,1,0,,,,Papal States,,2,1,2,2,WE,0.1818181818181818,,,Sweden,,3,2,4,4,WE,0.0432
327-385,327,385,0.5320055542276838,0.36736326659640994,3108,3108,0,1,0,,,,Papal States,,2,1,2,2,WE,0.1818181818181818,,,Norway,,3,2,0,2,WE,0.030000000000000002
329-3349,329,3349,0.7025354207641157,0.5476437240492921,5765.178322929506,5765.178322929506,0.5,0.5,1,,,,Two Sicilies,,2,1,0,2,WE,0.6092307692307692,,,Ionian Is.,,2,1,2,2,AF,0.19999999999999996
329-337,329,337,1.3696241923183257,2.109247004715729,87471.67110651665,87471.67110651665,0.6,0.4,0.96,,,,Two Sicilies,,2,1,0,2,WE,0.6092307692307692,,,Tuscany,,2,1,2,2,WE,0.2880000000000001
329-561,329,561,0.230470950174943,0.13342610132466748,3366,3366,0,1,0,,,,Two Sicilies,,2,1,0,2,WE,0.6092307692307692,,,Cape Colony (Cape of Good Hope),,1,4,1,2,WE,0.37090909090909097
329-616,329,616,1.049026226660743,1.100987190624454,4850.701761361377,4850.701761361377,0.6,0.4,0.96,,,,Two Sicilies,,2,1,0,2,WE,0.6092307692307692,,,Tunisia (Regency of Tunis),,2,1,2,2,AF,0.3661538461538462
3349-337,337,3349,1.6869416539217497,5.026643466286798,19284,1987.9925251481054|19284,0.9,0.09999999999999998,0.35999999999999993,,,,Tuscany,,2,1,2,2,WE,0.2880000000000001,,,Ionian Is.,,2,1,2,2,AF,0.19999999999999996
3349-338,338,3349,1.9336030880046569,25.73158053560057,7554.3715955628,7554.3715955628,1,0,0,,,,Malta,,2,1,2,2,AF,0.14399999999999996,,,Ionian Is.,,2,1,2,2,AF,0.19999999999999996
3349-350,350,3349,1.979554545438159,80.32380972743948,63615.76080473937,63615.76080473937|12643.632459941951,0.9,0.09999999999999998,0.35999999999999993,,,,Greece,,2,1,2,1,WE,0.23692307692307685,,,Ionian Is.,,2,1,2,2,AF,0.19999999999999996
3349-365,365,3349,1.9026698679261593,12.335324817338408,221462.36730149895,221462.36730149895,1,0,0,,,,Russia (USSR),,3,2,2,1,EESU,0.043199999999999995,,,Ionian Is.,,2,1,2,2,AF,0.19999999999999996
3349-640,640,3349,1.8437536265698606,9.828395765026011,92057,83.13423286982987|92057,1,0,0,,,,Turkey (Ottoman Empire),,2,1,2,2,WE,0.08999999999999998,,,Ionian Is.,,2,1,2,2,AF,0.19999999999999996
3349-651,651,3349,1.247215090302697,1.65142027366341,3391,3391,1,0,0,,,,Egypt Arab Republic (Egypt),,2,1,2,2,AF,0.1636363636363636,,,Ionian Is.,,2,1,2,2,AF,0.19999999999999996
3349-652,652,3349,1.897939374695742,17.108957694577338,8137,8137,0.9,0.09999999999999998,0.35999999999999993,,,,Syria,,2,1,2,2,WE,0.26999999999999996,,,Ionian Is.,,2,1,2,2,AF,0.19999999999999996
337-338,337,338,1.9322392410072058,19.422741221879487,22463,22463,0.9,0.09999999999999998,0.35999999999999993,,,,Tuscany,,2,1,2,2,WE,0.2880000000000001,,,Malta,,2,1,2,2,AF,0.14399999999999996
337-350,337,350,1.771376687077809,7.295121252720759,15506.341696155223,15506.341696155223|6600.13518349171,0.8,0.19999999999999996,0.6399999999999999,,,,Tuscany,,2,1,2,2,WE,0.2880000000000001,,,Greece,,2,1,2,1,WE,0.23692307692307685
337-365,337,365,1.8256901537552452,7.533119217592724,532781.9967396923,532781.9967396923,0.9,0.09999999999999998,0.35999999999999993,,,,Tuscany,,2,1,2,2,WE,0.2880000000000001,,,Russia (USSR),,3,2,2,1,EESU,0.043199999999999995
337-380,337,380,0.6663297190799244,0.5095259855596453,4873,4873,0,1,0,,,,Tuscany,,2,1,2,2,WE,0.2880000000000001,,,Sweden,,3,2,4,4,WE,0.0432
337-385,337,385,0.8928018261931613,0.8180732189313376,21368,21368,0.1,0.9,0.36000000000000004,,,,Tuscany,,2,1,2,2,WE,0.2880000000000001,,,Norway,,3,2,0,2,WE,0.030000000000000002
337-615,337,615,1.891115159264546,13.587491142909036,22663.114786688402,22663.114786688402,0.1,0.9,0.36000000000000004,,,,Tuscany,,2,1,2,2,WE,0.2880000000000001,,,Algeria (Regency of Algiers),,0,1,0,2,WE,0.24000000000000002
337-616,337,616,1.9592322010281287,32.40086122109154,75901.55461015466,75901.55461015466,1,0,0,,,,Tuscany,,2,1,2,2,WE,0.2880000000000001,,,Tunisia (Regency of Tunis),,2,1,2,2,AF,0.3661538461538462
337-640,337,640,0.5697531605169235,0.40904126674027097,5008.984439783567,5008.984439783567,0.9,0.09999999999999998,0.35999999999999993,,,,Tuscany,,2,1,2,2,WE,0.2880000000000001,,,Turkey (Ottoman Empire),,2,1,2,2,WE,0.08999999999999998
337-651,337,651,1.8949925556674976,14.0417081687503,165723.0328813964,123255.53655918254|165723.0328813964,0.9,0.09999999999999998,0.35999999999999993,,,,Tuscany,,2,1,2,2,WE,0.2880000000000001,,,Egypt Arab Republic (Egypt),,2,1,2,2,AF,0.1636363636363636
338-350,338,350,1.9727216962054592,67.02996196758566,3180.7880402369688,3180.7880402369688,0.9,0.09999999999999998,0.35999999999999993,,,,Malta,,2,1,2,2,AF,0.14399999999999996,,,Greece,,2,1,2,1,WE,0.23692307692307685
338-616,338,616,1.6194348085947063,4.224037839011731,519,519,0.9,0.09999999999999998,0.35999999999999993,,,,Malta,,2,1,2,2,AF,0.14399999999999996,,,Tunisia (Regency of Tunis),,2,1,2,2,AF,0.3661538461538462
338-640,338,640,1.9369965346274718,24.074919256825808,15462.967313788355,15462.967313788355,1,0,0,,,,Malta,,2,1,2,2,AF,0.14399999999999996,,,Turkey (Ottoman Empire),,2,1,2,2,WE,0.08999999999999998
338-651,338,651,1.7404297965412245,6.38099971195733,3950,3950,1,0,0,,,,Malta,,2,1,2,2,AF,0.14399999999999996,,,Egypt Arab Republic (Egypt),,2,1,2,2,AF,0.1636363636363636
350-365,350,365,0.02617584825756314,0.013701291890967693,39.75985050296211,39.75985050296211,0.9,0.09999999999999998,0.35999999999999993,,,,Greece,,2,1,2,1,WE,0.23692307692307685,,,Russia (USSR),,3,2,2,1,EESU,0.043199999999999995
350-616,350,616,1.9341573406086108,25.959976643440555,20078.724503995865,20078.724503995865,0.8,0.19999999999999996,0.6399999999999999,,,,Greece,,2,1,2,1,WE,0.23692307692307685,,,Tunisia (Regency of Tunis),,2,1,2,2,AF,0.3661538461538462
350-640,350,640,1.8104889380450313,8.771812358353985,35465.7866486422,35465.7866486422|4333.82370482287,0.9,0.09999999999999998,0.35999999999999993,,,,Greece,,2,1,2,1,WE,0.23692307692307685,,,Turkey (Ottoman Empire),,2,1,2,2,WE,0.08999999999999998
350-651,350,651,1.8491262380508657,10.856397453781682,42304.48093515168,42304.48093515168,0.9,0.09999999999999998,0.35999999999999993,,,,Greece,,2,1,2,1,WE,0.23692307692307685,,,Egypt Arab Republic (Egypt),,2,1,2,2,AF,0.1636363636363636
365-380,365,380,1.6525978920965305,3.7816584630365333,156153.22494391457,121483.81235147062|156153.22494391457,0,1,0,,,,Russia (USSR),,3,2,2,1,EESU,0.043199999999999995,,,Sweden,,3,2,4,4,WE,0.0432
365-385,365,385,0.5797856971884767,0.44297591722592067,49956.31511784394,49956.31511784394,0,1,0,,,,Russia (USSR),,3,2,2,1,EESU,0.043199999999999995,,,Norway,,3,2,0,2,WE,0.030000000000000002
365-390,365,390,1.1435888434484496,1.3379331222021935,104455.71266049083,104455.71266049083,0,1,0,,,,Russia (USSR),,3,2,2,1,EESU,0.043199999999999995,,,Denmark,,3,2,4,4,WE,0.060000000000000005
365-630,365,630,1.8865669459715217,7.681786277643415,536308.4674142695,536308.4674142695,1,0,0,,,,Russia (USSR),,3,2,2,1,EESU,0.043199999999999995,,,Iran (Persia),,2,1,2,2,WE,0
365-640,365,640,1.7122516150863127,4.293211471386045,683943.7672679994,102063.53624110373|683943.7672679994,1,0,0,,,,Russia (USSR),,3,2,2,1,EESU,0.043199999999999995,,,Turkey (Ottoman Empire),,2,1,2,2,WE,0.08999999999999998
365-7010,365,7010,,13.603997422631018,4307.329757841703,4307.329757841703,1,0,0,,,,Russia (USSR),,3,2,2,1,EESU,0.043199999999999995,,,Kokand,,3,2,2,1,EESU,0
365-7020,365,7020,,13.60399742263102,164347.3102551601,164347.3102551601,1,0,0,,,,Russia (USSR),,3,2,2,1,EESU,0.043199999999999995,,,Bokhara,,3,2,2,1,EESU,0
365-710,365,710,1.3775666062753564,2.047458486097559,433404.68064358854,433404.68064358854,0,1,0,,,,Russia (USSR),,3,2,2,1,EESU,0.043199999999999995,,,People's Republic of China (China),,1,3,3,1,LA,0.27
380-385,380,385,1.9125806550047288,15.807686037739195,231363.70687107672,231363.70687107672,0,1,0,,,,Sweden,,3,2,4,4,WE,0.0432,,,Norway,,3,2,0,2,WE,0.030000000000000002
380-390,380,390,1.8543593905249063,10.73888846595022,108811.24382268706,108811.24382268706,1,0,0,,,,Sweden,,3,2,4,4,WE,0.0432,,,Denmark,,3,2,4,4,WE,0.060000000000000005
380-561,380,561,0.4360090755533581,0.2817186165689911,1639,1639,0,1,0,,,,Sweden,,3,2,4,4,WE,0.0432,,,Cape Colony (Cape of Good Hope),,1,4,1,2,WE,0.37090909090909097
380-640,380,640,0.22815907647705247,0.13211123177802597,2731.457885515513,2731.457885515513,0,1,0,,,,Sweden,,3,2,4,4,WE,0.0432,,,Turkey (Ottoman Empire),,2,1,2,2,WE,0.08999999999999998
380-750,380,750,0.0027040832435192286,0.0014173011524813983,27.51650990594357,27.51650990594357,0,1,0,,,,Sweden,,3,2,4,4,WE,0.0432,,,India,,1,3,1,3,WE,0.18260869565217389
380-850,380,850,1.5550488869884274,3.4876801144159297,24770.386863345393,24770.386863345393,0,1,0,,,,Sweden,,3,2,4,4,WE,0.0432,,,Indonesia (Dutch East Indies),,1,2,5,4,AS,0.06
390-840,390,840,0.6535616370656738,0.48900922066251484,2357.7591348256533,2357.7591348256533,0,1,0,,,,Denmark,,3,2,4,4,WE,0.060000000000000005,,,Philippines,,1,3,1,1,AS,0.3507692307692307
390-850,390,850,0.07129843870625518,0.0392450904513062,527,527,0,1,0,,,,Denmark,,3,2,4,4,WE,0.060000000000000005,,,Indonesia (Dutch East Indies),,1,2,5,4,AS,0.06
40-561,40,561,1.1237787515507867,1.2723179473922708,35815,35815,0.1,0.9,0.36000000000000004,,,,Cuba,,4,0,3,2,WE,0.1666666666666667,,,Cape Colony (Cape of Good Hope),,1,4,1,2,WE,0.37090909090909097
4050-561,561,4050,,96.55433764527473,1702,1702,1,0,0,,,,Cape Colony (Cape of Good Hope),,1,4,1,2,WE,0.37090909090909097,,,St. Helena,,1,4,1,1,AS,0
41-561,41,561,0.9117623134709224,0.8401953531932664,7583,7583,0,1,0,,,,Haiti,,3,2,0,5,LA,0,,,Cape Colony (Cape of Good Hope),,1,4,1,2,WE,0.37090909090909097
42-561,42,561,,96.55433764527474,45686,45686,1,0,0,,,,Dominican Republic (Santo Domingo),,1,4,1,,LA,0,,,Cape Colony (Cape of Good Hope),,1,4,1,2,WE,0.37090909090909097
540-561,540,561,,96.55433764527474,2400,2400,1,0,0,,,,Angola,,1,4,1,,AF,0,,,Cape Colony (Cape of Good Hope),,1,4,1,2,WE,0.37090909090909097
541-561,541,561,,96.55433764527473,12214,12214,1,0,0,,,,Mozambique (Portuguese East Africa),,1,4,1,,AF,0,,,Cape Colony (Cape of Good Hope),,1,4,1,2,WE,0.37090909090909097
561-562,561,562,,96.55433764527473,1765,1765,1,0,0,,,,Cape Colony (Cape of Good Hope),,1,4,1,2,WE,0.37090909090909097,,,Natal,,1,4,1,1,AF,0
561-585,561,585,0.5225047785192328,0.35715394276669676,2466,2466,0,1,0,,,,Cape Colony (Cape of Good Hope),,1,4,1,2,WE,0.37090909090909097,,,Reunion (Bourbon I.),,0,0,0,1,AS,0
561-590,561,590,1.99324247937994,72.41929552825657,42109,42109,1,0,0,,,,Cape Colony (Cape of Good Hope),,1,4,1,2,WE,0.37090909090909097,,,Mauritius,,1,4,1,2,WE,0.32
561-6,6,561,1.269974305199943,1.717062330366177,19903,19903,0.1,0.9,0.36000000000000004,,,,Puerto Rico,,4,0,3,2,WE,0.07200000000000001,,,Cape Colony (Cape of Good Hope),,1,4,1,2,WE,0.37090909090909097
561-710,561,710,0.6135867026061528,0.45023379259595175,13428,13428,0.1,0.9,0.36000000000000004,,,,Cape Colony (Cape of Good Hope),,1,4,1,2,WE,0.37090909090909097,,,People's Republic of China (China),,1,3,3,1,LA,0.27
561-750,561,750,1.917257200926876,13.15162438830335,29380,10424.02463498677|29380,0.6,0.4,0.96,,,,Cape Colony (Cape of Good Hope),,1,4,1,2,WE,0.37090909090909097,,,India,,1,3,1,3,WE,0.18260869565217389
561-775,561,775,0.7048933163787465,0.5473339931874956,1282,1282,0.6,0.4,0.96,,,,Cape Colony (Cape of Good Hope),,1,4,1,2,WE,0.37090909090909097,,,Myanmar (Burma),,1,3,1,1,AS,0.48
561-780,561,780,0.47587324228313155,0.31462687636925235,237,237,0.6,0.4,0.96,,,,Cape Colony (Cape of Good Hope),,1,4,1,2,WE,0.37090909090909097,,,Sri Lanka (Ceylon),,1,3,1,1,WE,0.48
561-840,561,840,0.5733037593292898,0.4047154384689473,761,761,0.6,0.4,0.96,,,,Cape Colony (Cape of Good Hope),,1,4,1,2,WE,0.37090909090909097,,,Philippines,,1,3,1,1,AS,0.3507692307692307
561-850,561,850,1.794255812381794,8.227635154524139,173507,2385.5910301777267|173507,0.4,0.6,0.96,,,,Cape Colony (Cape of Good Hope),,1,4,1,2,WE,0.37090909090909097,,,Indonesia (Dutch East Indies),,1,2,5,4,AS,0.06
561-8510,561,8510,,96.55433764527473,555,555,1,0,0,,,,Cape Colony (Cape of Good Hope),,1,4,1,2,WE,0.37090909090909097,,,Lombok,,1,4,1,,AS,0
561-9002,561,9002,,96.55433764527473,6,6,1,0,0,,,,Cape Colony (Cape of Good Hope),,1,4,1,2,WE,0.37090909090909097,,,Cocos (Keeling) Is.,,1,4,1,1,WE,0
561-901,561,901,1.9078585646900312,17.195662530534705,311,311,0.6,0.4,0.96,,,,Cape Colony (Cape of Good Hope),,1,4,1,2,WE,0.37090909090909097,,,New South Wales,,1,3,1,4,AS,0.43199999999999994
561-903,561,903,,96.55433764527471,18,18,1,0,0,,,,Cape Colony (Cape of Good Hope),,1,4,1,2,WE,0.37090909090909097,,,South Australia,,1,4,1,4,AS,0
561-9974,561,9974,,96.55433764527473,2702,2702,1,0,0,,,,Cape Colony (Cape of Good Hope),,1,4,1,2,WE,0.37090909090909097,,,Crozet Is.,,1,4,1,,AS,0
585-750,585,750,0.017433054671580295,0.009209321349423094,212.1939771323516,212.1939771323516,0,1,0,,,,Reunion (Bourbon I.),,0,0,0,1,AS,0,,,India,,1,3,1,3,WE,0.18260869565217389
590-750,590,750,1.6982978303654022,4.873040978849356,9455.587058423911,9455.587058423911,0.6,0.4,0.96,,,,Mauritius,,1,4,1,2,WE,0.32,,,India,,1,3,1,3,WE,0.18260869565217389
615-616,615,616,1.913764707441843,21.09162043913292,3737.4259472784383,3737.4259472784383,0.1,0.9,0.36000000000000004,,,,Algeria (Regency of Algiers),,0,1,0,2,WE,0.24000000000000002,,,Tunisia (Regency of Tunis),,2,1,2,2,AF,0.3661538461538462
616-640,616,640,1.3214629419817272,1.9170113668586124,7514.6117450598385,7514.6117450598385,0.9,0.09999999999999998,0.35999999999999993,,,,Tunisia (Regency of Tunis),,2,1,2,2,AF,0.3661538461538462,,,Turkey (Ottoman Empire),,2,1,2,2,WE,0.08999999999999998
616-651,616,651,1.9035371384807889,17.91264094592287,17454.574370800365,17454.574370800365,0.9,0.09999999999999998,0.35999999999999993,,,,Tunisia (Regency of Tunis),,2,1,2,2,AF,0.3661538461538462,,,Egypt Arab Republic (Egypt),,2,1,2,2,AF,0.1636363636363636
630-640,630,640,1.9825713317003157,46.041737313652334,413462.68538030295,413462.68538030295,1,0,0,,,,Iran (Persia),,2,1,2,2,WE,0,,,Turkey (Ottoman Empire),,2,1,2,2,WE,0.08999999999999998
640-651,640,651,1.891206540297664,12.750914563154302,251821.03666250533,251821.03666250533|4831.821052157795,1,0,0,,,,Turkey (Ottoman Empire),,2,1,2,2,WE,0.08999999999999998,,,Egypt Arab Republic (Egypt),,2,1,2,2,AF,0.1636363636363636
640-652,640,652,1.5880218276224825,3.801204510028021,3955.1059089968307,3955.1059089968307,0.9,0.09999999999999998,0.35999999999999993,,,,Turkey (Ottoman Empire),,2,1,2,2,WE,0.08999999999999998,,,Syria,,2,1,2,2,WE,0.26999999999999996
651-652,651,652,1.9524952609777895,29.69677625814597,29780.12802671862,29780.12802671862,0.9,0.09999999999999998,0.35999999999999993,,,,Egypt Arab Republic (Egypt),,2,1,2,2,AF,0.1636363636363636,,,Syria,,2,1,2,2,WE,0.26999999999999996
710-750,710,750,1.8416809614688343,7.666694466991939,763043.3336102015,763043.3336102015,0.3,0.7,0.84,,,,People's Republic of China (China),,1,3,3,1,LA,0.27,,,India,,1,3,1,3,WE,0.18260869565217389
710-840,710,840,1.871942700018497,11.082764464428195,144880.91924774362,144880.91924774362,0.4,0.6,0.96,,,,People's Republic of China (China),,1,3,3,1,LA,0.27,,,Philippines,,1,3,1,1,AS,0.3507692307692307
710-850,710,850,1.2002088166453955,1.5354089976041247,55902.34980716473,55902.34980716473,0,1,0,,,,People's Republic of China (China),,1,3,3,1,LA,0.27,,,Indonesia (Dutch East Indies),,1,2,5,4,AS,0.06
740-850,740,850,,79.0931825831579,71488.21120432587,71488.21120432587,1,0,0,,,,Japan,,1,2,5,4,AS,0,,,Indonesia (Dutch East Indies),,1,2,5,4,AS,0.06
750-7504,750,7504,,28.93370085896279,29355.613368020815,29355.613368020815,1,0,0,,,,India,,1,3,1,3,WE,0.18260869565217389,,,Tranquebar,,1,3,1,1,AS,0
750-751,750,751,1.6290017253869893,3.949051679206262,6912.847708625175,6912.847708625175,0,1,0,,,,India,,1,3,1,3,WE,0.18260869565217389,,,French India,,0,0,0,1,AS,0
750-752,750,752,,28.933700858962784,28831.09865919552,28831.09865919552,1,0,0,,,,India,,1,3,1,3,WE,0.18260869565217389,,,Portuguese India,,1,3,1,1,AS,0
750-7693,750,7693,,28.933700858962787,268834.80088052835,268834.80088052835,1,0,0,,,,India,,1,3,1,3,WE,0.18260869565217389,,,Sindh,,1,3,1,1,AS,0
750-775,750,775,1.9996077435514192,28.769685461881306,224873.62417450472,224873.62417450472,1,0,0,,,,India,,1,3,1,3,WE,0.18260869565217389,,,Myanmar (Burma),,1,3,1,1,AS,0.48
750-780,750,780,1.9997678386315254,28.839419026110257,72494.79674286224,72494.79674286224,1,0,0,,,,India,,1,3,1,3,WE,0.18260869565217389,,,Sri Lanka (Ceylon),,1,3,1,1,WE,0.48
750-781,750,781,,28.933700858962784,6552.73163898339,6552.73163898339,1,0,0,,,,India,,1,3,1,3,WE,0.18260869565217389,,,Maldive Islands,,1,3,1,1,AS,0
750-800,750,800,,28.933700858962787,103812.96966323406,103812.96966323406,1,0,0,,,,India,,1,3,1,3,WE,0.18260869565217389,,,Thailand (Siam),,1,3,1,1,AS,0
750-815,750,815,1.9810285776249437,22.824630854180484,35744.105602162934,35744.105602162934,1,0,0,,,,India,,1,3,1,3,WE,0.18260869565217389,,,Vietnam,,1,3,1,1,AS,0
750-840,750,840,1.925467593382195,13.82756917779854,86765.79033579744,86765.79033579744,0.9,0.09999999999999998,0.35999999999999993,,,,India,,1,3,1,3,WE,0.18260869565217389,,,Philippines,,1,3,1,1,AS,0.3507692307692307
750-850,750,850,1.3898214192153484,2.101688863708751,405915.3202202652,405915.3202202652,0,1,0,,,,India,,1,3,1,3,WE,0.18260869565217389,,,Indonesia (Dutch East Indies),,1,2,5,4,AS,0.06
750-8501,750,8501,,28.933700858962784,30376.525784263053,30376.525784263053,1,0,0,,,,India,,1,3,1,3,WE,0.18260869565217389,,,Bali,,1,3,1,1,AS,0
750-8532,750,8532,,28.93370085896278,34948.9085921037,34948.9085921037,1,0,0,,,,India,,1,3,1,3,WE,0.18260869565217389,,,Riau,,1,3,1,1,AS,0
750-901,750,901,1.9845086612059708,23.78080801267733,1435.2775251816192,1435.2775251816192,0.9,0.09999999999999998,0.35999999999999993,,,,India,,1,3,1,3,WE,0.18260869565217389,,,New South Wales,,1,3,1,4,AS,0.43199999999999994
901-920,901,920,,63.24487274215844,54192,54192,1,0,0,,,,New South Wales,,1,3,1,4,AS,0.43199999999999994,,,New Zealand,,1,3,1,1,AS,0
