"target","source","key","proximity","observedTradeValues","coMembershipScore","bridgeNessEdgeScore","ambiguityScore","maxObservedTradeValue","sourceCited","sourceReporting","sourceLabel","sourceGphStatus","sourceBlockLouvain","sourceBlockIntraMax","sourceBlockAn","sourceMeanAmbiguityScore","targetCited","targetReporting","targetLabel","targetGphStatus","targetBlockLouvain","targetBlockIntraMax","targetBlockAn","targetMeanAmbiguityScore","export","import"
"100","2","100-2",1.37170794321333,"0.0007845757125737948|0.00009667296388067757",0.2,0.8,0.64,0.000784575712573795,NA,NA,"United States of America",NA,6,2,"NAM",0.061,NA,NA,"Colombia (New Granada) (Gran Colombia)",NA,4,2,"LA",0.375,306271.691750966,37737.8393440013
"100","40","100-40",1.070120882961,"0.000016226027506474153",0.2,0.8,0.64,1.62260275064742e-05,NA,NA,"Cuba",NA,2,3,"WE",0.384,NA,NA,"Colombia (New Granada) (Gran Colombia)",NA,4,2,"LA",0.375,NA,6334.08964254438
"100","70","100-70",3.17815380432914,"0.000026002432139204455",0.2,0.8,0.64,2.60024321392045e-05,NA,NA,"Mexico",NA,6,2,"LA",0.128,NA,NA,"Colombia (New Granada) (Gran Colombia)",NA,4,2,"LA",0.375,NA,10150.465727251
"101","2","101-2",0.832457720935044,"0.0006290445487580132",1,0,0,0.000629044548758013,NA,NA,"United States of America",NA,6,2,"NAM",0.061,NA,NA,"Venezuela",NA,6,3,"WE",0,245557.611645695,NA
"1019","200","1019-200",1.22016657176931,"0.0003925734663538579",1,0,0,0.000392573466353858,NA,NA,"United Kingdom",NA,0,1,"AF",0,NA,NA,"Rupert's Land",NA,0,1,"WE",0,153247.338338208,NA
"1022","200","1022-200",1.21592145097119,"0.000445325655446895",0,1,0,0.000445325655446895,NA,NA,"United Kingdom",NA,0,1,"AF",0,NA,NA,"Nova Scotia",NA,7,1,"LA",0,173840,NA
"1022","30","1022-30",4.79201742211101,"0.0000015011552812464362",1,0,0,1.50115528124644e-06,NA,NA,"Bermuda",NA,7,1,"LA",0.0691666666666667,NA,NA,"Nova Scotia",NA,7,1,"LA",0,586,NA
"1023","200","1023-200",1.22016657176931,"0.0015981591157770826",1,0,0,0.00159815911577708,NA,NA,"United Kingdom",NA,0,1,"AF",0,NA,NA,"New Brunswick",NA,0,1,"WE",0,623867,NA
"1024","200","1024-200",1.22016657176931,"0.00010100264578324997",1,0,0,0.00010100264578325,NA,NA,"United Kingdom",NA,0,1,"AF",0,NA,NA,"Prince Edward Is.",NA,0,1,"NAM",0,39428,NA
"1027","200","1027-200",1.22016657176931,"0.000013409624571906126",1,0,0,1.34096245719061e-05,NA,NA,"United Kingdom",NA,0,1,"AF",0,NA,NA,"British Columbia",NA,0,1,"WE",0,5234.66166179179,NA
"1029","220","1029-220",2.28109695947638,"0.00067300412595588|0.00006967509745699111",1,0,0,0.00067300412595588,NA,NA,"France",NA,2,3,"WE",0.104390243902439,NA,NA,"St. Pierre and Miquelon",NA,2,3,"NAM",0,262717.936470026,27198.7899052623
"1032","30","1032-30",8.81672994516528,"4.2780363817091274e-7",1,0,0,4.27803638170913e-07,NA,NA,"Bermuda",NA,7,1,"LA",0.0691666666666667,NA,NA,"Turks and Caicos Is.",NA,7,1,"LA",0,167,NA
"1032","31","1032-31",7.05164689511863,"6.045608299900323e-7",1,0,0,6.04560829990032e-07,NA,NA,"Bahamas",NA,7,1,"LA",0.019,NA,NA,"Turks and Caicos Is.",NA,7,1,"LA",0,236,NA
"1048","200","1048-200",1.21621461718871,"0.0008545951756144633",0,1,0,0.000854595175614463,NA,NA,"United Kingdom",NA,0,1,"AF",0,NA,NA,"Trinidad",NA,7,1,"LA",0,333604.910275677,NA
"1048","30","1048-30",3.90273363635338,"0.0000011835046756584532",1,0,0,1.18350467565845e-06,NA,NA,"Bermuda",NA,7,1,"LA",0.0691666666666667,NA,NA,"Trinidad",NA,7,1,"LA",0,462,NA
"1048","31","1048-31",1.37983280456851,"7.838797202413132e-7",1,0,0,7.83879720241313e-07,NA,NA,"Bahamas",NA,7,1,"LA",0.019,NA,NA,"Trinidad",NA,7,1,"LA",0,306,NA
"1055","200","1055-200",1.20387929860249,"0.0017171453252540917",0,1,0,0.00171714532525409,NA,NA,"United Kingdom",NA,0,1,"AF",0,NA,NA,"Windward Is.",NA,7,1,"LA",0,670315.172034297,NA
"1055","30","1055-30",3.19260769939509,"0.0000011835046756584532",1,0,0,1.18350467565845e-06,NA,NA,"Bermuda",NA,7,1,"LA",0.0691666666666667,NA,NA,"Windward Is.",NA,7,1,"LA",0,462,NA
"1055","31","1055-31",2.09917340059532,"0.000003273850596301955",1,0,0,3.27385059630196e-06,NA,NA,"Bahamas",NA,7,1,"LA",0.019,NA,NA,"Windward Is.",NA,7,1,"LA",0,1278,NA
"1055","54","1055-54",1.47658570247494,"0.000001659980584040428",1,0,0,1.65998058404043e-06,NA,NA,"Dominica",NA,7,1,"LA",0.182857142857143,NA,NA,"Windward Is.",NA,7,1,"LA",0,648,NA
"1063","1032","1032-1063",6.40833013432142,"0.0000012449854380303209",1,0,0,1.24498543803032e-06,NA,NA,"Turks and Caicos Is.",NA,7,1,"LA",0,NA,NA,"Leeward Is.",NA,7,1,"LA",0.0581818181818182,NA,486
"1063","1048","1048-1063",0.580269693853037,"0.000001380755454934862",1,0,0,1.38075545493486e-06,NA,NA,"Trinidad",NA,7,1,"LA",0,NA,NA,"Leeward Is.",NA,7,1,"LA",0.0581818181818182,NA,539
"1063","1055","1055-1063",2.64215253363315,"0.000022079278786796986",1,0,0,2.2079278786797e-05,NA,NA,"Windward Is.",NA,7,1,"LA",0,NA,NA,"Leeward Is.",NA,7,1,"LA",0.0581818181818182,NA,8619
"1063","1058","1058-1063",7.01221874593483,"0.0000018982185382314151",1,0,0,1.89821853823142e-06,NA,NA,"Barbuda",NA,7,1,"LA",0,NA,NA,"Leeward Is.",NA,7,1,"LA",0.0581818181818182,NA,741
"1063","200","1063-200",1.29931441255255,"0.0007919106448261384|0.0005458902106424024",0,1,0,0.000791910644826138,NA,NA,"United Kingdom",NA,0,1,"AF",0,NA,NA,"Leeward Is.",NA,7,1,"LA",0.0581818181818182,213096.984324524,309135
"1063","31","1063-31",2.27825229613816,"0.000001229615247437354",1,0,0,1.22961524743735e-06,NA,NA,"Bahamas",NA,7,1,"LA",0.019,NA,NA,"Leeward Is.",NA,7,1,"LA",0.0581818181818182,480,NA
"1063","5","1063-5",2.5680097258767,"0.00002878167396771093",1,0,0,2.87816739677109e-05,NA,NA,"Virgin Islands (Danish West Indies)",NA,7,1,"LA",0,NA,NA,"Leeward Is.",NA,7,1,"LA",0.0581818181818182,NA,11235.387275242
"1063","54","1063-54",4.50217975400289,"0.000008410055952785068|9.273348324423378e-7",1,0,0,8.41005595278507e-06,NA,NA,"Dominica",NA,7,1,"LA",0.182857142857143,NA,NA,"Leeward Is.",NA,7,1,"LA",0.0581818181818182,362,3283
"1063","65","1063-65",2.1230563915355,"0.000015207946392679619",0.8,0.2,0.64,1.52079463926796e-05,NA,NA,"Guadeloupe",NA,7,1,"LA",0.64,NA,NA,"Leeward Is.",NA,7,1,"LA",0.0581818181818182,NA,5936.66537862131
"1063","68","1063-68",2.51134508432994,"0.0000031416394159165465",1,0,0,3.14163941591655e-06,NA,NA,"Netherlands Antilles",NA,7,1,"LA",0,NA,NA,"Leeward Is.",NA,7,1,"LA",0.0581818181818182,NA,1226.38924881807
"1064","1063","1063-1064",3.92932267252176,"0.0000020877842222113405",1,0,0,2.08778422221134e-06,NA,NA,"Leeward Is.",NA,7,1,"LA",0.0581818181818182,NA,NA,"St. Barthelemy",NA,7,1,"LA",0,815,NA
"1064","2","1064-2",1.89329984148858,"0.000043470815178377446",0,1,0,4.34708151783774e-05,NA,NA,"United States of America",NA,6,2,"NAM",0.061,NA,NA,"St. Barthelemy",NA,7,1,"LA",0,16969.5287441401,NA
"110","2","110-2",0.687853899706938,"0.0004643044172253336",0,1,0,0.000464304417225334,NA,NA,"United States of America",NA,6,2,"NAM",0.061,NA,NA,"Guyana (British Guiana)",NA,7,1,"LA",0,181248.66354141,NA
"110","30","110-30",4.78613542158392,"0.000005420553882453002",1,0,0,5.420553882453e-06,NA,NA,"Bermuda",NA,7,1,"LA",0.0691666666666667,NA,NA,"Guyana (British Guiana)",NA,7,1,"LA",0,2116,NA
"115","2","115-2",0.848223404144062,"0.00013920373357921527",0,1,0,0.000139203733579215,NA,NA,"United States of America",NA,6,2,"NAM",0.061,NA,NA,"Surinam (Dutch Guiana)",NA,1,3,"LA",0,54340.4062834115,NA
"1161","200","1161-200",1.21955019923089,"0.0025842900506343833",1,0,0,0.00258429005063438,NA,NA,"United Kingdom",NA,0,1,"AF",0,NA,NA,"Buenos Aires",NA,0,1,"LA",0,1008819,NA
"1163","200","1163-200",1.22016657176931,"0.00001034413826906674",1,0,0,1.03441382690667e-05,NA,NA,"United Kingdom",NA,0,1,"AF",0,NA,NA,"Falkland Is.",NA,0,1,"LA",0,4038,NA
"130","100","100-130",3.37122441677773,"0.000001784480637004227",0.9,0.1,0.36,1.78448063700423e-06,NA,NA,"Colombia (New Granada) (Gran Colombia)",NA,4,2,"LA",0.375,NA,NA,"Ecuador",NA,4,3,"LA",0.216,696.60058912507,NA
"135","100","100-135",1.30049395717554,"0.000008106640608104918",0.9,0.1,0.36,8.10664060810492e-06,NA,NA,"Colombia (New Granada) (Gran Colombia)",NA,4,2,"LA",0.375,NA,NA,"Peru",NA,4,3,"WE",0.18,3164.55696202532,NA
"140","2","140-2",0.674266853744625,"0.0024944030209670793|0.0005992795830670768",0,1,0,0.00249440302096708,NA,NA,"United States of America",NA,6,2,"NAM",0.061,NA,NA,"Brazil",NA,4,3,"LA",0.166666666666667,973730.158730159,233938.380702173
"155","100","100-155",0.415275749005859,"0.000008147415089358802",0.9,0.1,0.36,8.1474150893588e-06,NA,NA,"Colombia (New Granada) (Gran Colombia)",NA,4,2,"LA",0.375,NA,NA,"Chile",NA,4,3,"WE",0.2,NA,3180.47393364929
"155","130","130-155",4.40067059323903,"0.00003892616104802075",1,0,0,3.89261610480208e-05,NA,NA,"Ecuador",NA,4,3,"LA",0.216,NA,NA,"Chile",NA,4,3,"WE",0.2,NA,15195.4502369668
"155","135","135-155",4.41695818658337,"0.0014254470157528574",1,0,0,0.00142544701575286,NA,NA,"Peru",NA,4,3,"WE",0.18,NA,NA,"Chile",NA,4,3,"WE",0.2,NA,556446.066350711
"155","140","140-155",2.35854399759279,"0.00019289467786664854|0.0002136278248299346",0.9,0.1,0.36,0.000213627824829935,NA,NA,"Brazil",NA,4,3,"LA",0.166666666666667,NA,NA,"Chile",NA,4,3,"WE",0.2,83393.0419552583,75299.5260663507
"155","145","145-155",6.08720446136804,"0.00020852662304822873",1,0,0,0.000208526623048229,NA,NA,"Bolivia",NA,4,3,"LA",0,NA,NA,"Chile",NA,4,3,"WE",0.2,NA,81401.7061611374
"155","2","155-2",0.0245056511234077,"0.0008849684192033788|0.00008667719108357371",0.1,0.9,0.36,0.000884968419203379,NA,NA,"United States of America",NA,6,2,"NAM",0.061,NA,NA,"Chile",NA,4,3,"WE",0.2,345461.592236204,33835.8293838863
"160","140","140-160",3.57690732515846,"0.00043796253348189464",1,0,0,0.000437962533481895,NA,NA,"Brazil",NA,4,3,"LA",0.166666666666667,NA,NA,"Argentina (La Plata)",NA,4,3,"LA",0.41,170965.687445267,NA
"160","155","155-160",2.16083886431259,"0.00006650800448935249",0.9,0.1,0.36,6.65080044893525e-05,NA,NA,"Chile",NA,4,3,"WE",0.2,NA,NA,"Argentina (La Plata)",NA,4,3,"LA",0.41,25962.4644549763,NA
"20","2","2-20",1.84121682287091,"0.0071966602657267875|0.006217080597948448",1,0,0,0.00719666026572679,NA,NA,"United States of America",NA,6,2,"NAM",0.061,NA,NA,"Canada (Province of Canada)",NA,6,2,"LA",0.0633333333333333,2809331.56509581,2426936.95709665
"20","6","20-6",1.08451928932509,"0.00008562220839655441",0.05,0.95,0.19,8.56222083965544e-05,NA,NA,"Puerto Rico",NA,7,2,"LA",0.0633333333333334,NA,NA,"Canada (Province of Canada)",NA,6,2,"LA",0.0633333333333333,33424,NA
"200","100","100-200",0.540145619033078,"0.0012955764203670716|0.00009726184249088896",0,1,0,0.00129557642036707,NA,NA,"Colombia (New Granada) (Gran Colombia)",NA,4,2,"LA",0.375,NA,NA,"United Kingdom",NA,0,1,"AF",0,37967.7175384125,505749
"200","101","101-200",0.36695819582396,"0.0008113872380058596",0,1,0,0.00081138723800586,NA,NA,"Venezuela",NA,6,3,"WE",0,NA,NA,"United Kingdom",NA,0,1,"AF",0,NA,316738
"200","110","110-200",0.878838443384812,"0.001154667636407615",0,1,0,0.00115466763640762,NA,NA,"Guyana (British Guiana)",NA,7,1,"LA",0,NA,NA,"United Kingdom",NA,0,1,"AF",0,NA,450743
"200","130","130-200",0.0299996851959909,"0.0000690710748263612",0,1,0,6.90710748263612e-05,NA,NA,"Ecuador",NA,4,3,"LA",0.216,NA,NA,"United Kingdom",NA,0,1,"AF",0,NA,26963
"200","135","135-200",0.210138948693722,"0.002979652339860407",0,1,0,0.00297965233986041,NA,NA,"Peru",NA,4,3,"WE",0.18,NA,NA,"United Kingdom",NA,0,1,"AF",0,NA,1163155
"200","140","140-200",0.509086726190477,"0.010207899461349113|0.001240061087234766",0,1,0,0.0102078994613491,NA,NA,"Brazil",NA,4,3,"LA",0.166666666666667,NA,NA,"United Kingdom",NA,0,1,"AF",0,484077.700819998,3984817
"200","155","155-200",0.478502223659919,"0.0028629029338146624",0,1,0,0.00286290293381466,NA,NA,"Chile",NA,4,3,"WE",0.2,NA,NA,"United Kingdom",NA,0,1,"AF",0,NA,1117580
"200","165","165-200",0.414660733422175,"0.0013389229195376704",0,1,0,0.00133892291953767,NA,NA,"Uruguay",NA,2,5,"LA",0,NA,NA,"United Kingdom",NA,0,1,"AF",0,NA,522670
"200","2","2-200",0.840575474379776,"0.07983513148915272|0.03712243783451735",0,1,0,0.0798351314891527,NA,NA,"United States of America",NA,6,2,"NAM",0.061,NA,NA,"United Kingdom",NA,0,1,"AF",0,31164921.8685747,14491338
"200","20","20-200",0.577720775071208,"0.004451594012186477|0.004637296386498769",0,1,0,0.00463729638649877,NA,NA,"Canada (Province of Canada)",NA,6,2,"LA",0.0633333333333333,NA,NA,"United Kingdom",NA,0,1,"AF",0,1810242.8952133,1737751
"200","21","200-21",1.18428010107107,"0.001090020614773596",0,1,0,0.0010900206147736,NA,NA,"Newfoundland and Labrador (Newfoundland)",NA,7,2,"LA",0,NA,NA,"United Kingdom",NA,0,1,"AF",0,NA,425507
"200","30","200-30",1.21806629279382,"0.000009762632724966158|0.000015839381538983152",0,1,0,1.58393815389832e-05,NA,NA,"Bermuda",NA,7,1,"LA",0.0691666666666667,NA,NA,"United Kingdom",NA,0,1,"AF",0,3811,6183.1561982963
"200","31","200-31",0.329924168977099,"0.00007665882558242253",0,1,0,7.66588255824225e-05,NA,NA,"Bahamas",NA,7,1,"LA",0.019,NA,NA,"United Kingdom",NA,0,1,"AF",0,29925,NA
"200","40","200-40",0.233578477915698,"0.004603933094550237|0.004953004456071299",0,1,0,0.0049530044560713,NA,NA,"Cuba",NA,2,3,"WE",0.384,NA,NA,"United Kingdom",NA,0,1,"AF",0,1933484.59517647,1797219
"200","5","200-5",0.699677625969077,"0.0014560155931733247",0,1,0,0.00145601559317332,NA,NA,"Virgin Islands (Danish West Indies)",NA,7,1,"LA",0,NA,NA,"United Kingdom",NA,0,1,"AF",0,NA,568379
"200","51","200-51",1.21830176382645,"0.001299687285366328",0,1,0,0.00129968728536633,NA,NA,"Jamaica",NA,7,1,"LA",0,NA,NA,"United Kingdom",NA,0,1,"AF",0,NA,507353.741974171
"200","54","200-54",1.39875732774495,"0.00021095074249160672|0.00009459496851214236",0,1,0,0.000210950742491607,NA,NA,"Dominica",NA,7,1,"LA",0.182857142857143,NA,NA,"United Kingdom",NA,0,1,"AF",0,82348,36926.6605797694
"200","6","200-6",0.189362445731502,"0.00020455930490336462|0.0007147303817654859",0,1,0,0.000714730381765486,NA,NA,"Puerto Rico",NA,7,2,"LA",0.0633333333333334,NA,NA,"United Kingdom",NA,0,1,"AF",0,279006.448531301,79853
"200","80","200-80",0.73081661994064,"0.0003502277245497765",0,1,0,0.000350227724549777,NA,NA,"Belize (British Honduras)",NA,6,1,"LA",0,NA,NA,"United Kingdom",NA,0,1,"AF",0,NA,136717
"2003","200","200-2003",1.22016657176931,"0.0013020190919239567",1,0,0,0.00130201909192396,NA,NA,"United Kingdom",NA,0,1,"AF",0,NA,NA,"Channel Is.",NA,0,1,"WE",0,508264,NA
"21","6","21-6",1.94772993472186,"0.000019545759037389606",1,0,0,1.95457590373896e-05,NA,NA,"Puerto Rico",NA,7,2,"LA",0.0633333333333334,NA,NA,"Newfoundland and Labrador (Newfoundland)",NA,7,2,"LA",0,7630,NA
"210","115","115-210",2.45079824177358,"0.00023690629063436607",1,0,0,0.000236906290634366,NA,NA,"Surinam (Dutch Guiana)",NA,1,3,"LA",0,NA,NA,"Netherlands",NA,1,3,"WE",0,NA,92480.1638085488
"210","200","200-210",0.0448978115488733,"0.01402097476912883|0.011709435892330972",0,1,0,0.0140209747691288,NA,NA,"United Kingdom",NA,0,1,"AF",0,NA,NA,"Netherlands",NA,1,3,"WE",0,5473312,4570965.78790206
"210","68","210-68",1.17465075096876,"0.000045114829260606576",0,1,0,4.51148292606066e-05,NA,NA,"Netherlands Antilles",NA,7,1,"LA",0,NA,NA,"Netherlands",NA,1,3,"WE",0,NA,17611.2959645081
"211","210","210-211",1.45496531400809,"0.006591064948761669|0.006000574871086819",1,0,0,0.00659106494876167,NA,NA,"Netherlands",NA,1,3,"WE",0,NA,NA,"Belgium",NA,1,3,"WE",0,2572927.73654125,2342420.48000337
"211","6","211-6",0.152919539661487,"0.00008575029331816247",0,1,0,8.57502933181625e-05,NA,NA,"Puerto Rico",NA,7,2,"LA",0.0633333333333334,NA,NA,"Belgium",NA,1,3,"WE",0,NA,33474
"212","211","211-212",3.26100796981165,"0.00041302448264080884",1,0,0,0.000413024482640809,NA,NA,"Belgium",NA,1,3,"WE",0,NA,NA,"Luxemburg",NA,1,3,"WE",0,161230.720000232,NA
"220","100","100-220",0.132748183695996,"0.00002386156522640995|0.00046906348172682545",0,1,0,0.000469063481726825,NA,NA,"Colombia (New Granada) (Gran Colombia)",NA,4,2,"LA",0.375,NA,NA,"France",NA,2,3,"WE",0.104390243902439,9314.74404904068,183106.440570018
"220","101","101-220",0.236471088792141,"0.00038748722403520364",0,1,0,0.000387487224035204,NA,NA,"Venezuela",NA,6,3,"WE",0,NA,NA,"France",NA,2,3,"WE",0.104390243902439,NA,151261.842210015
"220","120","120-220",2.28109695947638,"0.00045886644951537267|0.00007111695781169052",1,0,0,0.000458866449515373,NA,NA,"French Guiana",NA,2,3,"LA",0,NA,NA,"France",NA,2,3,"WE",0.104390243902439,27761.6431812754,179125.865775018
"220","130","130-220",1.02812088933048,"0.00010197032211452726",0.1,0.9,0.36,0.000101970322114527,NA,NA,"Ecuador",NA,4,3,"LA",0.216,NA,NA,"France",NA,2,3,"WE",0.104390243902439,NA,39805.747950004
"220","135","135-220",0.884252383812911,"0.003181474049973251",0.1,0.9,0.36,0.00318147404997325,NA,NA,"Peru",NA,4,3,"WE",0.18,NA,NA,"France",NA,2,3,"WE",0.104390243902439,NA,1241939.33604012
"220","140","140-220",0.441289741737652,"0.005190289395629438|0.0005223939601927232",0.2,0.8,0.64,0.00519028939562944,NA,NA,"Brazil",NA,4,3,"LA",0.166666666666667,NA,NA,"France",NA,2,3,"WE",0.104390243902439,203924.84674787,2026112.5706552
"220","155","155-220",0.64253982921607,"0.0018354657980614907",0.1,0.9,0.36,0.00183546579806149,NA,NA,"Chile",NA,4,3,"WE",0.2,NA,NA,"France",NA,2,3,"WE",0.104390243902439,NA,716503.463100072
"220","160","160-220",1.19179531888906,"0.0019272390879645654",0.2,0.8,0.64,0.00192723908796457,NA,NA,"Argentina (La Plata)",NA,4,3,"LA",0.41,NA,NA,"France",NA,2,3,"WE",0.104390243902439,NA,752328.636255075
"220","165","165-220",0.933203853389524,"0.0012236438653743273",1,0,0,0.00122364386537433,NA,NA,"Uruguay",NA,2,5,"LA",0,NA,NA,"France",NA,2,3,"WE",0.104390243902439,NA,477668.975400048
"220","2","2-220",0.382552749177529,"0.02139337357962782|0.01659956250117497",0,1,0,0.0213933735796278,NA,NA,"United States of America",NA,6,2,"NAM",0.061,NA,NA,"France",NA,2,3,"WE",0.104390243902439,6479905.00863558,8351245.91991084
"220","200","200-220",0.0914571765166884,"0.012457875058094306|0.04219546644985118",0,1,0,0.0421954664498512,NA,NA,"United Kingdom",NA,0,1,"AF",0,NA,NA,"France",NA,2,3,"WE",0.104390243902439,4863131,16471675.9475288
"220","211","211-220",1.27352924541917,"0.014001711821618515|0.016916876438800073",0,1,0,0.0169168764388001,NA,NA,"Belgium",NA,1,3,"WE",0,NA,NA,"France",NA,2,3,"WE",0.104390243902439,5465792.40000787,6603773.58490566
"220","41","220-41",1.37076353879625,"0.0003263050307664872|0.00096851411944378",0,1,0,0.00096851411944378,NA,NA,"Haiti",NA,7,2,"LA",0.114,NA,NA,"France",NA,2,3,"WE",0.104390243902439,378074.994029138,127378.393440013
"220","5","220-5",0.372242533934832,"0.0005710338038413527",0,1,0,0.000571033803841353,NA,NA,"Virgin Islands (Danish West Indies)",NA,7,1,"LA",0,NA,NA,"France",NA,2,3,"WE",0.104390243902439,NA,222912.188520022
"220","6","220-6",0.340457604488212,"0.0000429498996746594|0.0004332190686565014",0,1,0,0.000433219068656501,NA,NA,"Puerto Rico",NA,7,2,"LA",0.0633333333333334,NA,NA,"France",NA,2,3,"WE",0.104390243902439,16766.1810365497,169114
"220","65","220-65",2.28109695947638,"0.0018864509591187545|0.0019135508978348776",0.2,0.8,0.64,0.00191355089783488,NA,NA,"Guadeloupe",NA,7,1,"LA",0.64,NA,NA,"France",NA,2,3,"WE",0.104390243902439,746985.232067511,736406.337075074
"220","66","220-66",2.28109695947638,"0.0022637411509425056|0.002065812778875645",0.8,0.2,0.64,0.00226374115094251,NA,NA,"Martinique",NA,2,1,"LA",0.64,NA,NA,"France",NA,2,3,"WE",0.104390243902439,806423.09529496,883687.604490088
"220","70","220-70",0.708700318722626,"0.0011522646398941581|0.0011216735432597999",0,1,0,0.00115226463989416,NA,NA,"Mexico",NA,6,2,"LA",0.128,NA,NA,"France",NA,2,3,"WE",0.104390243902439,437863.227450044,449804.951835045
"220","90","220-90",1.77333106970205,"0.0000815762576916218",1,0,0,8.15762576916218e-05,NA,NA,"Guatemala",NA,2,3,"LA",0,NA,NA,"France",NA,2,3,"WE",0.104390243902439,NA,31844.5983600032
"2249","200","200-2249",1.22016657176931,"7.223989578694454e-7",1,0,0,7.22398957869445e-07,NA,NA,"United Kingdom",NA,0,1,"AF",0,NA,NA,"Heligoland",NA,0,1,"WE",0,282,NA
"225","220","220-225",1.55019159097598,"0.01036018472683597",0,1,0,0.010360184726836,NA,NA,"France",NA,2,3,"WE",0.104390243902439,NA,NA,"Switzerland",NA,5,3,"WE",0,4044263.9917204,NA
"230","101","101-230",0.458144897986024,"0.00007539337767068107",0,1,0,7.53933776706811e-05,NA,NA,"Venezuela",NA,6,3,"WE",0,NA,NA,"Spain",NA,2,2,"WE",0.126818181818182,NA,29431.012145749
"230","130","130-230",0.355443368428386,"0.000008112183318493164",0.1,0.9,0.36,8.11218331849316e-06,NA,NA,"Ecuador",NA,4,3,"LA",0.216,NA,NA,"Spain",NA,2,2,"WE",0.126818181818182,NA,3166.72064777328
"230","160","160-230",2.01260249559862,"0.0006826714229673291",0.2,0.8,0.64,0.000682671422967329,NA,NA,"Argentina (La Plata)",NA,4,3,"LA",0.41,NA,NA,"Spain",NA,2,2,"WE",0.126818181818182,NA,266491.720647773
"230","165","165-230",0.622567275479818,"0.00013981423348401114",1,0,0,0.000139814233484011,NA,NA,"Uruguay",NA,2,5,"LA",0,NA,NA,"Spain",NA,2,2,"WE",0.126818181818182,NA,54578.7246963563
"230","2","2-230",0.133638037898825,"0.0013473076852004685|0.004577075539238103",0,1,0,0.0045770755392381,NA,NA,"United States of America",NA,6,2,"NAM",0.061,NA,NA,"Spain",NA,2,2,"WE",0.126818181818182,1786734.72325027,525943.127530364
"230","220","220-230",1.00880624667053,"0.0070152427109975305|0.011441070141249959",1,0,0,0.01144107014125,NA,NA,"France",NA,2,3,"WE",0.104390243902439,NA,NA,"Spain",NA,2,2,"WE",0.126818181818182,4466204.91999045,2738512.31781377
"230","40","230-40",2.44208576698117,"0.005934880389001221|0.002556620310121072",0.8,0.2,0.64,0.00593488038900122,NA,NA,"Cuba",NA,2,3,"WE",0.384,NA,NA,"Spain",NA,2,2,"WE",0.126818181818182,998017.673752567,2316775.58704453
"230","6","230-6",1.9600089885301,"0.00034109385396367267",0,1,0,0.000341093853963673,NA,NA,"Puerto Rico",NA,7,2,"LA",0.0633333333333334,NA,NA,"Spain",NA,2,2,"WE",0.126818181818182,NA,133151.447368421
"230","70","230-70",0.371220593961236,"0.000145660350814913|0.00020394064422905452",0,1,0,0.000203940644229055,NA,NA,"Mexico",NA,6,2,"LA",0.128,NA,NA,"Spain",NA,2,2,"WE",0.126818181818182,79611.495900008,56860.8502024292
"230","90","230-90",0.766823469223144,"0.0000046477973264565995",1,0,0,4.6477973264566e-06,NA,NA,"Guatemala",NA,2,3,"LA",0,NA,NA,"Spain",NA,2,2,"WE",0.126818181818182,NA,1814.34210526316
"231","200","200-231",0.603685199042523,"0.0021844319806599167",0,1,0,0.00218443198065992,NA,NA,"United Kingdom",NA,0,1,"AF",0,NA,NA,"Gibraltar",NA,5,4,"WE",0,852728,NA
"231","220","220-231",0.352902937673397,"0.0009249626996941565",0,1,0,0.000924962699694156,NA,NA,"France",NA,2,3,"WE",0.104390243902439,NA,NA,"Gibraltar",NA,5,4,"WE",0,361074,NA
"231","230","230-231",1.61014285310002,"0.000506921460895114",0,1,0,0.000506921460895114,NA,NA,"Spain",NA,2,2,"WE",0.126818181818182,NA,NA,"Gibraltar",NA,5,4,"WE",0,197884.908906883,NA
"235","140","140-235",2.80506622366605,"0.000347514857766309|0.00158452122006149",1,0,0,0.00158452122006149,NA,NA,"Brazil",NA,4,3,"LA",0.166666666666667,NA,NA,"Portugal",NA,4,3,"WE",0.182857142857143,135657.989013614,618543.229042274
"235","200","200-235",0.686525016675959,"0.0036689618390816268|0.003114692972228192",0,1,0,0.00366896183908163,NA,NA,"United Kingdom",NA,0,1,"AF",0,NA,NA,"Portugal",NA,4,3,"WE",0.182857142857143,1432238,1215870.27306743
"235","21","21-235",0.506019248186252,"0.00002028159115761313",0,1,0,2.02815911576131e-05,NA,NA,"Newfoundland and Labrador (Newfoundland)",NA,7,2,"LA",0,NA,NA,"Portugal",NA,4,3,"WE",0.182857142857143,NA,7917.24385001194
"235","220","220-235",1.60737575177025,"0.0011726587043170635|0.005517308218650727",0.2,0.8,0.64,0.00551730821865073,NA,NA,"France",NA,2,3,"WE",0.104390243902439,NA,NA,"Portugal",NA,4,3,"WE",0.182857142857143,457766.101425046,2153769.60433087
"235","230","230-235",1.13698381539575,"0.0004882903163536199|0.000026677679612246856",0.2,0.8,0.64,0.00048829031635362,NA,NA,"Spain",NA,2,2,"WE",0.126818181818182,NA,NA,"Portugal",NA,4,3,"WE",0.182857142857143,190611.943319838,10414.0593901759
"239","210","210-239",2.28831318781414,"0.015171591539854836",1,0,0,0.0151715915398548,NA,NA,"Netherlands",NA,1,3,"WE",0,NA,NA,"Prussia",NA,1,3,"WE",0,5922473.67972016,NA
"239","211","211-239",1.38266368652166,"0.004777060564633739",1,0,0,0.00477706056463374,NA,NA,"Belgium",NA,1,3,"WE",0,NA,NA,"Prussia",NA,1,3,"WE",0,1864802.08000269,NA
"240","200","200-240",1.06681172152092,"0.004201669589747971",0,1,0,0.00420166958974797,NA,NA,"United Kingdom",NA,0,1,"AF",0,NA,NA,"Hanover",NA,1,3,"WE",0,1640189,NA
"240","210","210-240",1.01040960461302,"0.0006624489638465971",1,0,0,0.000662448963846597,NA,NA,"Netherlands",NA,1,3,"WE",0,NA,NA,"Hanover",NA,1,3,"WE",0,258597.559935159,NA
"246","2","2-246",2.35419833424803,"0.003883939100481895|0.004538886028068953",1,0,0,0.00453888602806895,NA,NA,"United States of America",NA,6,2,"NAM",0.061,NA,NA,"Bremen",NA,6,2,"LA",0,1771826.83608849,1516157.81612719
"246","200","200-246",0.0435900528492945,"0.0023163030925507084",0,1,0,0.00231630309255071,NA,NA,"United Kingdom",NA,0,1,"AF",0,NA,NA,"Bremen",NA,6,2,"LA",0,904206,NA
"246","4","246-4",1.76491884788595,"0.000007754261154151814",1,0,0,7.75426115415181e-06,NA,NA,"Hawaii (Sandwich Is.)",NA,6,2,"WE",0,NA,NA,"Bremen",NA,6,2,"LA",0,NA,3027
"246","70","246-70",1.92096370318782,"0.00011125011549497744",1,0,0,0.000111250115494977,NA,NA,"Mexico",NA,6,2,"LA",0.128,NA,NA,"Bremen",NA,6,2,"LA",0,NA,43428.26388082
"248","200","200-248",0.927262775237246,"0.020805725287851205",0,1,0,0.0208057252878512,NA,NA,"United Kingdom",NA,0,1,"AF",0,NA,NA,"Hamburg",NA,1,2,"LA",0.0475,8121848,NA
"248","41","248-41",0.806688118724046,"0.00015037938306315622",0.05,0.95,0.19,0.000150379383063156,NA,NA,"Haiti",NA,7,2,"LA",0.114,NA,NA,"Hamburg",NA,1,2,"LA",0.0475,58703,NA
"248","6","248-6",0.530509149216497,"0.00011693128663442803",0,1,0,0.000116931286634428,NA,NA,"Puerto Rico",NA,7,2,"LA",0.0633333333333334,NA,NA,"Hamburg",NA,1,2,"LA",0.0475,45646,NA
"257","200","200-257",1.13892546980051,"0.0001577596362462125",0,1,0,0.000157759636246212,NA,NA,"United Kingdom",NA,0,1,"AF",0,NA,NA,"Oldenburg",NA,1,4,"WE",0,61584,NA
"276","200","200-276",0.908860895281507,"0.000014914208272042238",0,1,0,1.49142082720422e-05,NA,NA,"United Kingdom",NA,0,1,"AF",0,NA,NA,"Lübeck",NA,1,2,"LA",0.038,5822,NA
"276","210","210-276",0.552787389289104,"0.000001742549407014835",1,0,0,1.74254940701483e-06,NA,NA,"Netherlands",NA,1,3,"WE",0,NA,NA,"Lübeck",NA,1,2,"LA",0.038,680.232062110741,NA
"276","235","235-276",1.12893547945992,"6.814117829548669e-7",0,1,0,6.81411782954867e-07,NA,NA,"Portugal",NA,4,3,"WE",0.182857142857143,NA,NA,"Lübeck",NA,1,2,"LA",0.038,266,NA
"276","41","276-41",0.786378893361416,"1.0759133415076847e-7",0.05,0.95,0.19,1.07591334150768e-07,NA,NA,"Haiti",NA,7,2,"LA",0.114,NA,NA,"Lübeck",NA,1,2,"LA",0.038,42,NA
"280","200","200-280",0.868189246270925,"0.00015198812967855344",0,1,0,0.000151988129678553,NA,NA,"United Kingdom",NA,0,1,"AF",0,NA,NA,"Mecklenburg Schwerin",NA,1,4,"WE",0,59331,NA
"280","210","210-280",0.17685295560181,"0.000012699651121712155",1,0,0,1.26996511217122e-05,NA,NA,"Netherlands",NA,1,3,"WE",0,NA,NA,"Mecklenburg Schwerin",NA,1,4,"WE",0,4957.51215766573,NA
"280","211","211-280",1.10231229668698,"0.000024955246382651607",1,0,0,2.49552463826516e-05,NA,NA,"Belgium",NA,1,3,"WE",0,NA,NA,"Mecklenburg Schwerin",NA,1,4,"WE",0,9741.68000001403,NA
"3","2","2-3",1.94020944023855,"0.000025075528200988613",1,0,0,2.50755282009886e-05,NA,NA,"United States of America",NA,6,2,"NAM",0.061,NA,NA,"Alaska",NA,6,2,"NAM",0,9788.63393371165,NA
"30","5","30-5",1.23958927080148,"2.3567625575882616e-7",1,0,0,2.35676255758826e-07,NA,NA,"Virgin Islands (Danish West Indies)",NA,7,1,"LA",0,NA,NA,"Bermuda",NA,7,1,"LA",0.0691666666666667,NA,92
"30","6","30-6",4.53523789709123,"0.000004982503450553444",0.95,0.05,0.19,4.98250345055344e-06,NA,NA,"Puerto Rico",NA,7,2,"LA",0.0633333333333334,NA,NA,"Bermuda",NA,7,1,"LA",0.0691666666666667,NA,1945
"31","2","2-31",1.84977696784063,"0.00013280613181853072",0,1,0,0.000132806131818531,NA,NA,"United States of America",NA,6,2,"NAM",0.061,NA,NA,"Bahamas",NA,7,1,"LA",0.019,NA,51843
"31","30","30-31",2.21117727231164,"3.3302079618095e-8",1,0,0,3.3302079618095e-08,NA,NA,"Bermuda",NA,7,1,"LA",0.0691666666666667,NA,NA,"Bahamas",NA,7,1,"LA",0.019,NA,13
"324","2","2-324",0.328037805154813,"0.000027198649666777873|0.0014639161625131347",0,1,0,0.00146391616251313,NA,NA,"United States of America",NA,6,2,"NAM",0.061,NA,NA,"Kingdom of Sardinia",NA,5,3,"WE",0.0364285714285714,571463.113742906,10617.4283925497
"324","200","200-324",0.328460914286158,"0.0004770191015187676|0.003008919744447848",0,1,0,0.00300891974444785,NA,NA,"United Kingdom",NA,0,1,"AF",0,NA,NA,"Kingdom of Sardinia",NA,5,3,"WE",0.0364285714285714,1174580,186212.044138363
"324","210","210-324",0.644429854569441,"0.000057142133743004365|0.0006884300629696745",0,1,0,0.000688430062969674,NA,NA,"Netherlands",NA,1,3,"WE",0,NA,NA,"Kingdom of Sardinia",NA,5,3,"WE",0.0364285714285714,268739.697977988,22306.3468461418
"324","211","211-324",0.385915976010669,"0.0000034831921591472817|0.0004140348165024546",0,1,0,0.000414034816502455,NA,NA,"Belgium",NA,1,3,"WE",0,NA,NA,"Kingdom of Sardinia",NA,5,3,"WE",0.0364285714285714,161625.120000233,1359.71983095946
"324","220","220-324",1.70224932772727,"0.012302333088070072",0,1,0,0.0123023330880701,NA,NA,"France",NA,2,3,"WE",0.104390243902439,NA,NA,"Kingdom of Sardinia",NA,5,3,"WE",0.0364285714285714,NA,4802412.70151823
"324","225","225-324",2.32843477963181,"0.0030827946646075615",1,0,0,0.00308279466460756,NA,NA,"Switzerland",NA,5,3,"WE",0,NA,NA,"Kingdom of Sardinia",NA,5,3,"WE",0.0364285714285714,NA,1203418.25794334
"324","230","230-324",0.0191952880466749,"0.0005483355789970271|0.00018732743886700726",0,1,0,0.000548335578997027,NA,NA,"Spain",NA,2,2,"WE",0.126818181818182,NA,NA,"Kingdom of Sardinia",NA,5,3,"WE",0.0364285714285714,73126.2651821862,214051.573016121
"324","300","300-324",2.49672203948711,"0.003814697647956226",1,0,0,0.00381469764795623,NA,NA,"Austria-Hungary (Austrian Empire)",NA,5,1,"WE",0,NA,NA,"Kingdom of Sardinia",NA,5,3,"WE",0.0364285714285714,NA,1489128.30646424
"327","200","200-327",0.18228628783959,"0.0010491256610025755",0,1,0,0.00104912566100258,NA,NA,"United Kingdom",NA,0,1,"AF",0,NA,NA,"Papal States",NA,5,3,"WE",0,409543,NA
"327","220","220-327",0.563965298176699,"0.0008361566413391235",0,1,0,0.000836156641339124,NA,NA,"France",NA,2,3,"WE",0.104390243902439,NA,NA,"Papal States",NA,5,3,"WE",0,326407.133190033,NA
"327","324","324-327",1.4515695449064,"0.0002775617692768257",1,0,0,0.000277561769276826,NA,NA,"Kingdom of Sardinia",NA,5,3,"WE",0.0364285714285714,NA,NA,"Papal States",NA,5,3,"WE",0,108350.680857724,NA
"329","200","200-329",0.789066411717117,"0.0040197300820005895",0,1,0,0.00401973008200059,NA,NA,"United Kingdom",NA,0,1,"AF",0,NA,NA,"Two Sicilies",NA,5,3,"WE",0,1569166,NA
"329","210","210-329",0.798784518021196,"0.0006770848052601373",0,1,0,0.000677084805260137,NA,NA,"Netherlands",NA,1,3,"WE",0,NA,NA,"Two Sicilies",NA,5,3,"WE",0,264310.894974831,NA
"329","211","211-329",0.581949394908989,"0.00042454228866357105",0,1,0,0.000424542288663571,NA,NA,"Belgium",NA,1,3,"WE",0,NA,NA,"Two Sicilies",NA,5,3,"WE",0,165726.880000239,NA
"329","324","324-329",0.946102106371643,"0.0003496922846705485",1,0,0,0.000349692284670548,NA,NA,"Kingdom of Sardinia",NA,5,3,"WE",0.0364285714285714,NA,NA,"Two Sicilies",NA,5,3,"WE",0,136507.98246987,NA
"3349","200","200-3349",1.07146768139283,"0.0008656107087194147",0,1,0,0.000865610708719415,NA,NA,"United Kingdom",NA,0,1,"AF",0,NA,NA,"Ionian Is.",NA,5,3,"WE",0,337905,NA
"3349","338","3349-338",1.32435610432056,"0.000014555570491539677",1,0,0,1.45555704915397e-05,NA,NA,"Malta",NA,5,1,"AF",0,NA,NA,"Ionian Is.",NA,5,3,"WE",0,5682,NA
"3349","350","3349-350",3.85424422360646,"0.00008213573683038308",1,0,0,8.21357368303831e-05,NA,NA,"Greece",NA,5,3,"WE",0,NA,NA,"Ionian Is.",NA,5,3,"WE",0,32063,NA
"3349","651","3349-651",0.231033497684768,"0.00000968718060088009",1,0,0,9.68718060088009e-06,NA,NA,"Egypt Arab Republic (Egypt)",NA,5,1,"AF",0,NA,NA,"Ionian Is.",NA,5,3,"WE",0,3781.54605525038,NA
"3361","200","200-3361",0.744956852794561,"0.0003863655504919438",0,1,0,0.000386365550491944,NA,NA,"United Kingdom",NA,0,1,"AF",0,NA,NA,"Moldavia",NA,5,1,"WE",0,NA,150823.978982565
"3361","220","220-3361",0.550220798643894,"0.00013551855809020672",0,1,0,0.000135518558090207,NA,NA,"France",NA,2,3,"WE",0.104390243902439,NA,NA,"Moldavia",NA,5,1,"WE",0,NA,52901.8390255553
"3361","300","300-3361",0.684731135636759,"0.00002171967861039431",1,0,0,2.17196786103943e-05,NA,NA,"Austria-Hungary (Austrian Empire)",NA,5,1,"WE",0,NA,NA,"Moldavia",NA,5,1,"WE",0,NA,8478.62431335085
"3361","640","3361-640",2.41213897563171,"0.00022147953963275324",1,0,0,0.000221479539632753,NA,NA,"Turkey (Ottoman Empire)",NA,5,3,"WE",0,NA,NA,"Moldavia",NA,5,1,"WE",0,NA,86458.0845474087
"3362","200","200-3362",0.572454675765889,"0.0012443438407635763",0,1,0,0.00124434384076358,NA,NA,"United Kingdom",NA,0,1,"AF",0,NA,NA,"Wallachia",NA,5,1,"WE",0,NA,485749.542233899
"3362","220","220-3362",0.630095269261455,"0.0005617545045289307",0,1,0,0.000561754504528931,NA,NA,"France",NA,2,3,"WE",0.104390243902439,NA,NA,"Wallachia",NA,5,1,"WE",0,NA,219289.865456572
"3362","300","300-3362",1.68119950918241,"0.0002251504712288762",1,0,0,0.000225150471228876,NA,NA,"Austria-Hungary (Austrian Empire)",NA,5,1,"WE",0,NA,NA,"Wallachia",NA,5,1,"WE",0,NA,87891.0914736088
"3362","640","3362-640",2.46847837617673,"0.0008967270126751528",1,0,0,0.000896727012675153,NA,NA,"Turkey (Ottoman Empire)",NA,5,3,"WE",0,NA,NA,"Wallachia",NA,5,1,"WE",0,NA,350051.747472335
"337","200","200-337",0.615451564959364,"0.002392423961462377|0.0013679318711663834",0,1,0,0.00239242396146238,NA,NA,"United Kingdom",NA,0,1,"AF",0,NA,NA,"Tuscany",NA,5,3,"WE",0,933921,533994.108749303
"337","210","210-337",0.598026966753731,"0.00039218988853174713|0.0002416696634114296",0,1,0,0.000392189888531747,NA,NA,"Netherlands",NA,1,3,"WE",0,NA,NA,"Tuscany",NA,5,3,"WE",0,153097.602593635,94339.6226415094
"337","225","225-337",0.340856834200949,"0.00010197032211452726",1,0,0,0.000101970322114527,NA,NA,"Switzerland",NA,5,3,"WE",0,NA,NA,"Tuscany",NA,5,3,"WE",0,NA,39805.747950004
"337","230","230-337",0.834854629188541,"0.0002527125615294474|0.0002906154180264027",0,1,0,0.000290615418026403,NA,NA,"Spain",NA,2,2,"WE",0.126818181818182,NA,NA,"Tuscany",NA,5,3,"WE",0,98650.3947368421,113446.381657511
"337","300","300-337",1.91054468411359,"0.0005124008686254995",1,0,0,0.0005124008686255,NA,NA,"Austria-Hungary (Austrian Empire)",NA,5,1,"WE",0,NA,NA,"Tuscany",NA,5,3,"WE",0,NA,200023.88344877
"337","324","324-337",2.51165304545339,"0.0004792605139382782",1,0,0,0.000479260513938278,NA,NA,"Kingdom of Sardinia",NA,5,3,"WE",0.0364285714285714,NA,NA,"Tuscany",NA,5,3,"WE",0,NA,187087.015365019
"337","327","327-337",3.85941427043019,"0.000744383351436049",1,0,0,0.000744383351436049,NA,NA,"Papal States",NA,5,3,"WE",0,NA,NA,"Tuscany",NA,5,3,"WE",0,NA,290581.960035029
"337","329","329-337",2.28879399091879,"0.0003232459211030514",1,0,0,0.000323245921103051,NA,NA,"Two Sicilies",NA,5,3,"WE",0,NA,NA,"Tuscany",NA,5,3,"WE",0,NA,126184.221001513
"338","200","200-338",0.969041064261039,"0.0024354271930430663|0.0011093691230317094",0,1,0,0.00243542719304307,NA,NA,"United Kingdom",NA,0,1,"AF",0,NA,NA,"Malta",NA,5,1,"AF",0,433060,950708
"338","220","220-338",0.305781406282224,"0.0005346853818559725|0.0003291218911672007",0,1,0,0.000534685381855973,NA,NA,"France",NA,2,3,"WE",0.104390243902439,NA,NA,"Malta",NA,5,1,"AF",0,128478,208723
"338","230","230-338",1.27430866317738,"0.00038420609255396205|0.000022987250497891776",0,1,0,0.000384206092553962,NA,NA,"Spain",NA,2,2,"WE",0.126818181818182,NA,NA,"Malta",NA,5,1,"AF",0,8973.44129554656,149981
"338","231","231-338",2.51670677563285,"0.00019321098084889072",1,0,0,0.000193210980848891,NA,NA,"Gibraltar",NA,5,4,"WE",0,NA,NA,"Malta",NA,5,1,"AF",0,NA,75423
"338","329","329-338",0.344092641968631,"0.000033637662112708116",1,0,0,3.36376621127081e-05,NA,NA,"Two Sicilies",NA,5,3,"WE",0,NA,NA,"Malta",NA,5,1,"AF",0,NA,13131
"338","337","337-338",1.65007964099616,"0.00008791236679490648",1,0,0,8.79123667949065e-05,NA,NA,"Tuscany",NA,5,3,"WE",0,NA,NA,"Malta",NA,5,1,"AF",0,NA,34318
"350","200","200-350",0.837125508087299,"0.0006390464142837858|0.0009595584370204929",0,1,0,0.000959558437020493,NA,NA,"United Kingdom",NA,0,1,"AF",0,NA,NA,"Greece",NA,5,3,"WE",0,249462,374579
"350","220","220-350",0.960201342997886,"0.0006933981903787855|0.00023414179839796164",0,1,0,0.000693398190378785,NA,NA,"France",NA,2,3,"WE",0.104390243902439,NA,NA,"Greece",NA,5,3,"WE",0,270679.086060027,91401
"350","329","329-350",0.331793992698374,"0.000014937263557931689",1,0,0,1.49372635579317e-05,NA,NA,"Two Sicilies",NA,5,3,"WE",0,NA,NA,"Greece",NA,5,3,"WE",0,NA,5831
"350","337","337-350",1.65647981296741,"0.00004588664495153727|0.000009198586279679714",1,0,0,4.58866449515373e-05,NA,NA,"Tuscany",NA,5,3,"WE",0,NA,NA,"Greece",NA,5,3,"WE",0,17912.5865775018,3590.81543877099
"350","338","338-350",0.275054380196288,"0.000008387000666895619",1,0,0,8.38700066689562e-06,NA,NA,"Malta",NA,5,1,"AF",0,NA,NA,"Greece",NA,5,3,"WE",0,3274,NA
"365","2","2-365",0.0314343683929736,"0.000670041216288615|0.002259090299269006",0,1,0,0.00225909029926901,NA,NA,"United States of America",NA,6,2,"NAM",0.061,NA,NA,"Russia (USSR)",NA,1,4,"EESU",0,881872.070071552,261561.317240352
"365","200","200-365",0.641473894571362,"0.025171010603412418|0.007922049839759937",0,1,0,0.0251710106034124,NA,NA,"United Kingdom",NA,0,1,"AF",0,NA,NA,"Russia (USSR)",NA,1,4,"EESU",0,3092499,9825907.01832812
"365","210","210-365",0.12047549072069,"0.002584145643903319|0.0008463304354876737",1,0,0,0.00258414564390332,NA,NA,"Netherlands",NA,1,3,"WE",0,NA,NA,"Russia (USSR)",NA,1,4,"EESU",0,330378.636635099,1008762.62852034
"365","220","220-365",0.0937068590295439,"0.002600243213920445|0.006202712061950901",0,1,0,0.0062027120619509,NA,NA,"France",NA,2,3,"WE",0.104390243902439,NA,NA,"Russia (USSR)",NA,1,4,"EESU",0,1015046.5727251,2421327.96900611
"365","239","239-365",1.22685053188458,"0.005892272078234998",1,0,0,0.005892272078235,NA,NA,"Prussia",NA,1,3,"WE",0,NA,NA,"Russia (USSR)",NA,1,4,"EESU",0,NA,2300142.75070779
"365","300","300-365",1.10566124871861,"0.00239059140577086",0,1,0,0.00239059140577086,NA,NA,"Austria-Hungary (Austrian Empire)",NA,5,1,"WE",0,NA,NA,"Russia (USSR)",NA,1,4,"EESU",0,NA,933205.632543585
"365","324","324-365",0.869080499985582,"0.00009753238761502844|0.0009675276556302991",0,1,0,0.000967527655630299,NA,NA,"Kingdom of Sardinia",NA,5,3,"WE",0.0364285714285714,NA,NA,"Russia (USSR)",NA,1,4,"EESU",0,38073.3291594929,377689.912084637
"365","337","337-365",1.55539587801133,"0.0005622960504483575|0.00038238870792947725",0,1,0,0.000562296050448358,NA,NA,"Tuscany",NA,5,3,"WE",0,NA,NA,"Russia (USSR)",NA,1,4,"EESU",0,149271.554812515,219501.266577261
"380","200","200-380",0.585766953657958,"0.001096775813539205|0.0033681743489775828",0,1,0,0.00336817434897758,NA,NA,"United Kingdom",NA,0,1,"AF",0,NA,NA,"Sweden",NA,1,4,"WE",0,428144,1314820.78713537
"380","230","230-380",0.772948092403666,"0.00012475953627689984|0.0001853165367512406",0,1,0,0.000185316536751241,NA,NA,"Spain",NA,2,2,"WE",0.126818181818182,NA,NA,"Sweden",NA,1,4,"WE",0,48701.8825910931,72341.2773434459
"380","235","235-380",1.33175350389988,"0.0001853165367512406|0.00002448471361459631",0,1,0,0.000185316536751241,NA,NA,"Portugal",NA,4,3,"WE",0.182857142857143,NA,NA,"Sweden",NA,1,4,"WE",0,9558,72341.2773434459
"380","239","239-380",0.317814709992608,"0.00033587732026089576",1,0,0,0.000335877320260896,NA,NA,"Prussia",NA,1,3,"WE",0,NA,NA,"Sweden",NA,1,4,"WE",0,NA,131115.089912256
"380","246","246-380",0.361197313406676,"0.0000843106187992879",0,1,0,8.43106187992879e-05,NA,NA,"Bremen",NA,6,2,"LA",0,NA,NA,"Sweden",NA,1,4,"WE",0,NA,32912
"380","248","248-380",1.24487544450478,"0.0007573072224045054",1,0,0,0.000757307222404505,NA,NA,"Hamburg",NA,1,2,"LA",0.0475,NA,NA,"Sweden",NA,1,4,"WE",0,NA,295627
"380","257","257-380",1.82059349114748,"0.000008264039142151882",1,0,0,8.26403914215188e-06,NA,NA,"Oldenburg",NA,1,4,"WE",0,NA,NA,"Sweden",NA,1,4,"WE",0,NA,3226
"380","276","276-380",1.22214704263734,"5.405183691860034e-7",1,0,0,5.40518369186003e-07,NA,NA,"Lübeck",NA,1,2,"LA",0.038,NA,NA,"Sweden",NA,1,4,"WE",0,NA,211
"380","280","280-380",1.2787744045953,"0.000006071225284221935",1,0,0,6.07122528422193e-06,NA,NA,"Mecklenburg Schwerin",NA,1,4,"WE",0,NA,NA,"Sweden",NA,1,4,"WE",0,NA,2370
"380","365","365-380",1.11486623725972,"0.00003561040291146053|0.00038772914705178905",1,0,0,0.000387729147051789,NA,NA,"Russia (USSR)",NA,1,4,"EESU",0,NA,NA,"Sweden",NA,1,4,"WE",0,151356.280733125,13901.0909576184
"385","200","200-385",0.353201421442988,"0.0007564388066360028",0,1,0,0.000756438806636003,NA,NA,"United Kingdom",NA,0,1,"AF",0,NA,NA,"Norway",NA,1,1,"WE",0,295288,NA
"385","210","210-385",0.507017604279884,"0.00014716379411343334",1,0,0,0.000147163794113433,NA,NA,"Netherlands",NA,1,3,"WE",0,NA,NA,"Norway",NA,1,1,"WE",0,57447.7433666069,NA
"385","365","365-385",0.701479227295854,"0.0002006751566620321",1,0,0,0.000200675156662032,NA,NA,"Russia (USSR)",NA,1,4,"EESU",0,NA,NA,"Norway",NA,1,1,"WE",0,78336.7605423931,NA
"385","380","380-385",3.14594301638806,"0.00032718838195049934",1,0,0,0.000327188381950499,NA,NA,"Sweden",NA,1,4,"WE",0,NA,NA,"Norway",NA,1,1,"WE",0,127723.223718597,NA
"390","200","200-390",0.0158118947687641,"0.0010953354192651124",0,1,0,0.00109533541926511,NA,NA,"United Kingdom",NA,0,1,"AF",0,NA,NA,"Denmark",NA,1,3,"WE",0,427581.719032026,NA
"390","210","210-390",0.328815084333189,"0.0002498666794260354",1,0,0,0.000249866679426035,NA,NA,"Netherlands",NA,1,3,"WE",0,NA,NA,"Denmark",NA,1,3,"WE",0,97539.4590905213,NA
"390","230","230-390",0.164660477372982,"0.00010781877563504902",0,1,0,0.000107818775635049,NA,NA,"Spain",NA,2,2,"WE",0.126818181818182,NA,NA,"Denmark",NA,1,3,"WE",0,42088.7854251012,NA
"390","365","365-390",1.76734161533012,"0.0011822014960358338",1,0,0,0.00118220149603583,NA,NA,"Russia (USSR)",NA,1,4,"EESU",0,NA,NA,"Denmark",NA,1,3,"WE",0,461491.282968261,NA
"390","380","380-390",3.29407974264215,"0.0007698969109457767",1,0,0,0.000769896910945777,NA,NA,"Sweden",NA,1,4,"WE",0,NA,NA,"Denmark",NA,1,3,"WE",0,300541.586503709,NA
"4","2","2-4",1.916209990529,"0.0003192400005194926",1,0,0,0.000319240000519493,NA,NA,"United States of America",NA,6,2,"NAM",0.061,NA,NA,"Hawaii (Sandwich Is.)",NA,6,2,"WE",0,124620.445760342,NA
"40","2","2-40",1.69331396037261,"0.008080087536230155|0.006148353812454832",0.2,0.8,0.64,0.00808008753623016,NA,NA,"United States of America",NA,6,2,"NAM",0.061,NA,NA,"Cuba",NA,2,3,"WE",0.384,2400108.35595032,3154191.54526064
"40","30","30-40",0.942222977921703,"0.0000014729765984926635",0,1,0,1.47297659849266e-06,NA,NA,"Bermuda",NA,7,1,"LA",0.0691666666666667,NA,NA,"Cuba",NA,2,3,"WE",0.384,575,NA
"402","2","2-402",1.00139071399327,"0.000024470867085740442",0,1,0,2.44708670857404e-05,NA,NA,"United States of America",NA,6,2,"NAM",0.061,NA,NA,"Cape Verde",NA,0,3,"AF",0,9552.59478575541,NA
"402","200","200-402",0.714081752159545,"0.00003772100941357299",1,0,0,3.7721009413573e-05,NA,NA,"United Kingdom",NA,0,1,"AF",0,NA,NA,"Cape Verde",NA,0,3,"AF",0,14725,NA
"4050","200","200-4050",0.688174549222577,"0.00008954929209305746",0,1,0,8.95492920930575e-05,NA,NA,"United Kingdom",NA,0,1,"AF",0,NA,NA,"St. Helena",NA,3,1,"AF",0,34957,NA
"4050","561","4050-561",4.45037921898128,"0.00005996423690002829",1,0,0,5.99642369000283e-05,NA,NA,"Cape Colony (Cape of Good Hope)",NA,3,3,"WE",0,NA,NA,"St. Helena",NA,3,1,"AF",0,23408,NA
"4070","200","200-4070",1.00915354896848,"0.000017719268055258702",0,1,0,1.77192680552587e-05,NA,NA,"United Kingdom",NA,0,1,"AF",0,NA,NA,"Ascension I.",NA,3,1,"AF",0,6917,NA
"4070","561","4070-561",3.72392477536093,"0.000004162759952261875",1,0,0,4.16275995226188e-06,NA,NA,"Cape Colony (Cape of Good Hope)",NA,3,3,"WE",0,NA,NA,"Ascension I.",NA,3,1,"AF",0,1625,NA
"41","2","2-41",1.71032582712938,"0.0010422845974090349|0.001209469990600408",0,1,0,0.00120946999060041,NA,NA,"United States of America",NA,6,2,"NAM",0.061,NA,NA,"Haiti",NA,7,2,"LA",0.114,406872.48128958,472135.976434997
"41","31","31-41",2.65331362552959,"0.000005430800676181646",0.95,0.05,0.19,5.43080067618165e-06,NA,NA,"Bahamas",NA,7,1,"LA",0.019,NA,NA,"Haiti",NA,7,2,"LA",0.114,2120,NA
"411","200","200-411",1.00063659772374,"0.000027576683622214824",0,1,0,2.75766836222148e-05,NA,NA,"United Kingdom",NA,0,1,"AF",0,NA,NA,"Equatorial Guinea (Spanish Guinea)",NA,2,2,"WE",0,10765,NA
"411","230","230-411",2.06335502045052,"0.000006769832597543293",1,0,0,6.76983259754329e-06,NA,NA,"Spain",NA,2,2,"WE",0.126818181818182,NA,NA,"Equatorial Guinea (Spanish Guinea)",NA,2,2,"WE",0,2642.71255060729,NA
"42","2","2-42",1.94020944023855,"0.0000592162327561029",1,0,0,5.92162327561029e-05,NA,NA,"United States of America",NA,6,2,"NAM",0.061,NA,NA,"Dominican Republic (Santo Domingo)",NA,6,2,"LA",0,23116.0046056419,NA
"420","2","2-420",0.102401313240536,"0.00005458979358935419",0,1,0,5.45897935893542e-05,NA,NA,"United States of America",NA,6,2,"NAM",0.061,NA,NA,"Gambia",NA,0,3,"WE",0,NA,21310
"420","200","200-420",1.15682821181006,"0.0001265427791518967|0.00006980115887952712",1,0,0,0.000126542779151897,NA,NA,"United Kingdom",NA,0,1,"AF",0,NA,NA,"Gambia",NA,0,3,"WE",0,49398,27248
"420","220","220-420",2.01601029474108,"0.0004160659359547503",0,1,0,0.00041606593595475,NA,NA,"France",NA,2,3,"WE",0.104390243902439,NA,NA,"Gambia",NA,0,3,"WE",0,NA,162418
"420","402","402-420",2.41340559127083,"3.791313679598508e-7",1,0,0,3.79131367959851e-07,NA,NA,"Cape Verde",NA,0,3,"AF",0,NA,NA,"Gambia",NA,0,3,"WE",0,NA,148
"433","220","220-433",2.28109695947638,"0.0009381269634536509|0.0006450845497906003",1,0,0,0.000938126963453651,NA,NA,"France",NA,2,3,"WE",0.104390243902439,NA,NA,"Senegal",NA,2,3,"WE",0,366212.881140037,251819.082875567
"4338","220","220-4338",2.28109695947638,"0.0002909824092156929",1,0,0,0.000290982409215693,NA,NA,"France",NA,2,3,"WE",0.104390243902439,NA,NA,"Goree",NA,2,3,"AF",0,NA,113589.642544383
"4341","230","230-4341",3.68737925436115,"0.0000024955817216144847",1,0,0,2.49558172161448e-06,NA,NA,"Spain",NA,2,2,"WE",0.126818181818182,NA,NA,"Old Dahomey",NA,2,2,"AF",0,974.19028340081,NA
"451","2","2-451",1.16117682161729,"0.00012043312839119233",0,1,0,0.000120433128391192,NA,NA,"United States of America",NA,6,2,"NAM",0.061,NA,NA,"Sierra Leone",NA,0,2,"WE",0,NA,47013
"451","200","200-451",1.21519548982779,"0.000305853984307881|0.00022166888873176898",1,0,0,0.000305853984307881,NA,NA,"United Kingdom",NA,0,1,"AF",0,NA,NA,"Sierra Leone",NA,0,2,"WE",0,119395,86532
"451","220","220-451",0.423061894494962,"0.00006473924277757668",0,1,0,6.47392427775767e-05,NA,NA,"France",NA,2,3,"WE",0.104390243902439,NA,NA,"Sierra Leone",NA,0,2,"WE",0,NA,25272
"451","420","420-451",4.98857173378339,"0.000008210243475076498|0.0000015242105671358866",1,0,0,8.2102434750765e-06,NA,NA,"Gambia",NA,0,3,"WE",0,NA,NA,"Sierra Leone",NA,0,2,"WE",0,595,3205
"452","2","2-452",0.377219732242835,"0.000052312443683162926",0,1,0,5.23124436831629e-05,NA,NA,"United States of America",NA,6,2,"NAM",0.061,NA,NA,"Ghana (Gold Coast)",NA,0,1,"AF",0,NA,20421
"452","200","200-452",1.22016657176931,"0.00024318715556192268|0.0003036970342280013",1,0,0,0.000303697034228001,NA,NA,"United Kingdom",NA,0,1,"AF",0,NA,NA,"Ghana (Gold Coast)",NA,0,1,"AF",0,94932,118553
"5","2","2-5",0.11304129464558,"0.0003941689949394312",0,1,0,0.000394168994939431,NA,NA,"United States of America",NA,6,2,"NAM",0.061,NA,NA,"Virgin Islands (Danish West Indies)",NA,7,1,"LA",0,153870.178468624,NA
"51","30","30-51",2.80532592046917,"5.9943743312571e-7",1,0,0,5.9943743312571e-07,NA,NA,"Bermuda",NA,7,1,"LA",0.0691666666666667,NA,NA,"Jamaica",NA,7,1,"LA",0,234,NA
"51","31","31-51",1.80856518287025,"0.0000018264909821309027",1,0,0,1.8264909821309e-06,NA,NA,"Bahamas",NA,7,1,"LA",0.019,NA,NA,"Jamaica",NA,7,1,"LA",0,713,NA
"54","31","31-54",3.01310743123303,"4.841610036784581e-7",1,0,0,4.84161003678458e-07,NA,NA,"Bahamas",NA,7,1,"LA",0.019,NA,NA,"Dominica",NA,7,1,"LA",0.182857142857143,189,NA
"561","200","200-561",1.15475860981074,"0.004105408647762651|0.0034097538215249685",0,1,0,0.00410540864776265,NA,NA,"United Kingdom",NA,0,1,"AF",0,NA,NA,"Cape Colony (Cape of Good Hope)",NA,3,3,"WE",0,1602612,1331052
"561","380","380-561",1.36682824234748,"0.00013446488139367497",0,1,0,0.000134464881393675,NA,NA,"Sweden",NA,1,4,"WE",0,NA,NA,"Cape Colony (Cape of Good Hope)",NA,3,3,"WE",0,52490.5194559669,NA
"562","200","200-562",0.92064829071122,"0.0002581807764853619",0,1,0,0.000258180776485362,NA,NA,"United Kingdom",NA,0,1,"AF",0,NA,NA,"Natal",NA,3,1,"AF",0,100785,NA
"562","561","561-562",4.03180834296029,"0.00009015897631991181",1,0,0,9.01589763199118e-05,NA,NA,"Cape Colony (Cape of Good Hope)",NA,3,3,"WE",0,NA,NA,"Natal",NA,3,1,"AF",0,35195,NA
"585","220","220-585",2.28109695947638,"0.0031304888889159875|0.003510992879381822",1,0,0,0.00351099287938182,NA,NA,"France",NA,2,3,"WE",0.104390243902439,NA,NA,"Reunion (Bourbon I.)",NA,2,1,"AS",0,1222036.46206512,1370572.28723828
"590","200","200-590",0.387714397938624,"0.0015449680095316885",0,1,0,0.00154496800953169,NA,NA,"United Kingdom",NA,0,1,"AF",0,NA,NA,"Mauritius",NA,3,1,"AS",0,603103,NA
"590","561","561-590",2.12619569943408,"0.00013672809211816943",1,0,0,0.000136728092118169,NA,NA,"Cape Colony (Cape of Good Hope)",NA,3,3,"WE",0,NA,NA,"Mauritius",NA,3,1,"AS",0,53374,NA
"6","2","2-6",1.88356172155543,"0.0014740625824238873|0.0008490790431302993",0.05,0.95,0.19,0.00147406258242389,NA,NA,"United States of America",NA,6,2,"NAM",0.061,NA,NA,"Puerto Rico",NA,7,2,"LA",0.0633333333333334,331451.599638128,575423.931215942
"600","200","200-600",1.19882069278368,"0.00021537735738238117",1,0,0,0.000215377357382381,NA,NA,"United Kingdom",NA,0,1,"AF",0,NA,NA,"Morocco",NA,0,1,"AF",0,84076,NA
"615","220","220-615",1.96786270025916,"0.009850333116263335|0.00291635121247548",1,0,0,0.00985033311626334,NA,NA,"France",NA,2,3,"WE",0.104390243902439,NA,NA,"Algeria (Regency of Algiers)",NA,2,1,"WE",0,3845235.25197038,1138444.39137011
"615","230","230-615",2.11818915165408,"0.0005011991503457259|0.0009246250731024663",1,0,0,0.000924625073102466,NA,NA,"Spain",NA,2,2,"WE",0.126818181818182,NA,NA,"Algeria (Regency of Algiers)",NA,2,1,"WE",0,195651.113360324,360942.202053977
"615","337","337-615",0.274461972302758,"0.00002298982094265286",0,1,0,2.29898209426529e-05,NA,NA,"Tuscany",NA,5,3,"WE",0,NA,NA,"Algeria (Regency of Algiers)",NA,2,1,"WE",0,NA,8974.4447098161
"616","230","230-616",2.77946534345459,"0.00001641447162589934",0.85,0.15,0.51,1.64144716258993e-05,NA,NA,"Spain",NA,2,2,"WE",0.126818181818182,NA,NA,"Tunisia (Regency of Tunis)",NA,2,3,"WE",0.51,6407.65182186235,NA
"616","324","324-616",2.63430764825107,"0.000012444343722715537",0.15,0.85,0.51,1.24443437227155e-05,NA,NA,"Kingdom of Sardinia",NA,5,3,"WE",0.0364285714285714,NA,NA,"Tunisia (Regency of Tunis)",NA,2,3,"WE",0.51,4857.84882657596,NA
"630","365","365-630",2.84733001420715,"0.00046829381839637275",1,0,0,0.000468293818396373,NA,NA,"Russia (USSR)",NA,1,4,"EESU",0,NA,NA,"Iran (Persia)",NA,1,4,"ME",0,182805.9901654,NA
"640","200","200-640",0.811195795068071,"0.0024404461339567023|0.012849758560849455",0,1,0,0.0128497585608495,NA,NA,"United Kingdom",NA,0,1,"AF",0,NA,NA,"Turkey (Ottoman Empire)",NA,5,3,"WE",0,5016109,952667.223947138
"640","220","220-640",0.430318782273743,"0.004700831849479707|0.0007106072117904435",0,1,0,0.00470083184947971,NA,NA,"France",NA,2,3,"WE",0.104390243902439,NA,NA,"Turkey (Ottoman Empire)",NA,5,3,"WE",0,1835044.98049518,277396.903112809
"640","300","300-640",2.82033362573369,"0.0010865191727404946",1,0,0,0.00108651917274049,NA,NA,"Austria-Hungary (Austrian Empire)",NA,5,1,"WE",0,NA,NA,"Turkey (Ottoman Empire)",NA,5,3,"WE",0,NA,424140.156038532
"640","324","324-640",0.224616475937922,"0.000585246048823329|0.00004155616931197753",1,0,0,0.000585246048823329,NA,NA,"Kingdom of Sardinia",NA,5,3,"WE",0.0364285714285714,NA,NA,"Turkey (Ottoman Empire)",NA,5,3,"WE",0,228460.165910158,16222.116073561
"640","337","337-640",0.711632867588031,"0.00004035832393809818",1,0,0,4.03583239380982e-05,NA,NA,"Tuscany",NA,5,3,"WE",0,NA,NA,"Turkey (Ottoman Empire)",NA,5,3,"WE",0,NA,15754.5179523923
"640","338","338-640",1.07070005713134,"0.00003427040162545192|0.000020318912295507046",1,0,0,3.42704016254519e-05,NA,NA,"Malta",NA,5,1,"AF",0,NA,NA,"Turkey (Ottoman Empire)",NA,5,3,"WE",0,13378,7931.81275376164
"640","350","350-640",2.16979210778036,"0.00039366644486393316|0.00003861096049834363",1,0,0,0.000393666444863933,NA,NA,"Greece",NA,5,3,"WE",0,NA,NA,"Turkey (Ottoman Empire)",NA,5,3,"WE",0,153674,15072.4066555211
"640","365","365-640",0.880596098560059,"0.00008974183714590892|0.0034596911104115982",0,1,0,0.0034596911104116,NA,NA,"Russia (USSR)",NA,1,4,"EESU",0,NA,NA,"Turkey (Ottoman Empire)",NA,5,3,"WE",0,1350545.82029504,35032.1630443436
"65","54","54-65",0.447407321532101,"6.865351798191893e-7",0.8,0.2,0.64,6.86535179819189e-07,NA,NA,"Dominica",NA,7,1,"LA",0.182857142857143,NA,NA,"Guadeloupe",NA,7,1,"LA",0.64,268,NA
"651","200","200-651",0.885076604775323,"0.005098686721245681|0.004447356962979683",0,1,0,0.00509868672124568,NA,NA,"United Kingdom",NA,0,1,"AF",0,NA,NA,"Egypt Arab Republic (Egypt)",NA,5,1,"AF",0,1990354,1736097
"651","220","220-651",0.0952592515952273,"0.0012032498009514217|0.0008603236076802665",0,1,0,0.00120324980095142,NA,NA,"France",NA,2,3,"WE",0.104390243902439,NA,NA,"Egypt Arab Republic (Egypt)",NA,5,1,"AF",0,469707.825810047,335841.095454184
"651","300","300-651",2.14864821653522,"0.0009394525776411397",1,0,0,0.00093945257764114,NA,NA,"Austria-Hungary (Austrian Empire)",NA,5,1,"WE",0,NA,NA,"Egypt Arab Republic (Egypt)",NA,5,1,"AF",0,NA,366730.355863387
"651","337","337-651",2.23394626890964,"0.0003354823597567947|0.0003130488888915987",1,0,0,0.000335482359756795,NA,NA,"Tuscany",NA,5,3,"WE",0,NA,NA,"Egypt Arab Republic (Egypt)",NA,5,1,"AF",0,130960.910755513,122203.646206512
"651","338","338-651",0.633208232123464,"0.000051049526356107475|0.00002220480200997288",1,0,0,5.10495263561075e-05,NA,NA,"Malta",NA,5,1,"AF",0,NA,NA,"Egypt Arab Republic (Egypt)",NA,5,1,"AF",0,19928,8668
"651","350","350-651",1.55075753367487,"0.000013933077772524517|0.00005965263843699845",1,0,0,5.96526384369984e-05,NA,NA,"Greece",NA,5,3,"WE",0,NA,NA,"Egypt Arab Republic (Egypt)",NA,5,1,"AF",0,5439,23286.3625507523
"651","640","640-651",1.4802280882784,"0.0008726904303174595",1,0,0,0.00087269043031746,NA,NA,"Turkey (Ottoman Empire)",NA,5,3,"WE",0,NA,NA,"Egypt Arab Republic (Egypt)",NA,5,1,"AF",0,NA,340668.682683786
"66","30","30-66",2.74183976885283,"0.0000010759133415076846",0.2,0.8,0.64,1.07591334150768e-06,NA,NA,"Bermuda",NA,7,1,"LA",0.0691666666666667,NA,NA,"Martinique",NA,2,1,"LA",0.64,420,NA
"66","54","54-66",0.855827281481362,"0.0000012731641207840935",0.2,0.8,0.64,1.27316412078409e-06,NA,NA,"Dominica",NA,7,1,"LA",0.182857142857143,NA,NA,"Martinique",NA,2,1,"LA",0.64,497,NA
"68","2","2-68",1.50496067164165,"0.00018316175392449563",0,1,0,0.000183161753924496,NA,NA,"United States of America",NA,6,2,"NAM",0.061,NA,NA,"Netherlands Antilles",NA,7,1,"LA",0,71500.1233654083,NA
"68","54","54-68",2.8057186240911,"0.0000010169942775679782",1,0,0,1.01699427756798e-06,NA,NA,"Dominica",NA,7,1,"LA",0.182857142857143,NA,NA,"Netherlands Antilles",NA,7,1,"LA",0,397,NA
"70","2","2-70",1.79548870732365,"0.0014673313390560522|0.002957139341321291",1,0,0,0.00295713934132129,NA,NA,"United States of America",NA,6,2,"NAM",0.061,NA,NA,"Mexico",NA,6,2,"LA",0.128,572796.282589029,1154366.69055012
"7010","365","365-7010",2.89537855278166,"0.0002315449396909853",1,0,0,0.000231544939690985,NA,NA,"Russia (USSR)",NA,1,4,"EESU",0,NA,NA,"Kokand",NA,1,4,"EESU",0,90387.274623752,NA
"7020","365","365-7020",2.89537855278166,"0.0002622425686455971",1,0,0,0.000262242568645597,NA,NA,"Russia (USSR)",NA,1,4,"EESU",0,NA,NA,"Bokhara",NA,1,4,"EESU",0,102370.585605722,NA
"7030","365","365-7030",2.89537855278166,"0.000006804857390871239",1,0,0,6.80485739087124e-06,NA,NA,"Russia (USSR)",NA,1,4,"EESU",0,NA,NA,"Khiva",NA,1,4,"EESU",0,2656.38503948741,NA
"710","365","365-710",0.151738224156617,"0.002201858245152661",0,1,0,0.00220185824515266,NA,NA,"Russia (USSR)",NA,1,4,"EESU",0,NA,NA,"People's Republic of China (China)",NA,3,3,"WE",0,859530.621367903,NA
"720","200","200-720",1.22016657176931,"0.003703368010723983",1,0,0,0.00370336801072398,NA,NA,"United Kingdom",NA,0,1,"AF",0,NA,NA,"Hong Kong",NA,0,1,"AS",0,1445669,NA
"740","210","210-740",0.503898093052911,"0.000007409495797895012",1,0,0,7.40949579789501e-06,NA,NA,"Netherlands",NA,1,3,"WE",0,NA,NA,"Japan",NA,1,3,"AS",0,2892.41532292466,NA
"750","200","200-750",0.770960656746402,"0.027332932892997826|0.002460088663849482",0,1,0,0.0273329328929978,NA,NA,"United Kingdom",NA,0,1,"AF",0,NA,NA,"India",NA,3,3,"AS",0,960335,10669848
"750","220","220-750",0.371016956259422,"0.0038765823736114243|0.0008973388346078399",0,1,0,0.00387658237361142,NA,NA,"France",NA,2,3,"WE",0.104390243902439,NA,NA,"India",NA,3,3,"AS",0,350290.581960035,1513286
"750","561","561-750",2.72782216780542,"0.00009596122326875683|0.000270850936930831",1,0,0,0.000270850936930831,NA,NA,"Cape Colony (Cape of Good Hope)",NA,3,3,"WE",0,NA,NA,"India",NA,3,3,"AS",0,105731,37460
"750","590","590-750",2.06304743081292,"0.001731754250712719",1,0,0,0.00173175425071272,NA,NA,"Mauritius",NA,3,1,"AS",0,NA,NA,"India",NA,3,3,"AS",0,NA,676018
"750","681","681-750",2.5810497129149,"0.00042618464476178685",1,0,0,0.000426184644761787,NA,NA,"Aden",NA,3,1,"AS",0,NA,NA,"India",NA,3,3,"AS",0,NA,166368
"750","710","710-750",2.44047324331524,"0.024338204957864148",1,0,0,0.0243382049578641,NA,NA,"People's Republic of China (China)",NA,3,3,"WE",0,NA,NA,"India",NA,3,3,"AS",0,NA,9500808
"7501","200","200-7501",1.22016657176931,"0.04299140934242487",1,0,0,0.0429914093424249,NA,NA,"United Kingdom",NA,0,1,"AF",0,NA,NA,"Andaman Is.",NA,0,1,"WE",0,16782385,NA
"751","220","220-751",2.28109695947638,"0.00007137922548016909|0.0016029531715462677",0,1,0,0.00160295317154627,NA,NA,"France",NA,2,3,"WE",0.104390243902439,NA,NA,"French India",NA,3,1,"AS",0,27864.0235650028,625738.43643022
"780","200","200-780",0.136504777165334,"0.0013862144342937975",0,1,0,0.0013862144342938,NA,NA,"United Kingdom",NA,0,1,"AF",0,NA,NA,"Sri Lanka (Ceylon)",NA,3,3,"AS",0,541131,NA
"780","750","750-780",2.36568477072352,"0.0027035217424608918",1,0,0,0.00270352174246089,NA,NA,"India",NA,3,3,"AS",0,NA,NA,"Sri Lanka (Ceylon)",NA,3,3,"AS",0,1055363,NA
"781","750","750-781",2.78136789648022,"0.00003119124010999421",1,0,0,3.11912401099942e-05,NA,NA,"India",NA,3,3,"AS",0,NA,NA,"Maldive Islands",NA,3,1,"AS",0,12176,NA
"80","2","2-80",0.990814872094092,"0.00022108317057477662",1,0,0,0.000221083170574777,NA,NA,"United States of America",NA,6,2,"NAM",0.061,NA,NA,"Belize (British Honduras)",NA,6,1,"LA",0,86303.3555391068,NA
"800","750","750-800",1.64410645712214,"0.000080465509452614",1,0,0,8.0465509452614e-05,NA,NA,"India",NA,3,3,"AS",0,NA,NA,"Thailand (Siam)",NA,3,3,"AS",0,31411,NA
"840","2","2-840",1.03416933648818,"0.0012188682787087756|0.00003036420612625594",0,1,0,0.00121886827870878,NA,NA,"United States of America",NA,6,2,"NAM",0.061,NA,NA,"Philippines",NA,3,3,"AS",0,11853.1540422732,475804.748680151
"840","200","200-840",0.95226002601758,"0.0013870956585544608|0.0009538969137720853",0,1,0,0.00138709565855446,NA,NA,"United Kingdom",NA,0,1,"AF",0,NA,NA,"Philippines",NA,3,3,"AS",0,541475,372368.933749684
"840","230","230-840",1.47820921348124,"0.00019667665287576776|0.0005829370028607187",0,1,0,0.000582937002860719,NA,NA,"Spain",NA,2,2,"WE",0.126818181818182,NA,NA,"Philippines",NA,3,3,"AS",0,76775.8805668016,227558.792847029
"840","710","710-840",2.20720812947207,"0.001483839643645466",1,0,0,0.00148383964364547,NA,NA,"People's Republic of China (China)",NA,3,3,"WE",0,NA,NA,"Philippines",NA,3,3,"AS",0,NA,579240.563610619
"840","751","751-840",4.96546245382133,"0.0001589828189620142",1,0,0,0.000158982818962014,NA,NA,"French India",NA,3,1,"AS",0,NA,NA,"Philippines",NA,3,3,"AS",0,NA,62061.4889582806
"840","800","800-840",4.88922309833695,"0.0001589828189620142",1,0,0,0.000158982818962014,NA,NA,"Thailand (Siam)",NA,3,3,"AS",0,NA,NA,"Philippines",NA,3,3,"AS",0,NA,62061.4889582806
"850","210","210-850",3.00727850418427,"0.01757038507648543|0.005087144930277212",1,0,0,0.0175703850764854,NA,NA,"Netherlands",NA,1,3,"WE",0,NA,NA,"Indonesia (Dutch East Indies)",NA,1,3,"AS",0,1985848.4770924,6858881.14537445
"850","380","380-850",1.41078357881946,"0.0001803169369884629",1,0,0,0.000180316936988463,NA,NA,"Sweden",NA,1,4,"WE",0,NA,NA,"Indonesia (Dutch East Indies)",NA,1,3,"AS",0,NA,70389.6035242291
"850","740","740-850",3.87187417245964,"0.00008350527498028901",1,0,0,8.3505274980289e-05,NA,NA,"Japan",NA,1,3,"AS",0,NA,NA,"Indonesia (Dutch East Indies)",NA,1,3,"AS",0,NA,32597.6211453745
"850","800","800-850",0.870712708565808,"0.000011460609954914458",0,1,0,1.14606099549145e-05,NA,NA,"Thailand (Siam)",NA,3,3,"AS",0,NA,NA,"Indonesia (Dutch East Indies)",NA,1,3,"AS",0,NA,4473.83259911894
"850","840","840-850",1.45206538196226,"0.00010598854597467613|0.00014812440005693213",0,1,0,0.000148124400056932,NA,NA,"Philippines",NA,3,3,"AS",0,NA,NA,"Indonesia (Dutch East Indies)",NA,1,3,"AS",0,41374.3259721871,57822.731277533
"901","200","200-901",1.12324765939989,"0.0031739443574476697|0.007478991287425504",0,1,0,0.0074789912874255,NA,NA,"United Kingdom",NA,0,1,"AF",0,NA,NA,"New South Wales",NA,8,3,"AS",0,2919544,1239000
"901","590","590-901",0.739652755719465,"0.00007941265139699577",0,1,0,7.94126513969958e-05,NA,NA,"Mauritius",NA,3,1,"AS",0,NA,NA,"New South Wales",NA,8,3,"AS",0,NA,31000
"901","651","651-901",1.67043079320765,"0.00043805043189955735",0,1,0,0.000438050431899557,NA,NA,"Egypt Arab Republic (Egypt)",NA,5,1,"AF",0,NA,NA,"New South Wales",NA,8,3,"AS",0,NA,171000
"901","750","750-901",1.54120573639901,"0.00019212738241208656|0.0003277052719342156",0,1,0,0.000327705271934216,NA,NA,"India",NA,3,3,"AS",0,NA,NA,"New South Wales",NA,8,3,"AS",0,127925,75000
"901","860","860-901",4.54020571980903,"0.000007685095296483461",1,0,0,7.68509529648346e-06,NA,NA,"East Timor (Portuguese Timor)",NA,8,1,"AS",0,NA,NA,"New South Wales",NA,8,3,"AS",0,NA,3000
"902","200","200-902",1.20302766209008,"0.00021065870887034034",1,0,0,0.00021065870887034,NA,NA,"United Kingdom",NA,0,1,"AF",0,NA,NA,"Western Australia",NA,0,3,"AS",0,82234,NA
"903","200","200-903",0.754066262350446,"0.0025103952976602627",0,1,0,0.00251039529766026,NA,NA,"United Kingdom",NA,0,1,"AF",0,NA,NA,"South Australia",NA,8,3,"AS",0,979973,NA
"903","561","561-903",1.17896951058182,"0.00005973112234270163",0,1,0,5.97311223427016e-05,NA,NA,"Cape Colony (Cape of Good Hope)",NA,3,3,"WE",0,NA,NA,"South Australia",NA,8,3,"AS",0,23317,NA
"903","901","901-903",3.25413868624568,"0.0011056943467257635",1,0,0,0.00110569434672576,NA,NA,"New South Wales",NA,8,3,"AS",0,NA,NA,"South Australia",NA,8,3,"AS",0,431625.49222976,NA
"904","200","200-904",0.92679572214645,"0.013955110940739535",0,1,0,0.0139551109407395,NA,NA,"United Kingdom",NA,0,1,"AF",0,NA,NA,"Victoria",NA,8,3,"AS",0,5447601,NA
"904","901","901-904",2.94662303725178,"0.0038024058465610296",1,0,0,0.00380240584656103,NA,NA,"New South Wales",NA,8,3,"AS",0,NA,NA,"Victoria",NA,8,3,"AS",0,1484330.00497766,NA
"906","200","200-906",0.977618900506538,"0.0014683014988539694",0,1,0,0.00146830149885397,NA,NA,"United Kingdom",NA,0,1,"AF",0,NA,NA,"Tasmania",NA,8,3,"AS",0,573175,NA
"906","901","901-906",2.65417528217515,"0.0002838309465808404",1,0,0,0.00028383094658084,NA,NA,"New South Wales",NA,8,3,"AS",0,NA,NA,"Tasmania",NA,8,3,"AS",0,110797.954598188,NA
"920","200","200-920",0.457622606300181,"0.0010259602220805421",0,1,0,0.00102596022208054,NA,NA,"United Kingdom",NA,0,1,"AF",0,NA,NA,"New Zealand",NA,8,2,"NAM",0,400500,NA
"920","901","901-920",3.88077255026371,"0.0011373941038795524",1,0,0,0.00113739410387955,NA,NA,"New South Wales",NA,8,3,"AS",0,NA,NA,"New Zealand",NA,8,2,"NAM",0,444000,NA
"930","901","901-930",4.54020571980903,"0.00003247745943700958",1,0,0,3.24774594370096e-05,NA,NA,"New South Wales",NA,8,3,"AS",0,NA,NA,"New Caledonia",NA,8,1,"AS",0,12678.0963087877,NA
"9610","561","561-9610",5.3834121319985,"0.0000016010615201007213",1,0,0,1.60106152010072e-06,NA,NA,"Cape Colony (Cape of Good Hope)",NA,3,3,"WE",0,NA,NA,"Clipperton I.",NA,3,1,"AF",0,625,NA
