GPH_code,label,years
2,United States of America,1833|1834|1835|1836|1837|1838|1839|1840|1841|1842|1843|1844|1845|1846|1847|1848|1849|1850|1851|1852|1853|1854|1855|1856|1857|1858|1859|1860|1861|1862|1863|1864|1865|1866|1867|1868|1869|1870|1871|1872|1873|1874|1875|1876|1877|1878|1879|1880|1881|1882|1883|1884|1885|1886|1887|1888|1889|1890|1891|1892|1893|1894|1895|1896|1897|1898|1899|1900|1901|1902|1903|1904|1905|1906|1907|1908|1909|1910|1911|1912|1913|1914|1915|1916|1917|1918|1919|1920|1921|1922|1923|1924|1925|1926|1927|1928|1929|1930|1931|1932|1933|1934|1935|1936|1937|1938
3,Alaska,1850|1851|1852|1853|1854|1856|1901|1903|1904|1905|1906|1907|1908|1909|1910|1911|1912|1913|1914|1915|1916|1917|1918|1919|1920|1921|1922|1923|1924|1925|1926|1927|1928|1929|1930|1931|1932|1933|1934|1935|1936|1937|1938
4,Hawaii (Sandwich Is.),1833|1836|1837|1838|1840|1841|1842|1843|1844|1845|1846|1847|1848|1849|1850|1851|1852|1853|1854|1855|1856|1857|1858|1859|1860|1861|1862|1863|1864|1865|1866|1867|1868|1869|1870|1871|1872|1873|1874|1875|1876|1877|1878|1879|1880|1881|1882|1883|1884|1885|1886|1887|1888|1889|1890|1891|1892|1893|1894|1895|1896|1897|1898|1899|1900|1901|1902|1903|1904|1905|1906|1907|1908|1909|1910|1911|1912|1913|1914|1915|1916|1917|1918|1919|1920|1921|1922|1923|1924|1925|1926|1927|1928|1929|1930|1931|1932|1933|1934|1935|1936|1937|1938
5,Virgin Islands (Danish West Indies),1833|1834|1835|1836|1837|1838|1839|1840|1841|1842|1843|1844|1845|1846|1847|1848|1849|1850|1851|1852|1853|1854|1855|1856|1857|1858|1859|1860|1861|1862|1863|1864|1865|1866|1867|1868|1869|1870|1871|1872|1873|1874|1875|1876|1877|1878|1879|1880|1881|1882|1883|1884|1885|1886|1887|1888|1889|1890|1891|1892|1893|1894|1895|1896|1897|1898|1899|1900|1901|1902|1903|1904|1905|1906|1907|1908|1909|1910|1911|1912|1913|1914|1915|1916|1917|1918|1919|1920|1921|1922|1923|1924|1925|1926|1927|1928|1929|1930|1931|1932|1933|1934|1935|1936|1937|1938
6,Puerto Rico,1833|1834|1835|1836|1837|1838|1839|1840|1841|1842|1843|1844|1845|1846|1847|1848|1849|1850|1851|1852|1853|1854|1855|1856|1857|1858|1859|1860|1861|1862|1863|1864|1865|1866|1867|1868|1869|1870|1871|1872|1873|1874|1875|1876|1877|1878|1879|1880|1881|1882|1883|1884|1885|1886|1887|1888|1889|1890|1891|1892|1893|1894|1895|1896|1897|1898|1899|1900|1901|1902|1903|1904|1905|1906|1907|1908|1909|1910|1911|1912|1913|1914|1915|1916|1917|1918|1919|1920|1921|1922|1923|1924|1925|1926|1927|1928|1929|1930|1931|1932|1933|1934|1935|1936|1937|1938
7,Texas,1837|1838|1839|1840|1841|1842|1843|1844|1845
10,Greenland,1840|1841|1842|1843|1844|1845|1846|1847|1848|1849|1850|1851|1852|1853|1854|1855|1856|1857|1858|1859|1860|1861|1862|1863|1864|1865|1866|1867|1868|1869|1870|1871|1872|1873|1874|1875|1876|1877|1878|1879|1880|1881|1882|1883|1884|1885|1886|1887|1888|1889|1890|1891|1892|1893|1894|1895|1896|1897|1898|1899|1900|1901|1902|1903|1904|1905|1906|1907|1908|1909|1910|1911|1912|1913|1914|1915|1916|1917|1918|1919|1920|1921|1922|1923|1924|1925|1926|1927|1928|1929|1930|1931|1932|1933|1934|1935|1936|1937|1938
11,Faeroe Is.,1849|1850|1851|1852|1853|1854|1855|1856|1857|1858|1859|1860|1861|1862|1863|1864|1865|1866|1867|1868|1869|1870|1871|1872|1873|1874|1875|1876|1877|1878|1879|1880|1881|1882|1883|1884|1885|1886|1887|1888|1889|1890|1891|1892|1893|1894|1895|1896|1897|1898|1899|1900|1901|1902|1903|1904|1905|1906|1907|1908|1909|1910|1911|1912|1913|1914|1915|1916|1917|1918|1919|1920|1921|1922|1923|1924|1925|1926|1927|1928|1929|1930|1931|1932|1933|1934|1935|1936|1937|1938
20,Canada (Province of Canada),1842|1843|1844|1845|1846|1847|1849|1850|1851|1852|1853|1854|1855|1856|1857|1858|1859|1860|1861|1862|1863|1864|1865|1866|1867|1868|1869|1870|1871|1872|1873|1874|1875|1876|1877|1878|1879|1880|1881|1882|1883|1884|1885|1886|1887|1888|1889|1890|1891|1892|1893|1894|1895|1896|1897|1898|1899|1900|1901|1902|1903|1904|1905|1906|1907|1908|1909|1910|1911|1912|1913|1914|1915|1916|1917|1918|1919|1920|1921|1922|1923|1924|1925|1926|1927|1928|1929|1930|1931|1932|1933|1934|1935|1936|1937|1938
21,Newfoundland and Labrador (Newfoundland),1833|1834|1835|1836|1837|1838|1839|1840|1841|1842|1843|1844|1848|1849|1850|1851|1852|1853|1854|1855|1856|1857|1858|1859|1860|1861|1862|1863|1864|1865|1866|1867|1868|1869|1870|1871|1872|1873|1874|1875|1876|1877|1878|1879|1880|1881|1882|1883|1884|1885|1886|1887|1888|1889|1890|1891|1892|1893|1894|1895|1896|1897|1898|1899|1900|1901|1902|1903|1904|1905|1906|1907|1908|1909|1910|1911|1912|1913|1914|1915|1916|1917|1918|1919|1920|1921|1922|1923|1924|1925|1926|1927|1928|1929|1930|1931|1932|1933|1934|1935|1936|1937|1938
30,Bermuda,1835|1837|1838|1839|1840|1841|1842|1843|1844|1845|1846|1847|1848|1849|1850|1851|1852|1853|1854|1855|1856|1857|1858|1859|1860|1861|1862|1863|1864|1865|1866|1867|1868|1869|1870|1871|1872|1873|1874|1875|1876|1877|1878|1879|1880|1881|1882|1883|1884|1885|1886|1887|1888|1889|1890|1891|1892|1893|1894|1895|1896|1897|1898|1899|1900|1901|1902|1903|1904|1905|1906|1907|1908|1909|1910|1911|1912|1913|1914|1915|1916|1917|1918|1919|1920|1921|1922|1923|1924|1925|1926|1927|1928|1929|1930|1931|1932|1933|1934|1935|1936|1937|1938
31,Bahamas,1835|1836|1837|1838|1839|1840|1841|1842|1843|1844|1845|1846|1847|1848|1849|1850|1851|1852|1853|1856|1857|1858|1859|1860|1861|1862|1863|1864|1865|1866|1867|1868|1869|1870|1871|1872|1873|1874|1875|1876|1877|1878|1879|1880|1881|1882|1883|1884|1885|1886|1887|1888|1889|1890|1891|1892|1893|1894|1895|1896|1897|1898|1899|1900|1901|1902|1903|1904|1905|1906|1907|1908|1909|1910|1911|1912|1913|1914|1915|1916|1917|1918|1919|1920|1921|1922|1923|1924|1925|1926|1927|1928|1929|1930|1931|1932|1933|1934|1935|1936|1937|1938
40,Cuba,1833|1834|1835|1836|1837|1838|1839|1840|1841|1842|1843|1844|1845|1846|1847|1848|1849|1850|1851|1852|1853|1854|1855|1856|1857|1858|1859|1860|1861|1862|1863|1864|1865|1866|1867|1868|1869|1870|1871|1872|1873|1874|1875|1876|1877|1878|1879|1880|1881|1882|1883|1884|1885|1886|1887|1888|1889|1890|1891|1892|1893|1894|1895|1896|1897|1898|1902|1903|1904|1905|1906|1909|1910|1911|1912|1913|1914|1915|1916|1917|1918|1919|1920|1921|1922|1923|1924|1925|1926|1927|1928|1929|1930|1931|1932|1933|1934|1935|1936|1937|1938
41,Haiti,1833|1834|1835|1836|1837|1838|1839|1840|1841|1842|1843|1844|1845|1846|1847|1848|1849|1850|1851|1852|1853|1854|1855|1856|1857|1858|1859|1860|1861|1862|1863|1864|1865|1866|1867|1868|1869|1870|1871|1872|1873|1874|1875|1876|1877|1878|1879|1880|1881|1882|1883|1884|1885|1886|1887|1888|1889|1890|1891|1892|1893|1894|1895|1896|1897|1898|1899|1900|1901|1902|1903|1904|1905|1906|1907|1908|1909|1910|1911|1912|1913|1914|1915|1934|1935|1936|1937|1938
42,Dominican Republic (Santo Domingo),1852|1855|1856|1857|1858|1859|1860|1861|1862|1863|1864|1865|1866|1867|1868|1869|1870|1871|1872|1873|1874|1875|1876|1877|1878|1879|1880|1881|1882|1883|1884|1885|1886|1887|1888|1889|1890|1891|1892|1893|1894|1895|1896|1897|1898|1899|1900|1901|1902|1903|1904|1905|1906|1907|1908|1909|1910|1911|1912|1913|1914|1915|1916|1924|1925|1926|1927|1928|1929|1930|1931|1932|1933|1934|1935|1936|1937|1938
51,Jamaica,1833|1834|1835|1836|1839|1841|1842|1843|1845|1846|1847|1848|1849|1850|1851|1852|1853|1854|1855|1856|1857|1858|1859|1860|1861|1862|1863|1864|1865|1866|1867|1868|1869|1870|1871|1872|1873|1874|1875|1876|1877|1878|1879|1880|1881|1882|1883|1884|1885|1886|1887|1888|1889|1890|1891|1892|1893|1894|1895|1896|1897|1898|1899|1900|1901|1902|1903|1904|1905|1906|1907|1908|1909|1910|1911|1912|1913|1914|1915|1916|1917|1918|1919|1920|1921|1922|1923|1924|1925|1926|1927|1928|1929|1930|1931|1932|1933|1934|1935|1936|1937|1938
52,Trinidad and Tobago,1889|1890|1891|1892|1893|1894|1895|1896|1897|1898|1899|1900|1901|1902|1903|1904|1905|1906|1907|1908|1909|1910|1911|1912|1913|1914|1915|1916|1917|1918|1919|1920|1921|1922|1923|1924|1925|1926|1927|1928|1929|1930|1931|1932|1933|1934|1935|1936|1937|1938
53,Barbados,1885|1886|1887|1888|1889|1890|1891|1892|1893|1894|1895|1896|1897|1898|1899|1900|1901|1902|1903|1904|1905|1906|1907|1908|1909|1910|1911|1912|1913|1914|1915|1916|1917|1918|1919|1920|1921|1922|1923|1924|1925|1926|1927|1928|1929|1930|1931|1932|1933|1934|1935|1936|1937|1938
54,Dominica,1833|1834|1835|1839|1840|1841|1842|1843|1844|1845|1846|1847|1848|1849|1850|1851|1852|1853|1854|1856|1857|1858|1859|1860|1861|1862|1863|1864|1865|1866|1867|1868|1869|1870|1871
56,St. Lucia,1833
58,Antigua and Barbuda (Antigua),1833
65,Guadeloupe,1833|1834|1835|1836|1837|1838|1839|1840|1841|1842|1843|1844|1845|1846|1847|1848|1849|1850|1851|1852|1853|1854|1855|1856|1857|1858|1859|1860|1861|1862|1863|1864|1865|1866|1867|1868|1869|1870|1871|1872|1873|1874|1875|1876|1877|1878|1879|1880|1881|1882|1883|1884|1885|1886|1887|1888|1889|1890|1891|1892|1893|1894|1895|1896|1897|1898|1899|1900|1901|1902|1903|1904|1905|1906|1907|1908|1909|1910|1911|1912|1913|1914|1915|1916|1917|1918|1919|1920|1921|1922|1923|1924|1925|1926|1927|1928|1929|1930|1931|1932|1933|1934|1935|1936|1937|1938
66,Martinique,1833|1834|1835|1836|1837|1838|1839|1840|1841|1842|1843|1844|1845|1846|1847|1848|1849|1850|1851|1852|1853|1854|1855|1856|1857|1858|1859|1860|1861|1862|1863|1864|1865|1866|1867|1868|1869|1870|1871|1872|1873|1874|1875|1876|1877|1878|1879|1880|1881|1882|1883|1884|1885|1886|1887|1888|1889|1890|1891|1892|1893|1894|1895|1896|1897|1898|1899|1900|1901|1902|1903|1904|1905|1906|1907|1908|1909|1910|1911|1912|1913|1914|1915|1916|1917|1918|1919|1920|1921|1922|1923|1924|1925|1926|1927|1928|1929|1930|1931|1932|1933|1934|1935|1936|1937|1938
68,Netherlands Antilles,1833|1834|1835|1836|1837|1838|1839|1840|1841|1842|1843|1844|1845|1846|1847|1848|1849|1850|1851|1852|1853|1854|1855|1856|1857|1858|1859|1860|1861|1862|1863|1864|1865|1866|1867|1868|1869|1870|1871|1872|1873|1874|1875|1876|1877|1878|1879|1880|1881|1882|1883|1884|1885|1886|1887|1888|1889|1890|1891|1892|1893|1894|1895|1896|1897|1898|1899|1900|1901|1902|1903|1904|1905|1906|1907|1908|1909|1910|1911|1912|1913|1914|1915|1916|1917|1918|1919|1920|1921|1922|1923|1924|1925|1926|1927|1928|1929|1930|1931|1932|1933|1934|1935|1936|1937|1938
70,Mexico,1833|1834|1835|1836|1837|1838|1839|1840|1841|1842|1843|1844|1845|1846|1847|1848|1849|1850|1851|1852|1853|1854|1855|1856|1857|1858|1859|1860|1861|1862|1863|1864|1865|1866|1867|1868|1869|1870|1871|1872|1873|1874|1875|1876|1877|1878|1879|1880|1881|1882|1883|1884|1885|1886|1887|1888|1889|1890|1891|1892|1893|1894|1895|1896|1897|1898|1899|1900|1901|1902|1903|1904|1905|1906|1907|1908|1909|1910|1911|1912|1913|1914|1915|1916|1917|1918|1919|1920|1921|1922|1923|1924|1925|1926|1927|1928|1929|1930|1931|1932|1933|1934|1935|1936|1937|1938
80,Belize (British Honduras),1862|1863|1864|1865|1866|1867|1868|1869|1870|1871|1872|1873|1874|1875|1876|1877|1878|1879|1880|1881|1882|1883|1884|1885|1886|1887|1888|1889|1890|1891|1892|1893|1894|1895|1896|1897|1898|1899|1900|1901|1902|1903|1904|1905|1906|1907|1908|1909|1910|1911|1912|1913|1914|1915|1916|1917|1918|1919|1920|1921|1922|1923|1924|1925|1926|1927|1928|1929|1930|1931|1932|1933|1934|1935|1936|1937|1938
89,United States of Central America,1833|1834|1835|1836|1837|1838|1839|1840|1841
90,Guatemala,1839|1840|1841|1842|1843|1844|1845|1846|1847|1848|1849|1850|1851|1852|1853|1854|1855|1856|1857|1858|1859|1860|1861|1862|1863|1864|1865|1866|1867|1868|1869|1870|1871|1872|1873|1874|1875|1876|1877|1878|1879|1880|1881|1882|1883|1884|1885|1886|1887|1888|1889|1890|1891|1892|1893|1894|1895|1896|1897|1898|1899|1900|1901|1902|1903|1904|1905|1906|1907|1908|1909|1910|1911|1912|1913|1914|1915|1916|1917|1918|1919|1920|1921|1922|1923|1924|1925|1926|1927|1928|1929|1930|1931|1932|1933|1934|1935|1936|1937|1938
91,Honduras,1842|1844|1848|1853|1856|1857|1865|1867|1868|1869|1870|1871|1872|1873|1874|1875|1876|1877|1878|1879|1880|1881|1882|1883|1884|1885|1886|1887|1888|1889|1890|1891|1892|1893|1894|1895|1896|1897|1898|1899|1900|1901|1902|1903|1904|1905|1906|1907|1908|1909|1910|1911|1912|1913|1914|1915|1916|1917|1918|1919|1920|1921|1922|1923|1924|1925|1926|1927|1928|1929|1930|1931|1932|1933|1934|1935|1936|1937|1938
92,El Salvador,1854|1868|1875|1877|1878|1879|1880|1881|1882|1883|1884|1885|1886|1887|1888|1889|1890|1891|1892|1893|1894|1895|1896|1897|1898|1899|1900|1901|1902|1903|1904|1905|1906|1907|1908|1909|1910|1911|1912|1913|1914|1915|1916|1917|1918|1919|1920|1921|1922|1923|1924|1925|1926|1927|1928|1929|1930|1931|1932|1933|1934|1935|1936|1937|1938
93,Nicaragua,1865|1867|1868|1869|1870|1871|1872|1873|1875|1876|1877|1878|1880|1881|1882|1883|1884|1885|1886|1887|1888|1889|1890|1891|1892|1893|1894|1895|1896|1897|1898|1899|1900|1901|1902|1903|1904|1905|1906|1907|1908|1909|1910|1911|1912|1913|1914|1915|1916|1917|1918|1919|1920|1921|1922|1923|1924|1925|1926|1927|1928|1929|1930|1931|1932|1933|1934|1935|1936|1937|1938
94,Costa Rica,1854|1867|1868|1869|1870|1871|1872|1873|1874|1875|1876|1877|1878|1879|1880|1881|1882|1883|1884|1885|1886|1887|1888|1889|1890|1891|1892|1893|1894|1895|1896|1897|1898|1899|1900|1901|1902|1903|1904|1905|1906|1907|1908|1909|1910|1911|1912|1913|1914|1915|1916|1917|1918|1919|1920|1921|1922|1923|1924|1925|1926|1927|1928|1929|1930|1931|1932|1933|1934|1935|1936|1937|1938
95,Panama,1903|1904|1905|1906|1907|1908|1909|1910|1911|1912|1913|1914|1915|1916|1917|1918|1919|1920|1921|1922|1923|1924|1925|1926|1927|1928|1929|1930|1931|1932|1933|1934|1935|1936|1937|1938
100,Colombia (New Granada) (Gran Colombia),1833|1834|1835|1836|1837|1838|1839|1840|1841|1842|1843|1844|1845|1846|1847|1848|1849|1850|1851|1852|1853|1854|1855|1856|1857|1858|1859|1860|1861|1862|1863|1864|1865|1866|1867|1868|1869|1870|1871|1872|1873|1874|1875|1876|1877|1878|1879|1880|1881|1882|1883|1884|1885|1886|1887|1888|1889|1890|1891|1892|1893|1894|1895|1896|1897|1898|1899|1900|1901|1902|1903|1904|1905|1906|1907|1908|1909|1910|1911|1912|1913|1914|1915|1916|1917|1918|1919|1920|1921|1922|1923|1924|1925|1926|1927|1928|1929|1930|1931|1932|1933|1934|1935|1936|1937|1938
101,Venezuela,1833|1834|1835|1836|1837|1838|1839|1840|1841|1842|1843|1844|1845|1846|1847|1848|1849|1850|1851|1852|1853|1854|1855|1856|1857|1858|1859|1860|1861|1862|1863|1864|1865|1866|1867|1868|1869|1870|1871|1872|1873|1874|1875|1876|1877|1878|1879|1880|1881|1882|1883|1884|1885|1886|1887|1888|1889|1890|1891|1892|1893|1894|1895|1896|1897|1898|1899|1900|1901|1902|1903|1904|1905|1906|1907|1908|1909|1910|1911|1912|1913|1914|1915|1916|1917|1918|1919|1920|1921|1922|1923|1924|1925|1926|1927|1928|1929|1930|1931|1932|1933|1934|1935|1936|1937|1938
110,Guyana (British Guiana),1833|1834|1835|1836|1837|1838|1839|1840|1841|1842|1843|1844|1845|1846|1847|1848|1849|1850|1851|1852|1853|1854|1855|1856|1857|1858|1859|1860|1861|1862|1863|1864|1865|1866|1867|1868|1869|1870|1871|1872|1873|1874|1875|1876|1877|1878|1879|1880|1881|1882|1883|1884|1885|1886|1887|1888|1889|1890|1891|1892|1893|1894|1895|1896|1897|1898|1899|1900|1901|1902|1903|1904|1905|1906|1907|1908|1909|1910|1911|1912|1913|1914|1915|1916|1917|1918|1919|1920|1921|1922|1923|1924|1925|1926|1927|1928|1929|1930|1931|1932|1933|1934|1935|1936|1937|1938
115,Surinam (Dutch Guiana),1845|1846|1847|1848|1849|1850|1851|1852|1853|1854|1855|1856|1857|1858|1859|1860|1861|1862|1863|1864|1865|1866|1867|1868|1869|1870|1871|1872|1873|1874|1875|1876|1877|1878|1879|1880|1881|1882|1883|1884|1885|1886|1887|1888|1889|1890|1891|1892|1893|1894|1895|1896|1897|1898|1899|1900|1901|1902|1903|1904|1905|1906|1907|1908|1909|1910|1911|1912|1913|1914|1915|1916|1917|1918|1919|1920|1921|1922|1923|1924|1925|1926|1927|1928|1929|1930|1931|1932|1933|1934|1935|1936|1937|1938
120,French Guiana,1833|1834|1835|1836|1837|1838|1839|1840|1841|1842|1843|1844|1845|1846|1847|1848|1849|1850|1851|1852|1853|1854|1855|1856|1857|1858|1859|1860|1861|1862|1863|1864|1865|1866|1867|1868|1869|1870|1871|1872|1873|1874|1875|1876|1877|1878|1879|1880|1881|1882|1883|1884|1885|1886|1887|1888|1889|1890|1891|1892|1893|1894|1895|1896|1897|1898|1899|1900|1901|1902|1903|1904|1905|1906|1907|1908|1909|1910|1911|1912|1913|1914|1915|1916|1917|1918|1919|1920|1921|1922|1923|1924|1925|1926|1927|1928|1929|1930|1931|1932|1933|1934|1935|1936|1937|1938
130,Ecuador,1837|1838|1839|1840|1841|1842|1843|1844|1845|1846|1847|1848|1849|1850|1851|1852|1853|1854|1855|1856|1857|1858|1859|1860|1861|1862|1863|1864|1865|1866|1867|1868|1869|1870|1871|1872|1873|1874|1875|1876|1877|1878|1879|1880|1881|1882|1883|1884|1885|1886|1887|1888|1889|1890|1891|1892|1893|1894|1895|1896|1897|1898|1899|1900|1901|1902|1903|1904|1905|1906|1907|1908|1909|1910|1911|1912|1913|1914|1915|1916|1917|1918|1919|1920|1921|1922|1923|1924|1925|1926|1927|1928|1929|1930|1931|1932|1933|1934|1935|1936|1937|1938
135,Peru,1833|1834|1835|1836|1839|1840|1841|1842|1843|1844|1845|1846|1847|1848|1849|1850|1851|1852|1853|1854|1855|1856|1857|1858|1859|1860|1861|1862|1863|1864|1865|1866|1867|1868|1869|1870|1871|1872|1873|1874|1875|1876|1877|1878|1879|1880|1881|1882|1883|1884|1885|1886|1887|1888|1889|1890|1891|1892|1893|1894|1895|1896|1897|1898|1899|1900|1901|1902|1903|1904|1905|1906|1907|1908|1909|1910|1911|1912|1913|1914|1915|1916|1917|1918|1919|1920|1921|1922|1923|1924|1925|1926|1927|1928|1929|1930|1931|1932|1933|1934|1935|1936|1937|1938
136,Bolivia-Peru Confederation,1836|1837|1838|1839
140,Brazil,1833|1834|1835|1836|1837|1838|1839|1840|1841|1842|1843|1844|1845|1846|1847|1848|1849|1850|1851|1852|1853|1854|1855|1856|1857|1858|1859|1860|1861|1862|1863|1864|1865|1866|1867|1868|1869|1870|1871|1872|1873|1874|1875|1876|1877|1878|1879|1880|1881|1882|1883|1884|1885|1886|1887|1888|1889|1890|1891|1892|1893|1894|1895|1896|1897|1898|1899|1900|1901|1902|1903|1904|1905|1906|1907|1908|1909|1910|1911|1912|1913|1914|1915|1916|1917|1918|1919|1920|1921|1922|1923|1924|1925|1926|1927|1928|1929|1930|1931|1932|1933|1934|1935|1936|1937|1938
145,Bolivia,1839|1840|1841|1842|1843|1844|1845|1846|1847|1848|1849|1850|1851|1852|1853|1854|1855|1856|1857|1858|1859|1860|1861|1862|1863|1864|1865|1866|1867|1868|1869|1870|1871|1872|1873|1874|1875|1876|1877|1878|1879|1880|1881|1882|1883|1884|1885|1886|1887|1888|1889|1890|1891|1892|1893|1894|1895|1896|1897|1898|1899|1900|1901|1902|1903|1904|1905|1906|1907|1908|1909|1910|1911|1912|1913|1914|1915|1916|1917|1918|1919|1920|1921|1922|1923|1924|1925|1926|1927|1928|1929|1930|1931|1932|1933|1934|1935|1936|1937|1938
150,Paraguay,1845|1846|1847|1848|1856|1857|1858|1860|1861|1862|1865|1866|1867|1868|1869|1870|1871|1872|1873|1874|1875|1876|1877|1878|1879|1880|1881|1882|1883|1884|1885|1886|1887|1888|1889|1890|1891|1892|1893|1894|1895|1896|1897|1898|1899|1900|1901|1902|1903|1904|1905|1906|1907|1908|1909|1910|1911|1912|1913|1914|1915|1916|1917|1918|1919|1920|1921|1922|1923|1924|1925|1926|1927|1928|1929|1930|1931|1932|1933|1934|1935|1936|1937|1938
155,Chile,1833|1834|1835|1836|1837|1838|1839|1840|1841|1842|1843|1844|1845|1846|1847|1848|1849|1850|1851|1852|1853|1854|1855|1856|1857|1858|1859|1860|1861|1862|1863|1864|1865|1866|1867|1868|1869|1870|1871|1872|1873|1874|1875|1876|1877|1878|1879|1880|1881|1882|1883|1884|1885|1886|1887|1888|1889|1890|1891|1892|1893|1894|1895|1896|1897|1898|1899|1900|1901|1902|1903|1904|1905|1906|1907|1908|1909|1910|1911|1912|1913|1914|1915|1916|1917|1918|1919|1920|1921|1922|1923|1924|1925|1926|1927|1928|1929|1930|1931|1932|1933|1934|1935|1936|1937|1938
160,Argentina (La Plata),1833|1834|1835|1836|1837|1838|1839|1840|1841|1842|1843|1844|1845|1846|1847|1848|1849|1850|1851|1852|1853|1854|1855|1856|1857|1858|1859|1860|1861|1862|1863|1864|1865|1866|1867|1868|1869|1870|1871|1872|1873|1874|1875|1876|1877|1878|1879|1880|1881|1882|1883|1884|1885|1886|1887|1888|1889|1890|1891|1892|1893|1894|1895|1896|1897|1898|1899|1900|1901|1902|1903|1904|1905|1906|1907|1908|1909|1910|1911|1912|1913|1914|1915|1916|1917|1918|1919|1920|1921|1922|1923|1924|1925|1926|1927|1928|1929|1930|1931|1932|1933|1934|1935|1936|1937|1938
165,Uruguay,1833|1834|1835|1836|1837|1838|1839|1840|1841|1842|1843|1844|1845|1846|1847|1848|1849|1850|1851|1852|1853|1854|1855|1856|1857|1858|1859|1860|1861|1862|1863|1864|1865|1866|1867|1868|1869|1870|1871|1872|1873|1874|1875|1876|1877|1878|1879|1880|1881|1882|1883|1884|1885|1886|1887|1888|1889|1890|1891|1892|1893|1894|1895|1896|1897|1898|1899|1900|1901|1902|1903|1904|1905|1906|1907|1908|1909|1910|1911|1912|1913|1914|1915|1916|1917|1918|1919|1920|1921|1922|1923|1924|1925|1926|1927|1928|1929|1930|1931|1932|1933|1934|1935|1936|1937|1938
200,United Kingdom,1833|1834|1835|1836|1837|1838|1839|1840|1841|1842|1843|1844|1845|1846|1847|1848|1849|1850|1851|1852|1853|1854|1855|1856|1857|1858|1859|1860|1861|1862|1863|1864|1865|1866|1867|1868|1869|1870|1871|1872|1873|1874|1875|1876|1877|1878|1879|1880|1881|1882|1883|1884|1885|1886|1887|1888|1889|1890|1891|1892|1893|1894|1895|1896|1897|1898|1899|1900|1901|1902|1903|1904|1905|1906|1907|1908|1909|1910|1911|1912|1913|1914|1915|1916|1917|1918|1919|1920|1921|1922|1923|1924|1925|1926|1927|1928|1929|1930|1931|1932|1933|1934|1935|1936|1937|1938
205,Ireland,1922|1923|1924|1925|1926|1927|1928|1929|1930|1931|1932|1933|1934|1935|1936|1937|1938
210,Netherlands,1833|1834|1835|1836|1837|1838|1839|1840|1841|1842|1843|1844|1845|1846|1847|1848|1849|1850|1851|1852|1853|1854|1855|1856|1857|1858|1859|1860|1861|1862|1863|1864|1865|1866|1867|1868|1869|1870|1871|1872|1873|1874|1875|1876|1877|1878|1879|1880|1881|1882|1883|1884|1885|1886|1887|1888|1889|1890|1891|1892|1893|1894|1895|1896|1897|1898|1899|1900|1901|1902|1903|1904|1905|1906|1907|1908|1909|1910|1911|1912|1913|1914|1915|1916|1917|1918|1919|1920|1921|1922|1923|1924|1925|1926|1927|1928|1929|1930|1931|1932|1933|1934|1935|1936|1937|1938
211,Belgium,1833|1834|1835|1836|1837|1838|1839|1840|1841|1842|1843|1844|1845|1846|1847|1848|1849|1850|1851|1852|1853|1854|1855|1856|1857|1858|1859|1860|1861|1862|1863|1864|1865|1866|1867|1868|1869|1870|1871|1872|1873|1874|1875|1876|1877|1878|1879|1880|1881|1882|1883|1884|1885|1886|1887|1888|1889|1890|1891|1892|1893|1894|1895|1896|1897|1898|1899|1900|1901|1902|1903|1904|1905|1906|1907|1908|1909|1910|1911|1912|1913|1914|1915|1916|1917|1918|1919|1920|1921|1922|1923|1924|1925|1926|1927|1928|1929|1930|1931|1932|1933|1934|1935|1936|1937|1938
212,Luxemburg,1836|1837|1838|1839|1840|1841|1842|1843|1844|1845|1846|1847|1848|1849|1850|1851|1852|1853|1854|1855|1856|1857|1858|1859|1860|1861|1862|1863|1864|1865|1866|1867|1868|1869|1870|1871|1872|1873|1874|1875|1876|1877|1878|1879|1880|1881|1882|1883|1884|1885|1886|1887|1888|1889|1890|1891|1892|1893|1894|1895|1896|1897|1898|1899|1900|1901|1902|1903|1904|1905|1906|1907|1908|1909|1910|1911|1912|1913|1914|1918|1919|1920|1921|1922|1923|1924|1925|1926|1927|1928|1929|1930|1931|1932|1933|1934|1935|1936|1937|1938
220,France,1833|1834|1835|1836|1837|1838|1839|1840|1841|1842|1843|1844|1845|1846|1847|1848|1849|1850|1851|1852|1853|1854|1855|1856|1857|1858|1859|1860|1861|1862|1863|1864|1865|1866|1867|1868|1869|1870|1871|1872|1873|1874|1875|1876|1877|1878|1879|1880|1881|1882|1883|1884|1885|1886|1887|1888|1889|1890|1891|1892|1893|1894|1895|1896|1897|1898|1899|1900|1901|1902|1903|1904|1905|1906|1907|1908|1909|1910|1911|1912|1913|1914|1915|1916|1917|1918|1919|1920|1921|1922|1923|1924|1925|1926|1927|1928|1929|1930|1931|1932|1933|1934|1935|1936|1937|1938
221,Monaco,1837|1838|1839|1840|1841|1842|1843|1844|1845|1846|1847|1848|1849|1850|1851|1852|1853|1854|1855|1856|1857|1858|1859|1893|1896|1897|1898|1899|1900|1901|1902|1903|1904|1905|1906|1907|1908|1909|1910|1911|1914|1915|1918|1919|1920|1921|1925|1926|1927|1928|1929|1930|1931|1932|1933|1934|1935|1936|1937|1938
223,Liechtenstein,1921|1922|1923|1924|1925|1926|1927|1928|1929|1930|1931|1932|1933|1934|1935|1936|1937|1938
225,Switzerland,1833|1834|1835|1836|1837|1838|1839|1840|1841|1842|1843|1844|1845|1846|1847|1848|1849|1850|1851|1852|1853|1854|1855|1856|1857|1858|1859|1860|1861|1862|1863|1864|1865|1866|1867|1868|1869|1870|1871|1872|1873|1874|1875|1876|1877|1878|1879|1880|1881|1882|1883|1884|1885|1886|1887|1888|1889|1890|1891|1892|1893|1894|1895|1896|1897|1898|1899|1900|1901|1902|1903|1904|1905|1906|1907|1908|1909|1910|1911|1912|1913|1914|1915|1916|1917|1918|1919|1920|1921|1922|1923|1924|1925|1926|1927|1928|1929|1930|1931|1932|1933|1934|1935|1936|1937|1938
230,Spain,1833|1834|1835|1836|1837|1838|1839|1840|1841|1842|1843|1844|1845|1846|1847|1848|1849|1850|1851|1852|1853|1854|1855|1856|1857|1858|1859|1860|1861|1862|1863|1864|1865|1866|1867|1868|1869|1870|1871|1872|1873|1874|1875|1876|1877|1878|1879|1880|1881|1882|1883|1884|1885|1886|1887|1888|1889|1890|1891|1892|1893|1894|1895|1896|1897|1898|1899|1900|1901|1902|1903|1904|1905|1906|1907|1908|1909|1910|1911|1912|1913|1914|1915|1916|1917|1918|1919|1920|1921|1922|1923|1924|1925|1926|1927|1928|1929|1930|1931|1932|1933|1934|1935|1936|1937|1938
231,Gibraltar,1833|1834|1835|1836|1837|1838|1839|1840|1841|1842|1843|1844|1845|1846|1847|1848|1849|1850|1851|1852|1853|1854|1855|1856|1857|1858|1859|1860|1861|1862|1863|1864|1865|1866|1867|1868|1869|1870|1871|1872|1873|1874|1875|1876|1877|1878|1879|1880|1881|1882|1883|1884|1885|1886|1887|1888|1889|1890|1891|1892|1893|1894|1895|1896|1897|1898|1899|1900|1901|1902|1903|1904|1905|1906|1907|1908|1909|1910|1911|1912|1913|1914|1915|1916|1917|1918|1919|1920|1921|1922|1923|1924|1925|1926|1927|1928|1929|1930|1931|1932|1933|1934|1935|1936|1937|1938
232,Andorra,1889|1890|1891|1892|1893|1894|1895|1896|1897|1898|1899|1900|1901|1902|1903|1904|1905|1906|1907|1908|1909|1910|1911|1912|1913|1914|1915|1916|1917|1918|1919|1920|1921|1922|1924|1925|1926|1927|1928|1929|1930|1931|1932|1933|1934|1935|1936|1937|1938
235,Portugal,1833|1834|1835|1836|1837|1838|1839|1840|1841|1842|1843|1844|1845|1846|1847|1848|1849|1850|1851|1852|1853|1854|1855|1856|1857|1858|1859|1860|1861|1862|1863|1864|1865|1866|1867|1868|1869|1870|1871|1872|1873|1874|1875|1876|1877|1878|1879|1880|1881|1882|1883|1884|1885|1886|1887|1888|1889|1890|1891|1892|1893|1894|1895|1896|1897|1898|1899|1900|1901|1902|1903|1904|1905|1906|1907|1908|1909|1910|1911|1912|1913|1914|1915|1916|1917|1918|1919|1920|1921|1922|1923|1924|1925|1926|1927|1928|1929|1930|1931|1932|1933|1934|1935|1936|1937|1938
239,Prussia,1833|1834|1835|1836|1837|1838|1839|1840|1841|1842|1843|1844|1845|1846|1847|1848|1849|1850|1851|1852|1853|1854|1855|1856|1857|1858|1859|1860|1861|1862|1863|1864|1865|1866|1867|1868|1869|1870|1871
240,Hanover,1833|1834|1835|1836|1837|1838|1839|1840|1841|1842|1843|1844|1845|1846|1847|1848|1849|1850|1851|1852|1853|1854|1855|1856|1857|1858|1859|1860|1861|1862|1863|1864|1865|1866
244,Brunswick,1847|1867
245,Bavaria,1836|1837|1838|1839|1840|1841|1842|1843|1844|1845|1846|1847|1848|1849|1850|1851|1852|1853|1854|1855|1856|1857|1858|1859|1860|1861|1862|1863|1864|1865|1866|1867|1868|1869|1870|1871
246,Bremen,1833|1834|1835|1836|1837|1838|1839|1840|1841|1842|1843|1844|1845|1846|1847|1848|1849|1850|1851|1852|1853|1854|1855|1856|1857|1858|1859|1860|1861|1862|1863|1864|1865|1866|1867
247,Frankfurt,1836|1837|1838|1839|1840|1841|1842|1843|1844|1845|1846|1847|1848|1849|1850|1851|1852|1853|1854|1855|1856|1857|1858|1859|1860|1861|1862|1863|1864
248,Hamburg,1833|1834|1835|1836|1837|1838|1839|1840|1841|1842|1843|1844|1845|1846|1847|1848|1849|1850|1851|1852|1853|1854|1855|1856|1857|1858|1859|1860|1861|1862|1863|1864|1865|1866|1867
255,Germany (Zollverein),1867|1868|1869|1870|1871|1872|1873|1874|1875|1876|1877|1878|1879|1880|1881|1882|1883|1884|1885|1886|1887|1888|1889|1890|1891|1892|1893|1894|1895|1896|1897|1898|1899|1900|1901|1902|1903|1904|1905|1906|1907|1908|1909|1910|1911|1912|1913|1914|1915|1916|1917|1918|1919|1920|1921|1922|1923|1924|1925|1926|1927|1928|1929|1930|1931|1932|1933|1934|1935|1936|1937|1938
257,Oldenburg,1833|1834|1835|1836|1837|1838|1839|1840|1841|1842|1843|1844|1845|1846|1847|1848|1849|1850|1851|1852|1853|1854|1855|1856|1857|1858|1859|1860|1861|1862|1863|1864|1865|1866|1867
261,Saxe Weimar Eisenach,1847|1867
262,Saxe Altenburg,1847|1867
264,Saxe Coburg and Gotha,1847|1867
266,Saxe Meiningen,1847|1867
269,Saxony,1833|1836|1837|1838|1839|1840|1841|1842|1843|1844|1845|1846|1847|1848|1849|1850|1851|1852|1853|1854|1855|1856|1857|1858|1859|1860|1861|1862|1863|1864|1865|1866|1867
276,LÃ¼beck,1833|1834|1835|1836|1837|1840|1841|1842|1843|1844|1845|1846|1847|1848|1849|1850|1851|1852|1853|1854|1855|1856|1857|1858|1859|1860|1861|1862|1863|1864|1865|1866|1867
280,Mecklenburg Schwerin,1833|1834|1835|1836|1837|1838|1839|1840|1841|1842|1843|1844|1845|1846|1847|1848|1849|1850|1851|1852|1853|1854|1855|1856|1857|1858|1859|1860|1861|1862|1863|1864|1865|1866|1867
290,Poland,1918|1919|1920|1921|1922|1923|1924|1925|1926|1927|1928|1929|1930|1931|1932|1933|1934|1935|1936|1937|1938
300,Austria-Hungary (Austrian Empire),1833|1834|1835|1836|1837|1838|1839|1840|1841|1842|1843|1844|1845|1846|1847|1848|1849|1850|1851|1852|1853|1854|1855|1856|1857|1858|1859|1860|1861|1862|1863|1864|1865|1866|1867|1868|1869|1870|1871|1872|1873|1874|1875|1876|1877|1878|1879|1880|1881|1882|1883|1884|1885|1886|1887|1888|1889|1890|1891|1892|1893|1894|1895|1896|1897|1898|1899|1900|1901|1902|1903|1904|1905|1906|1907|1908|1909|1910|1911|1912|1913|1914|1915|1916|1917
305,Austria,1918|1919|1920|1921|1922|1923|1924|1925|1926|1927|1928|1929|1930|1931|1932|1933|1934|1935|1936|1937|1938
310,Hungary,1918|1919|1920|1921|1922|1923|1924|1925|1926|1927|1928|1929|1930|1931|1932|1933|1934|1935|1936|1937|1938
315,Czechoslovakia,1919|1920|1921|1922|1923|1924|1925|1926|1927|1928|1929|1930|1931|1932|1933|1934|1935|1936|1937|1938
324,Kingdom of Sardinia,1833|1834|1835|1836|1837|1838|1839|1840|1841|1842|1843|1844|1845|1846|1847|1848|1849|1850|1851|1852|1853|1854|1855|1856|1857|1858|1859|1860
325,Italy,1861|1862|1863|1864|1865|1866|1867|1868|1869|1870|1871|1872|1873|1874|1875|1876|1877|1878|1879|1880|1881|1882|1883|1884|1885|1886|1887|1888|1889|1890|1891|1892|1893|1894|1895|1896|1897|1898|1899|1900|1901|1902|1903|1904|1905|1906|1907|1908|1909|1910|1911|1912|1913|1914|1915|1916|1917|1918|1919|1920|1921|1922|1923|1924|1925|1926|1927|1928|1929|1930|1931|1932|1933|1934|1935|1936|1937|1938
327,Papal States,1833|1834|1835|1836|1837|1838|1839|1840|1841|1842|1843|1844|1845|1846|1847|1848|1849|1850|1851|1852|1853|1854|1855|1856|1857|1858|1859|1860|1861
328,Vatican City,1935
329,Two Sicilies,1833|1834|1835|1836|1837|1838|1839|1840|1841|1842|1843|1844|1845|1846|1847|1848|1849|1850|1851|1852|1853|1854|1855|1856|1857|1858|1859|1860
332,Modena,1842|1843|1844|1845|1846|1847|1848|1849|1850|1851|1852|1853|1854|1855|1856|1857|1858|1859
335,Parma,1833|1834|1835|1836|1837|1838|1839|1840|1841|1842|1843|1844|1845|1846|1847|1848|1849|1850|1851|1852|1853|1854|1855|1856|1857|1858|1859
337,Tuscany,1833|1834|1835|1836|1837|1838|1839|1840|1841|1842|1843|1844|1845|1846|1847|1848|1849|1850|1851|1852|1853|1854|1855|1856|1857|1858|1859
338,Malta,1833|1834|1835|1836|1837|1838|1839|1840|1841|1842|1843|1844|1845|1846|1847|1848|1849|1850|1851|1852|1853|1854|1855|1856|1857|1858|1859|1860|1861|1862|1863|1864|1865|1866|1867|1868|1869|1870|1871|1872|1873|1874|1875|1876|1877|1878|1879|1880|1881|1882|1883|1884|1885|1886|1887|1888|1889|1890|1891|1892|1893|1894|1895|1896|1897|1898|1899|1900|1901|1902|1903|1904|1905|1906|1907|1908|1909|1910|1911|1912|1913|1914|1915|1916|1917|1918|1919|1920|1921|1922|1923|1924|1925|1926|1927|1928|1929|1930|1931|1932|1933|1934|1935|1936|1937|1938
339,Albania,1913|1914|1915|1916|1917|1918|1919|1920|1921|1922|1923|1924|1925|1926|1927|1928|1929|1930|1931|1932|1933|1934|1935|1936|1937|1938
341,Montenegro,1878|1879|1880|1881|1882|1883|1884|1885|1886|1887|1888|1889|1890|1891|1892|1893|1894|1895|1896|1897|1898|1899|1900|1901|1902|1903|1904|1905|1906|1907|1908|1909|1910|1911|1912|1913|1914|1915|1916
342,Kingdom of Serbia,1850|1857|1878|1879|1880|1881|1882|1883|1884|1885|1886|1887|1888|1889|1890|1891|1892|1893|1894|1895|1896|1897|1898|1899|1900|1901|1902|1903|1904|1905|1906|1907|1908|1909|1910|1911|1912|1913|1914|1915|1916|1917
345,"Yugoslavia (Kingdom of Serbs, Croats and Slovenes)",1918|1919|1920|1921|1922|1923|1924|1925|1926|1927|1928|1929|1930|1931|1932|1933|1934|1935|1936|1937|1938
350,Greece,1833|1834|1835|1836|1837|1838|1839|1840|1841|1842|1843|1844|1845|1846|1847|1848|1849|1850|1851|1852|1853|1854|1855|1856|1857|1858|1859|1860|1861|1862|1863|1864|1865|1866|1867|1868|1869|1870|1871|1872|1873|1874|1875|1876|1877|1878|1879|1880|1881|1882|1883|1884|1885|1886|1887|1888|1889|1890|1891|1892|1893|1894|1895|1896|1897|1898|1899|1900|1901|1902|1903|1904|1905|1906|1907|1908|1909|1910|1911|1912|1913|1914|1915|1916|1917|1918|1919|1920|1921|1922|1923|1924|1925|1926|1927|1928|1929|1930|1931|1932|1933|1934|1935|1936|1937|1938
351,Crete,1899|1900|1901|1902|1903|1904|1905|1906|1907|1908|1909|1910|1911|1912|1913
352,Cyprus,1878|1879|1880|1881|1882|1883|1884|1885|1886|1887|1888|1889|1890|1891|1892|1893|1894|1895|1896|1897|1898|1899|1900|1901|1902|1903|1904|1905|1906|1907|1908|1909|1910|1911|1912|1913|1914|1915|1916|1917|1918|1919|1920|1921|1922|1923|1924|1925|1926|1927|1928|1929|1930|1931|1932|1933|1934|1935|1936|1937|1938
355,Bulgaria,1878|1879|1880|1881|1882|1883|1884|1885|1886|1887|1888|1889|1890|1891|1892|1893|1894|1895|1896|1897|1898|1899|1900|1901|1902|1903|1904|1905|1906|1907|1908|1909|1910|1911|1912|1913|1914|1915|1916|1917|1918|1919|1920|1921|1922|1923|1924|1925|1926|1927|1928|1929|1930|1931|1932|1933|1934|1935|1936|1937|1938
360,Romania,1859|1860|1861|1862|1863|1864|1865|1866|1867|1868|1869|1870|1871|1872|1873|1874|1875|1876|1877|1878|1879|1880|1881|1882|1883|1884|1885|1886|1887|1888|1889|1890|1891|1892|1893|1894|1895|1896|1897|1898|1899|1900|1901|1902|1903|1904|1905|1906|1907|1908|1909|1910|1911|1912|1913|1914|1915|1916|1917|1918|1919|1920|1921|1922|1923|1924|1925|1926|1927|1928|1929|1930|1931|1932|1933|1934|1935|1936|1937|1938
365,Russia (USSR),1833|1834|1835|1836|1837|1838|1839|1840|1841|1842|1843|1844|1845|1846|1847|1848|1849|1850|1851|1852|1853|1854|1855|1856|1857|1858|1859|1860|1861|1862|1863|1864|1865|1866|1867|1868|1869|1870|1871|1872|1873|1874|1875|1876|1877|1878|1879|1880|1881|1882|1883|1884|1885|1886|1887|1888|1889|1890|1891|1892|1893|1894|1895|1896|1897|1898|1899|1900|1901|1902|1903|1904|1905|1906|1907|1908|1909|1910|1911|1912|1913|1914|1915|1916|1917|1918|1919|1920|1921|1922|1923|1924|1925|1926|1927|1928|1929|1930|1931|1932|1933|1934|1935|1936|1937|1938
366,Estonia,1918|1919|1920|1921|1922|1923|1924|1925|1926|1927|1928|1929|1930|1931|1932|1933|1934|1935|1936|1937|1938
367,Latvia,1918|1919|1920|1921|1922|1923|1924|1925|1926|1927|1928|1929|1930|1931|1932|1933|1934|1935|1936|1937|1938
368,Lithuania,1918|1919|1920|1921|1922|1923|1924|1925|1926|1927|1928|1929|1930|1931|1932|1933|1934|1935|1936|1937|1938
369,Ukraine,1918|1919|1920
371,Armenia,1920
372,Georgia,1919|1920
375,Finland,1917|1918|1919|1920|1921|1922|1923|1924|1925|1926|1927|1928|1929|1930|1931|1932|1933|1934|1935|1936|1937|1938
380,Sweden,1833|1834|1835|1836|1837|1838|1839|1840|1841|1842|1843|1844|1845|1846|1847|1848|1849|1850|1851|1852|1853|1854|1855|1856|1857|1858|1859|1860|1861|1862|1863|1864|1865|1866|1867|1868|1869|1870|1871|1872|1873|1874|1875|1876|1877|1878|1879|1880|1881|1882|1883|1884|1885|1886|1887|1888|1889|1890|1891|1892|1893|1894|1895|1896|1897|1898|1899|1900|1901|1902|1903|1904|1905|1906|1907|1908|1909|1910|1911|1912|1913|1914|1915|1916|1917|1918|1919|1920|1921|1922|1923|1924|1925|1926|1927|1928|1929|1930|1931|1932|1933|1934|1935|1936|1937|1938
385,Norway,1833|1834|1835|1836|1837|1838|1839|1840|1841|1842|1843|1844|1845|1846|1847|1848|1849|1850|1851|1852|1853|1854|1855|1856|1857|1858|1859|1860|1861|1862|1863|1864|1865|1866|1867|1868|1869|1870|1871|1872|1873|1874|1875|1876|1877|1878|1879|1880|1881|1882|1883|1884|1885|1886|1887|1888|1889|1890|1891|1892|1893|1894|1895|1896|1897|1898|1899|1900|1901|1902|1903|1904|1905|1906|1907|1908|1909|1910|1911|1912|1913|1914|1915|1916|1917|1918|1919|1920|1921|1922|1923|1924|1925|1926|1927|1928|1929|1930|1931|1932|1933|1934|1935|1936|1937|1938
390,Denmark,1833|1834|1835|1836|1837|1838|1839|1840|1841|1842|1843|1844|1845|1846|1847|1848|1849|1850|1851|1852|1853|1854|1855|1856|1857|1858|1859|1860|1861|1862|1863|1864|1865|1866|1867|1868|1869|1870|1871|1872|1873|1874|1875|1876|1877|1878|1879|1880|1881|1882|1883|1884|1885|1886|1887|1888|1889|1890|1891|1892|1893|1894|1895|1896|1897|1898|1899|1900|1901|1902|1903|1904|1905|1906|1907|1908|1909|1910|1911|1912|1913|1914|1915|1916|1917|1918|1919|1920|1921|1922|1923|1924|1925|1926|1927|1928|1929|1930|1931|1932|1933|1934|1935|1936|1937|1938
395,Iceland,1849|1850|1851|1852|1853|1854|1855|1856|1857|1858|1859|1860|1861|1862|1863|1864|1865|1866|1867|1868|1869|1870|1871|1872|1873|1874|1875|1876|1877|1878|1879|1880|1881|1882|1883|1884|1885|1886|1887|1888|1889|1890|1891|1892|1893|1894|1895|1896|1897|1898|1899|1900|1901|1902|1903|1904|1905|1906|1907|1908|1909|1910|1911|1912|1913|1914|1915|1916|1917|1918|1919|1920|1921|1922|1923|1924|1925|1926|1927|1928|1929|1930|1931|1932|1933|1934|1935|1936|1937|1938
401,Madeira Isles,1833|1834
402,Cape Verde,1833|1834|1835|1836|1837|1838|1839|1840|1841|1842|1843|1844|1845|1846|1847|1848|1849|1850|1851|1852|1853|1854|1855|1856|1857|1858|1859|1860|1861|1862|1863|1864|1865|1866|1867|1868|1869|1870|1871|1872|1873|1874|1875|1876|1877|1878|1879|1880|1881|1882|1883|1884|1885|1886|1887|1888|1889|1890|1891|1892|1893|1894|1895|1896|1897|1898|1899|1900|1901|1902|1903|1904|1905|1906|1907|1908|1909|1910|1911|1912|1913|1914|1915|1916|1917|1918|1919|1920|1921|1922|1923|1924|1925|1926|1927|1928|1929|1930|1931|1932|1933|1934|1935|1936|1937|1938
403,Sao Tome-Principe,1886|1887|1888|1889|1890|1891|1892|1893|1894|1895|1896|1897|1898|1899|1900|1901|1902|1903|1904|1905|1906|1907|1908|1909|1910|1911|1912|1913|1914|1915|1916|1917|1918|1919|1920|1921|1922|1923|1924|1925|1926|1927|1928|1929|1930|1931|1932|1933|1934|1935|1936|1937|1938
404,Guinea-Bissau (Portuguese Guinea),1882|1886|1887|1888|1889|1890|1891|1892|1893|1894|1895|1896|1897|1898|1899|1900|1901|1902|1903|1904|1905|1906|1907|1908|1909|1910|1911|1912|1913|1914|1915|1916|1917|1918|1919|1920|1921|1922|1923|1924|1925|1926|1927|1928|1929|1930|1931|1932|1933|1934|1935|1936|1937|1938
411,Equatorial Guinea (Spanish Guinea),1849|1850|1851|1852|1853|1854|1855|1856|1857|1858|1859|1860|1861|1862|1863|1864|1865|1866|1867|1868|1869|1870|1871|1872|1873|1874|1875|1876|1877|1878|1879|1880|1881|1882|1883|1884|1885|1886|1887|1888|1889|1890|1891|1892|1893|1894|1895|1896|1897|1898|1899|1900|1901|1902|1903|1905|1909|1910|1911|1912|1913|1914|1915|1916|1917|1918|1919|1920|1921|1922|1923|1924|1925|1926|1927|1928|1929|1930|1931|1932|1933|1934|1935|1936|1937|1938
420,Gambia,1843|1844|1845|1846|1847|1848|1849|1850|1851|1852|1853|1854|1855|1856|1857|1858|1859|1860|1861|1862|1863|1864|1865|1866|1888|1889|1890|1891|1892|1893|1894|1895|1896|1897|1898|1899|1900|1901|1902|1903|1904|1905|1906|1907|1908|1909|1910|1911|1912|1913|1914|1915|1916|1917|1918|1919|1920|1921|1922|1923|1924|1925|1926|1927|1928|1929|1930|1931|1932|1933|1934|1935|1936|1937|1938
430,French West Africa,1895|1896|1897|1898|1899|1900|1901|1902|1903|1904|1905|1906|1907|1908|1909|1910|1911|1912|1913|1914|1915|1916|1917|1918|1919|1920|1921|1922|1923|1924|1925|1926|1927|1928|1929|1930|1931|1932|1933|1934|1935|1936|1937|1938
433,Senegal,1833|1834|1835|1836|1837|1838|1839|1840|1841|1842|1843|1844|1845|1846|1847|1848|1849|1850|1851|1852|1853|1854|1855|1856|1857|1858|1859|1860|1861|1862|1863|1864|1865|1866|1867|1868|1869|1870|1871|1872|1873|1874|1875|1876|1877|1878|1879|1880|1881|1882|1883|1884|1885|1886|1887|1888|1889|1890|1891|1892|1893|1894|1895
434,Benin (Dahomey),1894|1895|1896|1897|1898|1899
437,Ivory Coast,1877|1878|1879|1880|1881|1882|1883|1884|1885|1886|1887|1888|1889|1890|1891|1892|1893|1894|1895|1896|1897|1898|1899|1900|1901|1902|1903|1904
438,Guinea (French Guinea) (Rivieres du Sud),1893|1894|1895
450,Liberia,1859|1860|1861|1862|1863|1864|1865|1866|1867|1868|1869|1870|1871|1872|1873|1874|1875|1876|1877|1878|1879|1880|1881|1882|1883|1884|1885|1886|1887|1888|1889|1890|1891|1892|1893|1894|1895|1896|1897|1898|1899|1900|1901|1902|1903|1904|1905|1906|1907|1908|1909|1910|1911|1912|1913|1914|1915|1916|1917|1918|1919|1920|1921|1922|1923|1924|1925|1926|1927|1928|1929|1930|1931|1932|1933|1934|1935|1936|1937|1938
451,Sierra Leone,1833|1834|1835|1836|1837|1838|1839|1840|1841|1842|1843|1844|1845|1846|1847|1848|1849|1850|1851|1852|1853|1854|1855|1856|1857|1858|1859|1860|1861|1862|1863|1864|1865|1866|1867|1868|1869|1870|1871|1872|1873|1874|1875|1876|1877|1878|1879|1880|1881|1882|1883|1884|1885|1886|1887|1888|1889|1890|1891|1892|1893|1894|1895|1896|1897|1898|1899|1900|1901|1902|1903|1904|1905|1906|1907|1908|1909|1910|1911|1912|1913|1914|1915|1916|1917|1918|1919|1920|1921|1922|1923|1924|1925|1926|1927|1928|1929|1930|1931|1932|1933|1934|1935|1936|1937|1938
452,Ghana (Gold Coast),1846|1847|1848|1849|1850|1851|1852|1853|1854|1855|1856|1857|1858|1859|1860|1861|1862|1863|1864|1865|1866|1874|1875|1876|1877|1878|1879|1880|1881|1882|1883|1884|1885|1886|1887|1888|1889|1890|1891|1892|1893|1894|1895|1896|1897|1898|1899|1900|1901|1902|1903|1904|1905|1906|1907|1908|1909|1910|1911|1912|1913|1914|1915|1916|1917|1918|1919|1920|1921|1922|1923|1924|1925|1926|1927|1928|1929|1930|1931|1932|1933|1934|1935|1936|1937|1938
460,German Togoland,1884|1885|1886|1887|1888|1889|1890|1891|1892|1893|1894|1896|1897|1898|1899|1900|1901|1902|1903|1904|1905|1906|1907|1908|1909|1910|1911|1912|1913|1914|1915|1916
470,Kamerun,1885|1888|1890|1891|1892|1893|1895|1896|1897|1898|1899|1900|1901|1902|1903|1904|1905|1906|1907|1908|1909|1910|1911|1912|1913|1914|1915|1916
475,Nigeria,1914|1915|1916|1917|1918|1919|1920|1921|1922|1923|1924|1925|1926|1927|1928|1929|1930|1931|1932|1933|1934|1935|1936|1937|1938
480,French Equatorial Africa,1910|1911|1912|1913|1914|1915|1916|1917|1918|1919|1920|1921|1922|1923|1924|1925|1926|1927|1928|1929|1930|1931|1932|1933|1934|1935|1936|1937|1938
481,Gabon,1868|1884|1885|1886|1887|1888
484,Congo (Brazzaville) (French Congo) (Middle Congo),1882|1883|1884|1885|1886|1887|1888|1889|1890|1891|1892|1893|1894|1895|1896|1897|1898|1899|1900|1901|1902|1903|1904|1905|1906|1907|1908|1909|1910
490,Democratic Republic of the Congo (Zaire) (Kinshasa) (Belgian Congo) (Congo Free State),1908|1909|1910|1911|1912|1913|1914|1915|1916|1917|1918|1919|1920|1921|1922|1923|1924|1925|1926|1927|1928|1929|1930|1931|1932|1933|1934|1935|1936|1937|1938
500,Uganda,1897|1898|1899|1902|1903|1904|1905|1906|1907|1908|1909|1910|1911|1912|1913|1914|1915|1916|1917|1918|1919|1920|1921|1922|1923|1924|1925|1926|1927|1928|1929|1930|1931|1932|1933|1934|1935|1936|1937|1938
501,Kenya (British East Africa Protectorate),1899|1900|1901|1902|1903|1904|1905|1906|1907|1908|1909|1910|1911|1912|1913|1914|1915|1916|1917|1918|1919|1920|1921|1922|1923|1924|1925|1926|1927|1928|1929|1930|1931|1932|1933|1934|1935|1936|1937|1938
510,German East Africa,1889|1890|1891|1892|1893|1894|1895|1896|1897|1898|1899|1900|1901|1902|1903|1904|1905|1906|1907|1908|1909|1910|1911|1912|1913|1914|1915|1916|1917|1918
511,Zanzibar,1838|1841|1842|1845|1847|1848|1849|1850|1851|1852|1853|1854|1855|1856|1857|1858|1859|1860|1861|1862|1863|1864|1865|1866|1867|1868|1869|1870|1871|1872|1873|1874|1875|1876|1877|1878|1879|1880|1881|1882|1883|1884|1885|1886|1887|1888|1889|1890|1891|1892|1893|1894|1895|1896|1897|1898|1899|1900|1901|1902|1903|1904|1905|1906|1907|1908|1909|1910|1911|1912|1913|1914|1915|1916|1917|1918|1919|1920|1921|1922|1923|1924|1925|1926|1927|1928|1929|1930|1931|1932|1933|1934|1935|1936|1937|1938
521,Somaliland Republic (British Somaliland),1892|1893|1894|1895|1896|1897|1898|1899|1900|1901|1902|1903|1904|1905|1906|1907|1908|1909|1910|1911|1912|1913|1914|1915|1916|1917|1918|1919|1920|1921|1922|1923|1924|1925|1926|1927|1928|1929|1930|1931|1932|1933|1934|1935|1936|1937|1938
522,Djibouti (Afar and Issas) (French Somaliland),1896|1897|1898|1899|1900|1901|1902|1903|1904|1905|1906|1907|1908|1909|1910|1911|1912|1913|1914|1915|1916|1917|1918|1919|1920|1921|1922|1923|1924|1925|1926|1927|1928|1929|1930|1931|1932|1933|1934|1935|1936|1937|1938
530,Ethiopia (Abyssinia),1868|1869|1870|1875|1876|1877|1880|1881|1882|1883|1884|1885|1886|1887|1888|1889|1890|1891|1892|1893|1894|1895|1896|1897|1898|1899|1900|1901|1902|1903|1904|1905|1906|1907|1908|1909|1910|1911|1912|1913|1914|1915|1916|1917|1918|1919|1920|1921|1922|1923|1924|1925|1926|1927|1928|1929|1930|1931|1932|1933|1934|1935|1936
531,Eritrea,1888|1892|1893|1894|1895|1896|1897|1898|1899|1900|1901|1902|1903|1904|1905|1906|1907|1908|1909|1910|1911|1912|1913|1914|1915|1916|1917|1918|1919|1920|1921|1922|1923|1924|1925|1926|1927|1928|1929|1930|1931|1932|1933|1934|1935|1936
540,Angola,1838|1840|1860|1861|1874|1875|1876|1878|1882|1883|1886|1887|1888|1889|1890|1891|1892|1893|1894|1895|1896|1897|1898|1899|1900|1901|1902|1903|1904|1905|1906|1907|1908|1909|1910|1911|1912|1913|1914|1915|1916|1917|1918|1919|1920|1921|1922|1923|1924|1925|1926|1927|1928|1929|1930|1931|1932|1933|1934|1935|1936|1937|1938
541,Mozambique (Portuguese East Africa),1835|1838|1840|1841|1842|1843|1844|1845|1846|1847|1848|1849|1850|1851|1852|1853|1854|1855|1856|1857|1858|1859|1860|1861|1862|1863|1864|1865|1866|1867|1868|1869|1870|1871|1872|1873|1874|1875|1876|1877|1878|1879|1880|1881|1882|1883|1884|1885|1886|1887|1888|1889|1890|1891|1892|1893|1894|1895|1896|1897|1898|1899|1900|1901|1902|1903|1904|1905|1906|1907|1908|1909|1910|1911|1912|1913|1914|1915|1916|1917|1918|1919|1920|1921|1922|1923|1924|1925|1926|1927|1928|1929|1930|1931|1932|1933|1934|1935|1936|1937|1938
551,Zambia (Northern Rhodesia),1911|1912|1913|1914|1915|1916|1917|1918|1919|1920|1921|1922|1923|1924|1925|1926|1927|1928|1929|1930|1931|1932|1933|1934|1935|1936|1937|1938
552,Zimbabwe (Rhodesia) (Southern Rhodesia),1891|1892|1893|1894|1895|1903|1906|1907|1908|1909|1910|1911|1912|1913|1914|1915|1916|1917|1918|1919|1920|1921|1922|1923|1924|1925|1926|1927|1928|1929|1930|1931|1932|1933|1934|1935|1936|1937|1938
553,Malawi (Nyasaland) (British Central Africa Protectorate),1901|1902|1903|1904|1905|1906|1907|1908|1909|1910|1911|1912|1913|1914|1915|1916|1917|1918|1919|1920|1921|1922|1923|1924|1925|1926|1927|1928|1929|1930|1931|1932|1933|1934|1935|1936|1937|1938
560,South Africa,1910|1911|1912|1913|1914|1915|1916|1917|1918|1919|1920|1921|1922|1923|1924|1925|1926|1927|1928|1929|1930|1931|1932|1933|1934|1935|1936|1937|1938
561,Cape Colony (Cape of Good Hope),1833|1834|1835|1836|1837|1838|1839|1840|1841|1842|1843|1844|1845|1846|1847|1848|1849|1850|1851|1852|1853|1854|1855|1856|1857|1858|1859|1860|1861|1862|1863|1864|1865|1866|1867|1868|1869|1870|1871|1872|1873|1874|1875|1876|1877|1878|1879|1880|1881|1882|1883|1884|1885|1886|1887|1888|1889|1890|1891|1892|1893|1894|1895|1896|1897|1898|1899|1900|1901|1902|1903|1904|1905|1906|1907|1908|1909|1910
562,Natal,1839|1840|1841|1842|1843|1844|1856|1857|1858|1859|1860|1861|1862|1863|1864|1865|1866|1867|1868|1869|1870|1871|1872|1873|1874|1875|1876|1877|1878|1879|1880|1881|1882|1883|1884|1885|1886|1887|1888|1889|1890|1891|1892|1893|1894|1895|1896|1897|1898|1899|1900|1901|1902|1903|1904|1905|1906|1907|1908|1909|1910
563,Transvaal (South African Republic),1875|1876|1877|1878|1879|1880|1881|1882|1883|1884|1885|1886|1887|1888|1889|1890|1891|1892|1893|1894|1895|1896|1897|1898|1899|1900|1901|1902|1903|1904|1905|1906|1907|1908|1909|1910
564,Orange Free State (Orange River Colony),1885|1886|1887|1888|1889|1896|1897|1898|1899|1900|1901|1902|1903|1904|1905|1906|1907|1908|1909|1910
565,Namibia (South West Africa) (German South West Africa),1885|1886|1887|1888|1889|1890|1891|1892|1893|1897|1898|1899|1900|1901|1902|1903|1904|1905|1906|1907|1908|1909|1910|1911|1912|1913|1914|1915
570,Lesotho (Basutoland),1909|1910|1911|1912|1913|1914|1915|1916|1917|1918|1919|1920|1921|1922|1923|1924|1925|1926|1927|1928|1929|1930|1931|1932|1933|1934|1935|1936|1937|1938
571,Botswana (Bechuanaland),1909|1910|1911|1912|1913|1914|1915|1916|1917|1918|1919|1920|1921|1922|1923|1924|1925|1926|1927|1928|1929|1930|1931|1932|1933|1934|1935|1936|1937|1938
572,Eswatini (Swaziland),1909|1910|1911|1912|1913|1914|1915|1916|1917|1918|1919|1920|1921|1922|1923|1924|1925|1926|1927|1928|1929|1930|1931|1932|1933|1934|1935|1936|1937|1938
580,Madagascar (Malagasy Republic),1835|1838|1841|1842|1844|1845|1846|1847|1848|1849|1850|1851|1852|1854|1856|1857|1861|1862|1863|1864|1865|1866|1867|1868|1869|1870|1871|1872|1873|1874|1875|1876|1877|1878|1879|1880|1881|1882|1883|1884|1885|1886|1887|1888|1889|1890|1891|1892|1893|1894|1895|1896|1897|1898|1899|1900|1901|1902|1903|1904|1905|1906|1907|1908|1909|1910|1911|1912|1913|1914|1915|1916|1917|1918|1919|1920|1921|1922|1923|1924|1925|1926|1927|1928|1929|1930|1931|1932|1933|1934|1935|1936|1937|1938
581,Comoros,1887|1888|1889|1890|1891|1892|1893|1894|1895|1896|1897|1898|1899|1900|1901|1902|1903|1904|1905|1906|1907|1908|1909|1910|1911|1912
585,Reunion (Bourbon I.),1833|1834|1835|1836|1837|1838|1839|1840|1841|1842|1843|1844|1845|1846|1847|1848|1849|1850|1851|1852|1853|1854|1855|1856|1857|1858|1859|1860|1861|1862|1863|1864|1865|1866|1867|1868|1869|1870|1871|1872|1873|1874|1875|1876|1877|1878|1879|1880|1881|1882|1883|1884|1885|1886|1887|1888|1889|1890|1891|1892|1893|1894|1895|1896|1897|1898|1899|1900|1901|1902|1903|1904|1905|1906|1907|1908|1909|1910|1911|1912|1913|1914|1915|1916|1917|1918|1919|1920|1921|1922|1923|1924|1925|1926|1927|1928|1929|1930|1931|1932|1933|1934|1935|1936|1937|1938
590,Mauritius,1833|1834|1835|1836|1837|1838|1839|1840|1841|1842|1843|1844|1845|1846|1847|1848|1849|1850|1851|1852|1853|1854|1855|1856|1857|1858|1859|1860|1861|1862|1863|1864|1865|1866|1867|1868|1869|1870|1871|1872|1873|1874|1875|1876|1877|1878|1879|1880|1881|1882|1883|1884|1885|1886|1887|1888|1889|1890|1891|1892|1893|1894|1895|1896|1897|1898|1899|1900|1901|1902|1903|1904|1905|1906|1907|1908|1909|1910|1911|1912|1913|1914|1915|1916|1917|1918|1919|1920|1921|1922|1923|1924|1925|1926|1927|1928|1929|1930|1931|1932|1933|1934|1935|1936|1937|1938
591,Seychelles,1903|1904|1905|1906|1907|1908|1909|1910|1911|1912|1913|1914|1915|1916|1917|1918|1919|1920|1921|1922|1923|1924|1925|1926|1927|1928|1929|1930|1931|1932|1933|1934|1935|1936|1937|1938
600,Morocco,1833|1834|1836|1837|1838|1839|1840|1841|1842|1843|1844|1846|1848|1849|1850|1851|1852|1853|1854|1855|1856|1857|1858|1859|1860|1861|1862|1863|1864|1865|1866|1867|1868|1869|1870|1871|1872|1873|1874|1875|1876|1877|1878|1879|1880|1881|1882|1883|1884|1885|1886|1887|1888|1889|1890|1891|1892|1893|1894|1895|1896|1897|1898|1899|1900|1901|1902|1903|1904|1905|1906|1907|1908|1909|1910|1911|1912|1913|1914|1915|1916|1917|1918|1919|1920|1921|1922|1923|1924|1925|1926|1927|1928|1929|1930|1931|1932|1933|1934|1935|1936|1937|1938
601,Tangier,1923|1924|1925|1926|1927|1928|1929|1930|1931|1932|1933|1934|1935|1936|1937|1938
602,Spanish Morocco,1914|1915|1916|1917|1918|1919|1920|1921|1922|1923|1924|1925|1926|1927|1928|1929|1930|1931|1932|1933|1934|1935|1936|1937|1938
615,Algeria (Regency of Algiers),1833|1834|1835|1836|1837|1838|1839|1840|1841|1842|1843|1844|1845|1846|1847|1848|1849|1850|1851|1852|1853|1854|1855|1856|1857|1858|1859|1860|1861|1862|1863|1864|1865|1866|1867|1868|1869|1870|1871|1872|1873|1874|1875|1876|1877|1878|1879|1880|1881|1882|1883|1884|1885|1886|1887|1888|1889|1890|1891|1892|1893|1894|1895|1896|1897|1898|1899|1900|1901|1902|1903|1904|1905|1906|1907|1908|1909|1910|1911|1912|1913|1914|1915|1916|1917|1918|1919|1920|1921|1922|1923|1924|1925|1926|1927|1928|1929|1930|1931|1932|1933|1934|1935|1936|1937|1938
616,Tunisia (Regency of Tunis),1833|1834|1835|1836|1837|1838|1839|1840|1841|1842|1843|1848|1849|1850|1851|1852|1853|1854|1855|1856|1857|1858|1859|1860|1861|1862|1863|1864|1865|1866|1867|1868|1869|1870|1871|1872|1873|1874|1875|1876|1877|1878|1879|1880|1881|1882|1883|1884|1885|1886|1887|1888|1889|1890|1891|1892|1893|1894|1895|1896|1897|1898|1899|1900|1901|1902|1903|1904|1905|1906|1907|1908|1909|1910|1911|1912|1913|1914|1915|1916|1917|1918|1919|1920|1921|1922|1923|1924|1925|1926|1927|1928|1929|1930|1931|1932|1933|1934|1935|1936|1937|1938
620,Libya,1934|1935|1936|1937|1938
625,Sudan (Anglo-Egyptian Sudan) (Mahdist State),1892|1893|1894|1895|1896|1897|1898|1899|1900|1901|1902|1903|1904|1905|1906|1907|1908|1909|1910|1911|1912|1913|1914|1915|1916|1917|1918|1919|1920|1921|1922|1923|1924|1925|1926|1927|1928|1929|1930|1931|1932|1933|1934|1935|1936|1937|1938
630,Iran (Persia),1833|1834|1835|1836|1837|1838|1839|1840|1841|1842|1843|1844|1845|1846|1847|1848|1849|1850|1851|1852|1853|1854|1855|1856|1857|1858|1859|1860|1861|1862|1863|1864|1865|1866|1867|1868|1869|1870|1871|1872|1873|1874|1875|1876|1877|1878|1879|1880|1881|1882|1883|1884|1885|1886|1887|1888|1889|1890|1891|1892|1893|1894|1895|1896|1897|1898|1899|1900|1901|1902|1903|1904|1905|1906|1907|1908|1909|1910|1911|1912|1913|1914|1915|1916|1917|1918|1919|1920|1921|1922|1923|1924|1925|1926|1927|1928|1929|1930|1931|1932|1933|1934|1935|1936|1937|1938
640,Turkey (Ottoman Empire),1833|1834|1835|1836|1837|1838|1839|1840|1841|1842|1843|1844|1845|1846|1847|1848|1849|1850|1851|1852|1853|1854|1855|1856|1857|1858|1859|1860|1861|1862|1863|1864|1865|1866|1867|1868|1869|1870|1871|1872|1873|1874|1875|1876|1877|1878|1879|1880|1881|1882|1883|1884|1885|1886|1887|1888|1889|1890|1891|1892|1893|1894|1895|1896|1897|1898|1899|1900|1901|1902|1903|1904|1905|1906|1907|1908|1909|1910|1911|1912|1913|1914|1915|1916|1917|1918|1919|1920|1921|1922|1923|1924|1925|1926|1927|1928|1929|1930|1931|1932|1933|1934|1935|1936|1937|1938
645,Iraq (Mesopotamia),1932|1933|1934|1935|1936|1937|1938
651,Egypt Arab Republic (Egypt),1833|1834|1835|1836|1837|1838|1839|1840|1841|1842|1843|1844|1845|1846|1847|1848|1849|1850|1851|1852|1853|1854|1855|1856|1857|1858|1859|1860|1861|1862|1863|1864|1865|1866|1867|1868|1869|1870|1871|1872|1873|1874|1875|1876|1877|1878|1879|1880|1881|1882|1914|1915|1916|1917|1918|1919|1920|1921|1922|1937|1938
670,Saudi Arabia (Emirate of Nejd) (Emirate of Diriyah),1861|1867|1871|1902|1903|1904|1905|1906|1907|1908|1909|1910|1911|1912|1913|1914|1915|1916|1917|1918|1919|1920|1921|1922|1923|1924|1925|1926|1927|1928|1929|1930|1931|1932|1933|1934|1935|1936|1937|1938
671,Hejaz Sultanate,1921|1922|1923|1924|1925
678,Yemen Arab Republic (North Yemen) (Kingdom of Yemen),1918|1919|1920|1921|1922|1923|1924|1925|1926|1927|1928|1929|1930|1931|1932|1933|1934|1935|1936|1937|1938
681,Aden,1937|1938
682,Aden Protectorate,1905|1913|1923|1930|1931|1932|1933|1934|1935|1936
690,Kuwait,1924|1925|1926|1927|1928|1929|1930|1931|1932|1933|1934|1935|1936|1937|1938
692,Bahrain,1889|1890|1891|1892|1893|1894|1895|1896|1900|1901|1902|1903|1904|1905|1906|1907|1908|1909|1910|1911|1912|1913|1914|1915|1916|1917|1918|1919|1920|1921|1922|1923|1924|1925|1926|1927|1928|1929|1930|1931|1932|1933|1934|1935|1936|1937|1938
696,United Arab Emirates (Trucial Oman),1909|1910|1911|1912|1913|1914|1915|1916|1917|1918|1919|1920|1921|1922|1923|1924|1925|1926|1927|1928|1929|1930|1931|1932|1933|1934|1935|1936|1937|1938
698,Oman (Sultanate of Muscat and Oman),1843|1855|1858|1862|1863|1864|1865|1866|1867|1868|1869|1870|1871|1872|1873|1874|1875|1877|1878|1879|1880|1881|1882|1883|1884|1885|1886|1887|1888|1889|1890|1891|1892|1893|1894|1895|1896|1897|1898|1899|1900|1901|1902|1903|1904|1905|1906|1907|1908|1909|1910|1911|1912|1913|1914|1915|1916|1917|1918|1919|1920|1921|1922|1923|1924|1925|1926|1927|1928|1929|1930|1931|1932|1933|1934|1935|1936|1937|1938
700,Afghanistan,1895|1896|1897|1898|1899|1900|1901|1902|1903|1904|1905|1906|1907|1908|1909|1910|1911|1912|1913|1914|1915|1916|1917|1918|1919|1920|1921|1922|1923|1924|1925|1926|1927|1928|1929|1930|1931|1932|1933|1934|1935|1936|1937|1938
710,People's Republic of China (China),1833|1834|1835|1836|1837|1838|1839|1840|1841|1842|1843|1844|1845|1846|1847|1848|1849|1850|1851|1852|1853|1854|1855|1856|1857|1858|1859|1860|1861|1862|1863|1864|1865|1866|1867|1868|1869|1870|1871|1872|1873|1874|1875|1876|1877|1878|1879|1880|1881|1882|1883|1884|1885|1886|1887|1888|1889|1890|1891|1892|1893|1894|1895|1896|1897|1898|1899|1900|1901|1902|1903|1904|1905|1906|1907|1908|1909|1910|1911|1912|1913|1914|1915|1916|1917|1918|1919|1920|1921|1922|1923|1924|1925|1926|1927|1928|1929|1930|1931|1932|1933|1934|1935|1936|1937|1938
712,Mongolia,1913|1914|1915|1924|1925|1926|1927|1928|1929|1930|1931|1932|1933|1934|1935|1936|1937|1938
713,Republic of China (Taiwan) (Formosa),1895|1896|1897|1898|1899|1900|1901|1902|1903|1904|1905|1906|1907|1908|1909|1910|1911|1912|1913|1914|1915|1916|1917|1918|1919|1920|1921|1922|1923|1924|1925|1926|1927|1928|1929|1930|1931|1932|1933|1934|1935|1936|1937|1938
720,Hong Kong,1844|1845|1846|1847|1848|1849|1850|1851|1852|1853|1854|1855|1856|1857|1858|1859|1860|1861|1862|1863|1864|1865|1866|1867|1868|1869|1870|1871|1872|1873|1874|1875|1876|1877|1878|1879|1880|1881|1882|1883|1884|1885|1886|1887|1888|1889|1890|1891|1892|1893|1894|1895|1896|1897|1898|1899|1900|1901|1902|1903|1904|1905|1906|1907|1908|1909|1910|1911|1912|1913|1914|1915|1916|1917|1918|1919|1920|1921|1922|1923|1924|1925|1926|1927|1928|1929|1930|1931|1932|1933|1934|1935|1936|1937|1938
721,Macao,1833|1834|1835|1836|1838|1848|1851|1856|1858|1859|1861|1862|1863|1864|1865|1866|1867|1868|1869|1870|1871|1872|1873|1874|1875|1876|1877|1878|1879|1880|1881|1883|1884|1885|1886|1887|1888|1889|1890|1891|1892|1893|1894|1895|1896|1897|1898|1899|1900|1901|1902|1903|1904|1905|1906|1907|1908|1909|1910|1911|1912|1913|1914|1915|1916|1917|1918|1919|1920|1921|1922|1923|1924|1925|1926|1927|1928|1929|1930|1931|1932|1933|1934|1935|1936|1937|1938
730,Korea (Chosen),1883|1884|1885|1886|1887|1888|1889|1890|1891|1892|1893|1894|1895|1896|1897|1898|1899|1900|1901|1902|1903|1904|1905|1907|1908|1909|1910|1911|1912|1913|1914|1915|1916|1917|1918|1919|1920|1921|1922|1923|1924|1925|1926|1927|1928|1929|1930|1931|1932|1933|1934|1935|1936|1937|1938
735,Far Eastern Republic,1921|1922
740,Japan,1833|1834|1835|1836|1838|1840|1843|1844|1845|1846|1848|1851|1853|1854|1855|1856|1858|1859|1860|1861|1862|1863|1864|1865|1866|1867|1868|1869|1870|1871|1872|1873|1874|1875|1876|1877|1878|1879|1880|1881|1882|1883|1884|1885|1886|1887|1888|1889|1890|1891|1892|1893|1894|1895|1896|1897|1898|1899|1900|1901|1902|1903|1904|1905|1906|1907|1908|1909|1910|1911|1912|1913|1914|1915|1916|1917|1918|1919|1920|1921|1922|1923|1924|1925|1926|1927|1928|1929|1930|1931|1932|1933|1934|1935|1936|1937|1938
750,India,1833|1834|1835|1836|1837|1838|1839|1840|1841|1842|1843|1844|1845|1846|1847|1848|1849|1850|1851|1852|1853|1854|1855|1856|1857|1858|1859|1860|1861|1862|1863|1864|1865|1866|1867|1868|1869|1870|1871|1872|1873|1874|1875|1876|1877|1878|1879|1880|1881|1882|1883|1884|1885|1886|1887|1888|1889|1890|1891|1892|1893|1894|1895|1896|1897|1898|1899|1900|1901|1902|1903|1904|1905|1906|1907|1908|1909|1910|1911|1912|1913|1914|1915|1916|1917|1918|1919|1920|1921|1922|1923|1924|1925|1926|1927|1928|1929|1930|1931|1932|1933|1934|1935|1936|1937|1938
751,French India,1833|1834|1835|1836|1837|1838|1839|1840|1841|1842|1843|1844|1845|1846|1847|1848|1849|1850|1851|1852|1853|1854|1855|1856|1857|1858|1859|1860|1861|1862|1863|1864|1865|1866|1867|1868|1869|1870|1871|1872|1873|1874|1875|1876|1877|1878|1879|1880|1881|1882|1883|1884|1885|1886|1887|1888|1889|1890|1891|1892|1893|1894|1895|1896|1897|1898|1899|1900|1901|1902|1903|1904|1905|1906|1907|1908|1909|1910|1911|1912|1913|1914|1915|1916|1917|1918|1919|1920|1921|1922|1923|1924|1925|1926|1927|1928|1929|1930|1931|1932|1933|1934|1935|1936|1937|1938
752,Portuguese India,1854|1855|1857|1861|1863|1872|1875|1876|1877|1878|1879|1880|1881|1882|1883|1884|1885|1886|1887|1888|1889|1890|1891|1892|1893|1894|1895|1896|1897|1898|1899|1900|1901|1902|1903|1904|1905|1906|1907|1908|1909|1910|1911|1912|1913|1914|1915|1916|1917|1918|1919|1920|1921|1922|1923|1924|1925|1926|1927|1928|1929|1930|1931|1932|1933|1934|1935|1936|1937|1938
760,Bhutan,1920|1921|1933|1934|1935|1936|1937|1938
761,Sikkim,1862|1863
775,Myanmar (Burma),1838|1840|1841|1842|1843|1844|1845|1846|1847|1848|1849|1850|1851|1852|1853|1854|1855|1856|1857|1858|1859|1860|1861|1862|1863|1864|1865|1866|1867|1868|1869|1870|1871|1872|1873|1874|1875|1876|1877|1878|1879|1880|1881|1882|1883|1884|1885|1886|1937|1938
780,Sri Lanka (Ceylon),1833|1834|1835|1836|1837|1838|1839|1840|1841|1842|1843|1844|1845|1846|1847|1848|1849|1850|1851|1852|1853|1854|1855|1856|1857|1858|1859|1860|1861|1862|1863|1864|1865|1866|1867|1868|1869|1870|1871|1872|1873|1874|1875|1876|1877|1878|1879|1880|1881|1882|1883|1884|1885|1886|1887|1888|1889|1890|1891|1892|1893|1894|1895|1896|1897|1898|1899|1900|1901|1902|1903|1904|1905|1906|1907|1908|1909|1910|1911|1912|1913|1914|1915|1916|1917|1918|1919|1920|1921|1922|1923|1924|1925|1926|1927|1928|1929|1930|1931|1932|1933|1934|1935|1936|1937|1938
781,Maldive Islands,1841|1842|1843|1844|1845|1846|1847|1848|1849|1850|1851|1852|1853|1854|1855|1856|1857|1858|1859|1860|1861|1862|1863|1864|1865|1866|1867|1868|1869|1870|1871|1872|1873|1874|1875|1876|1877|1878|1879|1880|1881|1882|1883|1884|1885|1886|1887|1888|1889|1890|1891|1892|1893|1894|1895|1896|1897|1898|1899|1900|1901|1902|1903|1904|1905|1906|1907|1908|1909|1910|1911|1912|1913|1914|1915|1916|1917|1918|1919|1920|1921|1922|1923|1924|1925|1926|1927|1928|1929|1930|1931|1932|1933|1934|1935|1936|1937|1938
790,Nepal,1920|1921|1933|1934|1935|1936|1937|1938
800,Thailand (Siam),1833|1834|1835|1836|1838|1839|1840|1841|1842|1843|1844|1845|1846|1847|1848|1849|1850|1851|1852|1853|1854|1855|1856|1857|1858|1859|1860|1861|1862|1863|1864|1865|1866|1867|1868|1869|1870|1871|1872|1873|1874|1875|1876|1877|1878|1879|1880|1881|1882|1883|1884|1885|1886|1887|1888|1889|1890|1891|1892|1893|1894|1895|1896|1897|1898|1899|1900|1901|1902|1903|1904|1905|1906|1907|1908|1909|1910|1911|1912|1913|1914|1915|1916|1917|1918|1919|1920|1921|1922|1923|1924|1925|1926|1927|1928|1929|1930|1931|1932|1933|1934|1935|1936|1937|1938
810,French Indochina,1887|1888|1889|1890|1891|1892|1893|1894|1895|1896|1897|1898|1899|1900|1901|1902|1903|1904|1905|1906|1907|1908|1909|1910|1911|1912|1913|1914|1915|1916|1917|1918|1919|1920|1921|1922|1923|1924|1925|1926|1927|1928|1929|1930|1931|1932|1933|1934|1935|1936|1937|1938
811,Cambodia (Kampuchea),1864|1867|1868|1869|1870|1871|1872|1873|1874|1875|1876|1877|1878|1879|1880|1881|1882|1883|1884|1885|1886|1887|1888|1889|1890|1891|1892|1893|1894|1895|1896|1897|1898|1899|1900|1901|1902|1903|1904|1905|1906|1907|1908|1909|1910|1911|1912|1913|1914|1915|1916|1917|1918|1921|1922|1923|1924|1925|1926|1927|1928|1929|1930|1931|1932|1933|1934|1935|1936|1937|1938
812,Laos,1900|1901|1902|1903|1904|1905|1906|1907|1908|1909|1910|1911|1912|1913|1914|1915|1916|1917
815,Vietnam,1833|1834|1835|1836|1837|1838|1839|1840|1841|1842|1843|1844|1845|1846|1847|1848|1849|1850|1851|1852|1853|1854|1855|1856|1857|1858|1859|1860|1861|1864|1867|1868|1869|1870|1871|1872|1873|1874|1875|1876|1877|1878|1879|1880|1881|1882
821,Federated Malay States,1899|1900|1901|1902|1903|1904|1905|1906|1907|1908|1909|1910|1911|1912|1913|1914|1915|1916|1917|1918|1919|1920|1921|1922|1923|1924|1925|1926|1927|1928|1929|1930|1931|1932|1933|1934|1935|1936|1937|1938
823,Sabah (North Borneo),1888|1889|1890|1891|1892|1893|1894|1895|1896|1897|1898|1899|1900|1901|1902|1903|1904|1905|1906|1907|1908|1909|1910|1911|1912|1913|1914|1915|1916|1917|1918|1919|1920|1921|1922|1923|1924|1925|1926|1927|1928|1929|1930|1931|1932|1933|1934|1935|1936|1937|1938
824,Sarawak,1870|1871|1872|1873|1874|1875|1876|1877|1878|1879|1880|1881|1882|1883|1884|1885|1886|1887|1888|1889|1890|1891|1892|1893|1894|1895|1896|1897|1898|1899|1900|1901|1902|1903|1904|1905|1906|1907|1908|1909|1910|1911|1912|1913|1914|1915|1916|1917|1918|1919|1920|1921|1922|1923|1924|1925|1926|1927|1928|1929|1930|1931|1932|1933|1934|1935|1936|1937|1938
827,Straits Settlements,1835|1836|1837|1838|1839|1840|1841|1842|1843|1844|1845|1846|1847|1848|1849|1850|1851|1852|1853|1854|1855|1856|1857|1858|1859|1860|1861|1862|1863|1864|1865|1866|1867|1868|1869|1870|1871|1872|1873|1874|1875|1876|1877|1878|1879|1880|1881|1882|1883|1884|1885|1886|1887|1888|1889|1890|1891|1892|1893|1894|1895|1896|1897|1898|1899|1900|1901|1902|1903|1904|1905|1906|1907|1908|1909|1910|1911|1912|1913|1914|1915|1916|1917|1918|1919|1920|1921|1922|1923|1924|1925|1926|1927|1928|1929|1930|1931|1932|1933|1934|1935|1936|1937|1938
835,Brunei,1885|1886|1887|1888|1889|1891|1892|1893|1894|1895|1896|1897|1898|1899|1900|1901|1902|1903|1904|1905|1906|1907|1908|1909|1910|1911|1912|1913|1914|1915|1916|1917|1918|1919|1920|1921|1922|1923|1924|1925|1926|1927|1928|1929|1930|1931|1932|1933|1934|1935|1936|1937|1938
840,Philippines,1833|1834|1835|1836|1837|1838|1839|1840|1841|1842|1843|1844|1845|1846|1847|1848|1849|1850|1851|1852|1853|1854|1855|1856|1857|1858|1859|1860|1861|1862|1863|1864|1865|1866|1867|1868|1869|1870|1871|1872|1873|1874|1875|1876|1877|1878|1879|1880|1881|1882|1883|1884|1885|1886|1887|1888|1889|1890|1891|1892|1893|1894|1895|1896|1897|1898|1899|1900|1901|1902|1903|1904|1905|1906|1907|1908|1909|1910|1911|1912|1913|1914|1915|1916|1917|1918|1919|1920|1921|1922|1923|1924|1925|1926|1927|1928|1929|1930|1931|1932|1933|1934|1935|1936|1937|1938
850,Indonesia (Dutch East Indies),1833|1834|1835|1836|1837|1838|1839|1840|1841|1842|1843|1844|1845|1846|1847|1848|1849|1850|1851|1852|1853|1854|1855|1856|1857|1858|1859|1860|1861|1862|1863|1864|1865|1866|1867|1868|1869|1870|1871|1872|1873|1874|1875|1876|1877|1878|1879|1880|1881|1882|1883|1884|1885|1886|1887|1888|1889|1890|1891|1892|1893|1894|1895|1896|1897|1898|1899|1900|1901|1902|1903|1904|1905|1906|1907|1908|1909|1910|1911|1912|1913|1914|1915|1916|1917|1918|1919|1920|1921|1922|1923|1924|1925|1926|1927|1928|1929|1930|1931|1932|1933|1934|1935|1936|1937|1938
860,East Timor (Portuguese Timor),1842|1858|1885|1886|1887|1888|1889|1890|1891|1892|1893|1894|1895|1896|1897|1898|1899|1900|1901|1902|1903|1904|1905|1906|1907|1908|1909|1910|1911|1912|1913|1914|1915|1916|1917|1918|1919|1920|1921|1922|1923|1924|1925|1926|1927|1928|1929|1930|1931|1932|1933|1934|1935|1936|1937|1938
900,Australia,1901|1902|1903|1904|1905|1906|1907|1908|1909|1910|1911|1912|1913|1914|1915|1916|1917|1918|1919|1920|1921|1922|1923|1924|1925|1926|1927|1928|1929|1930|1931|1932|1933|1934|1935|1936|1937|1938
901,New South Wales,1833|1835|1836|1837|1838|1839|1840|1841|1842|1843|1844|1845|1846|1847|1848|1849|1850|1851|1852|1853|1854|1855|1856|1857|1858|1859|1860|1861|1862|1863|1864|1865|1866|1867|1868|1869|1870|1871|1872|1873|1874|1875|1876|1877|1878|1879|1880|1881|1882|1883|1884|1885|1886|1887|1888|1889|1890|1891|1892|1893|1894|1895|1896|1897|1898|1899|1900|1901
902,Western Australia,1833|1835|1836|1838|1840|1843|1844|1845|1846|1848|1849|1850|1851|1852|1853|1854|1855|1856|1857|1858|1859|1860|1861|1862|1863|1864|1865|1866|1867|1868|1869|1870|1871|1872|1873|1874|1875|1876|1877|1878|1879|1880|1881|1882|1883|1884|1885|1886|1887|1888|1889|1890|1891|1892|1893|1894|1895|1896|1897|1898|1899|1900|1901
903,South Australia,1836|1837|1839|1840|1841|1844|1845|1846|1847|1848|1849|1850|1851|1852|1853|1854|1855|1856|1857|1858|1859|1860|1861|1862|1863|1864|1865|1866|1867|1868|1869|1870|1871|1872|1873|1874|1875|1876|1877|1878|1879|1880|1881|1882|1883|1884|1885|1886|1887|1888|1889|1890|1891|1892|1893|1894|1895|1896|1897|1898|1899|1900|1901
904,Victoria,1851|1852|1853|1854|1855|1856|1857|1858|1859|1860|1861|1862|1863|1864|1865|1866|1867|1868|1869|1870|1871|1872|1873|1874|1875|1876|1877|1878|1879|1880|1881|1882|1883|1884|1885|1886|1887|1888|1889|1890|1891|1892|1893|1894|1895|1896|1897|1898|1899|1900|1901
905,Queensland,1859|1860|1861|1862|1863|1864|1865|1866|1867|1868|1869|1870|1871|1872|1873|1874|1875|1876|1877|1878|1879|1880|1881|1882|1883|1884|1885|1886|1887|1888|1889|1890|1891|1892|1893|1894|1895|1896|1897|1898|1899|1900|1901
906,Tasmania,1835|1838|1839|1840|1841|1842|1843|1844|1845|1846|1847|1848|1849|1850|1851|1852|1853|1854|1855|1856|1857|1858|1859|1860|1861|1862|1863|1864|1865|1866|1867|1868|1869|1870|1871|1872|1873|1874|1875|1876|1877|1878|1879|1880|1881|1882|1883|1884|1885|1886|1887|1888|1889|1890|1891|1892|1893|1894|1895|1896|1897|1898|1899|1900|1901
911,Papua (British New Guinea),1886|1887|1888|1889|1891|1892|1893|1894|1895|1896|1897|1898|1899|1900|1901|1902|1903|1904|1905|1906|1907|1908|1909|1910|1911|1912|1913|1914|1915|1916|1917|1918|1919|1920|1921|1922|1923|1924|1925|1926|1927|1928|1929|1930|1931|1932|1933|1934|1935|1936|1937|1938
912,New Guinea (German New Guinea) (Kaiser Wilhelmsland),1883|1884|1885|1886|1887|1888|1889|1890|1891|1892|1893|1894|1895|1896|1897|1898|1899|1900|1901|1902|1903|1904|1905|1906|1907|1908|1909|1910|1911|1912|1913|1914
920,New Zealand,1840|1841|1842|1843|1844|1845|1846|1847|1848|1849|1850|1851|1852|1853|1854|1855|1856|1857|1858|1859|1860|1861|1862|1863|1864|1865|1866|1867|1868|1869|1870|1871|1872|1873|1874|1875|1876|1877|1878|1879|1880|1881|1882|1883|1884|1885|1886|1887|1888|1889|1890|1891|1892|1893|1894|1895|1896|1897|1898|1899|1900|1901|1902|1903|1904|1905|1906|1907|1908|1909|1910|1911|1912|1913|1914|1915|1916|1917|1918|1919|1920|1921|1922|1923|1924|1925|1926|1927|1928|1929|1930|1931|1932|1933|1934|1935|1936|1937|1938
925,Cook Is.,1930|1934|1935|1937|1938
930,New Caledonia and Dependencies,1867|1870|1871|1872|1873|1874|1875|1876|1877|1878|1879|1880|1881|1882|1883|1884|1885|1886|1887|1888|1889|1890|1891|1892|1893|1894|1895|1896|1897|1898|1899|1900|1901|1902|1903|1904|1905|1906|1907|1908|1909|1910|1911|1912|1913|1914|1915|1916|1917|1918|1919|1920|1921|1922|1923|1924|1925|1926|1927|1928|1929|1930|1931|1932|1933|1934|1935|1936|1937|1938
935,Vanuatu (New Hebrides),1906|1907|1908|1909|1910|1911|1912|1913|1914|1915|1916|1917|1918|1919|1920|1921|1922|1923|1924|1925|1926|1927|1928|1929|1930|1931|1932|1933|1934|1935|1936|1937|1938
940,Solomon Islands (British Solomon Islands Protectorate),1914|1915|1916|1917|1918|1919|1920|1921|1922|1923|1924|1925|1926|1927|1928|1929|1930|1931|1932|1933|1934|1935|1936|1937|1938
945,Gilbert and Ellice Is.,1906|1907|1908|1912|1913|1914|1915|1916|1917|1918|1919|1920|1921|1922|1923|1924|1925|1926|1927|1928|1929|1930|1931|1932|1933|1934|1935|1936|1937|1938
950,Fiji,1871|1872|1873|1874|1875|1876|1877|1878|1879|1880|1881|1882|1883|1884|1885|1886|1887|1888|1889|1890|1891|1892|1893|1894|1895|1896|1897|1898|1899|1900|1901|1902|1903|1904|1905|1906|1907|1908|1909|1910|1911|1912|1913|1914|1915|1916|1917|1918|1919|1920|1921|1922|1923|1924|1925|1926|1927|1928|1929|1930|1931|1932|1933|1934|1935|1936|1937|1938
955,Tonga (HaÊ»apai),1887|1888|1889|1890|1896|1897|1898|1899|1900|1901|1905|1906|1907|1908|1909|1910|1911|1912|1913|1914|1915|1916|1917|1918|1919|1920|1921|1922|1923|1924|1925|1926|1927|1928|1929|1930|1931|1932|1933|1934|1935|1936|1937|1938
960,French Polynesia,1881|1882|1883|1884|1885|1886|1887|1888|1889|1890|1891|1892|1893|1894|1895|1896|1897|1898|1899|1900|1901|1902|1903|1904|1905|1906|1907|1908|1909|1910|1911|1912|1913|1914|1915|1916|1917|1918|1919|1920|1921|1922|1923|1924|1925|1926|1927|1928|1929|1930|1931|1932|1933|1934|1935|1936|1937|1938
970,Nauru,1914
983,Marshall Is.,1887|1888|1889|1890|1899|1900|1901|1902|1903|1904|1905|1906|1907|1908|1909|1910|1911|1912|1913|1914
985,Guam,1898|1899|1900|1901|1902|1903|1904|1905|1906|1907|1908|1909|1910|1911|1912|1913|1914|1915|1916|1917|1918|1919|1920|1921|1922|1923|1924|1925|1926|1927|1928|1929|1930|1931|1932|1933|1934|1935|1936|1937|1938
990,Samoa (Western Samoa) (German Samoa),1900|1901|1902|1903|1904|1905|1906|1907|1908|1909|1910|1911|1912|1913|1914
991,American Samoa,1914|1915|1916|1917|1918|1919|1920|1921|1922|1923|1924|1925|1926|1927|1928|1929|1930|1931|1932|1933|1934|1935|1936|1937|1938
1022,Nova Scotia,1836|1837|1842|1843|1844|1845|1849|1850|1851|1852|1853|1854|1855|1856|1857|1858|1859|1860|1861|1862|1863|1864|1865|1866|1867
1023,New Brunswick,1835|1836|1838|1844|1846|1848|1849|1850|1851|1852|1853|1854|1855|1856|1857|1858|1859|1860|1861|1862|1863|1864|1865|1866|1867
1024,Prince Edward Is.,1838|1848|1849|1850|1851|1852|1853|1854|1855|1856|1857|1858|1859|1860|1861|1862|1863|1864|1865|1866|1867|1868|1869|1870|1871|1872|1873
1025,Quebec (Lower Canada),1833|1836|1837|1838|1839|1840|1841
1027,British Columbia,1858|1859|1860|1861|1862|1863|1864|1865|1866|1867|1868|1869|1870
1028,Vancouver,1861|1862|1863|1864|1865|1866
1029,St. Pierre and Miquelon,1833|1834|1835|1836|1837|1838|1839|1840|1841|1842|1843|1844|1845|1846|1847|1848|1849|1850|1851|1852|1853|1854|1855|1856|1857|1858|1859|1860|1861|1862|1863|1864|1865|1866|1867|1868|1869|1870|1871|1872|1873|1874|1875|1876|1877|1878|1879|1880|1881|1882|1883|1884|1885|1886|1887|1888|1889|1890|1891|1892|1893|1894|1895|1896|1897|1898|1899|1900|1901|1902|1903|1904|1905|1906|1907|1908|1909|1910|1911|1912|1913|1914|1915|1916|1917|1918|1919|1920|1921|1922|1923|1924|1925|1926|1927|1928|1929|1930|1931|1932|1933|1934|1935|1936|1937|1938
1044,Navassa I.,1916|1917
1048,Trinidad,1856|1857|1858|1859|1860|1861|1862|1863|1864|1865|1866|1867|1868|1869|1870|1871|1872|1873|1874|1875|1876|1877|1878|1879|1880|1881|1882|1883|1884|1885|1886|1887|1888|1889
1049,Tobago,1833
1055,Windward Is.,1834|1835|1836|1837|1838|1839|1840|1841|1842|1843|1844|1845|1846|1847|1848|1849|1850|1851|1852|1853|1854|1855|1856|1857|1858|1859|1860|1861|1862|1863|1864|1865|1866|1867|1868|1869|1870|1871|1872|1873|1874|1875|1876|1877|1878|1879|1880|1881|1882|1883|1884|1885|1886|1887|1888|1889|1890|1891|1892|1893|1894|1895|1896|1897|1898|1899|1900|1901|1902|1903|1904|1905|1906|1907|1908|1909|1910|1911|1912|1913|1914|1915|1916|1917|1918|1919|1920|1921|1922|1923|1924|1925|1926|1927|1928|1929|1930|1931|1932|1933|1934|1935|1936|1937|1938
1063,Leeward Is.,1834|1838|1839|1840|1841|1842|1843|1844|1845|1846|1847|1848|1849|1850|1851|1852|1853|1854|1855|1856|1857|1858|1859|1860|1861|1862|1863|1864|1865|1866|1867|1868|1869|1870|1871|1872|1873|1874|1875|1876|1877|1878|1879|1880|1881|1882|1883|1884|1885|1886|1887|1888|1889|1890|1891|1892|1893|1894|1895|1896|1897|1898|1899|1900|1901|1902|1903|1904|1905|1906|1907|1908|1909|1910|1911|1912|1913|1914|1915|1916|1917|1918|1919|1920|1921|1922|1923|1924|1925|1926|1927|1928|1929|1930|1931|1932|1933|1934|1935|1936|1937|1938
1064,St. Barthelemy,1845|1846|1847|1856|1857|1858|1859|1860|1861|1862|1863|1864|1866|1867|1868|1869|1870|1873|1874|1877|1878
1075,St. Kitts,1833
1161,Buenos Aires,1852|1853|1854|1855|1856|1857|1858|1859|1860|1861
1163,Falkland Is.,1841|1842|1843|1844|1845|1846|1847|1848|1849|1850|1851|1852|1853|1854|1855|1856|1857|1858|1859|1860|1861|1862|1863|1864|1865|1866|1867|1868|1869|1870|1871|1872|1873|1874|1875|1876|1877|1878|1879|1880|1881|1882|1883|1884|1885|1886|1887|1888|1889|1890|1891|1892|1893|1894|1895|1896|1897|1898|1899|1900|1901|1902|1903|1904|1905|1906|1907|1908|1909|1910|1911|1912|1913|1914|1915|1916|1917|1918|1919|1920|1921|1922|1923|1924|1925|1926|1927|1928|1929|1930|1931|1932|1933|1934|1935|1936|1937|1938
2004,Isle of Man,1833|1834|1835|1836|1837|1838|1839|1840
2246,Saxe Lauenburg,1857|1861|1862|1863|1864|1865
2247,Schleswig,1845|1846|1847|1848|1849|1850|1851|1852|1853|1854|1855|1856|1857|1858|1859|1860|1861|1862|1863|1864|1865
2248,Holstein,1835|1843|1844|1845|1846|1847|1848|1849|1850|1851|1852|1853|1854|1855|1856|1857|1858|1859|1860|1861|1862|1863|1864|1865
2249,Heligoland,1841|1842|1843|1844|1845|1846|1847|1848|1849|1850|1851|1852|1853|1854|1855|1856|1857|1858|1859|1860|1861|1862|1863|1864|1865|1866|1867|1868|1869|1870|1871|1872|1873|1874|1875|1876|1877|1878|1879|1880|1881|1882|1883|1884|1885|1886|1887|1888|1889|1890
2901,Congress Poland,1833|1834|1835|1836|1837|1838|1839|1840|1841|1842|1843|1844|1845|1846|1847|1848|1849|1850|1853|1854
2903,Cracow (Free City of Cracow),1833|1834|1843|1845
3261,Republic of St. Mark,1849
3343,Fiume,1920|1921|1922|1923|1924
3349,Ionian Is.,1833|1834|1835|1836|1837|1838|1839|1840|1841|1842|1843|1844|1845|1846|1847|1848|1849|1850|1851|1852|1853|1854|1855|1856|1857|1858|1859|1860|1861|1862|1863|1864
3353,Dodecanese Is. (Aegean Is.),1923|1924|1925|1926|1927|1928|1929|1930|1931|1932|1933|1934|1935|1936|1937|1938
3361,Moldavia,1848|1849|1857|1858
3362,Wallachia,1848|1849|1857|1858
3386,Svalbard Is.,1925|1926|1927|1928|1929|1930|1931|1932|1933|1934|1935|1936|1937|1938
3504,Samos,1878|1879|1880|1881|1882|1883|1884|1885|1886|1887|1888|1889|1890|1891|1892|1893|1894|1895|1896|1897|1898|1899|1900|1901|1902|1903|1904|1905|1906|1907|1908|1909|1910|1911
3551,Eastern Rumelia,1882|1883|1884
4044,British Guinea (Bolama),1856
4050,St. Helena,1833|1834|1835|1836|1837|1838|1839|1840|1841|1842|1843|1844|1845|1846|1847|1848|1849|1850|1851|1852|1853|1854|1855|1856|1857|1858|1859|1860|1861|1862|1863|1864|1865|1866|1867|1868|1869|1870|1871|1872|1873|1874|1875|1876|1877|1878|1879|1880|1881|1882|1883|1884|1885|1886|1887|1888|1889|1890|1891|1892|1893|1894|1895|1896|1897|1898|1899|1900|1901|1902|1903|1904|1905|1906|1907|1908|1909|1910|1911|1912|1913|1914|1915|1916|1917|1918|1919|1920|1921|1922|1923|1924|1925|1926|1927|1928|1929|1930|1931|1932|1933|1934|1935|1936|1937|1938
4114,"Elobey, AnnÃ³bon and Corisco",1892
4341,Old Dahomey,1850|1856|1857|1858|1884|1885|1886|1887|1888|1889|1890|1891|1892|1893|1894
4348,Porto Novo,1854|1855|1863|1865|1866|1867|1868|1869|1870|1871|1872|1873|1874|1875|1876|1877|1878|1879|1880|1881|1882|1883
4361,AÃ¯r,1891|1892|1893
4383,Loos Is.,1898
4521,Asante (Ashanti Empire),1884
4781,Lagos,1863|1865|1866|1886|1887|1888|1889|1890|1891|1892|1893|1894|1895|1896|1897|1898|1899|1900|1901|1902|1903|1904|1905|1906
4782,Oil Rivers Protectorate,1885|1886|1887|1888|1889|1890|1891|1892|1893|1894|1895|1896|1897|1898|1899
4783,Southern Nigeria (Niger Coast Protectorate),1893|1894|1895|1896|1897|1898|1899|1900|1901|1902|1903|1904|1905|1906|1907|1908|1909|1910|1911|1912|1913
4784,Northern Nigeria (British Nigeria),1902|1903|1904|1905|1906|1907|1908|1909|1910|1911|1912|1913
4792,Old Calabar (Efik),1883|1884|1885
4794,Opobo,1885
5011,Kenya Protectorate,1921|1922|1923|1924|1925|1926|1927|1928|1929|1930|1931|1932|1933|1934|1935|1936
5200,Italian Somaliland,1892|1893|1894|1895|1896|1897|1898|1899|1900|1901|1902|1903|1904|1905|1906|1907|1908|1909|1910|1911|1912|1913|1914|1915|1916|1917|1918|1919|1920|1921|1922|1923|1924|1925|1926|1927|1928|1929|1930|1931|1932|1933|1934|1935|1936
5201,Italian East Africa,1936|1937|1938
5403,Cabinda (Portuguese Congo),1912|1914|1917|1918|1919|1920|1921|1922|1923|1936|1937|1938
5518,Northeastern Rhodesia,1904|1905|1906|1907|1908|1909|1910
5519,Barotseland_North_Western Rhodesia (Northwestern Rhodesia),1910
5614,British Kaffraria,1861|1862|1863|1864|1865|1866
5801,Nossi Be,1847|1848|1849|1850|1851|1852|1853|1854|1855|1856|1857|1858|1859|1860|1861|1862|1863|1864|1865|1866|1867|1868|1869|1870|1871|1872|1873|1874|1875|1876|1877|1878|1879|1880|1881|1882|1883|1884|1885|1886|1887|1888|1889|1890|1891|1892|1893|1894|1895|1896
5803,St. Marie de Madagascar,1853|1854|1855|1856|1857|1858|1859|1860|1861|1862|1863|1864|1865|1866|1867|1868|1869|1871|1872|1873|1874|1875|1876|1877|1878
5813,Anjouan,1862|1863|1871|1872|1873|1874|1876|1902|1903
5814,Moheli,1902|1903
6030,Tetuan,1860|1861|1862
6067,Captaincy-general of north Africa,1860|1861|1862|1863|1864|1865|1866|1867|1868|1869|1870|1871|1872|1873|1874|1875|1876|1877|1878|1879|1880|1881|1882|1883|1884|1885|1886|1887|1888|1889|1890|1891|1892|1893|1894|1895|1896|1897|1898|1899|1900|1901|1902|1903|1904|1905|1906|1907|1908|1909|1910|1911|1912|1913
6090,RÃ­o de Oro,1915|1916|1917|1918|1919|1920|1921|1924|1925|1926|1927|1928|1929|1930|1931|1932|1933|1934|1935|1937
6202,Cyrenaica,1912|1913|1914|1915|1916|1917|1918|1919|1920|1921|1922|1923|1924|1925|1926|1927|1928|1929|1930|1931|1932|1933|1934
6203,Tripolitania (Regency of Tripoli),1833|1834|1835|1912|1913|1914|1915|1916|1917|1918|1919|1920|1921|1922|1923|1924|1925|1926|1927|1928|1929|1930|1931|1932|1933|1934
6811,West Aden Protectorate,1937|1938
6812,East Aden Protectorate,1938
7010,Kokand,1833|1834|1835|1836|1837|1838|1839|1840|1841|1842|1843|1844|1845|1846|1847|1848|1849|1850|1851|1852|1853|1854|1855|1856|1857|1858|1859|1860|1861|1862|1863|1864|1865|1866|1867
7020,Bokhara,1833|1834|1835|1836|1837|1838|1839|1840|1841|1842|1843|1844|1845|1846|1847|1848|1849|1850|1851|1852|1853|1854|1855|1856|1857|1858|1859|1860|1861|1862|1863|1864|1865|1866|1867|1868|1869|1870|1871|1872|1873|1874|1875|1876|1877|1878|1879|1880|1881
7030,Khiva,1833|1834|1835|1836|1837|1838|1840|1841|1842|1843|1844|1845|1846|1847|1848|1849|1850|1851|1852|1853|1854|1855|1856|1857|1858|1859|1860|1861|1862|1863|1864|1865|1866|1867|1868|1869|1870|1871|1872|1873|1874|1875|1876|1877|1878|1879|1880|1881
7351,Southern Sakhalin I.,1913|1914
7501,Andaman Is.,1860
7504,Tranquebar and Serampore,1843
7531,Kathiawar,1926|1927|1928|1929|1930|1931|1932|1933|1934|1935|1936|1937|1938
7588,Baluchistan (Kalat),1896|1897|1898|1899|1900|1901|1902|1903|1904|1905|1923|1925|1926|1927|1936|1937
7910,Tibet,1934|1935|1936|1937
8002,Patani,1900|1901
8151,Cochin China,1862|1863|1864|1865|1866|1867|1868|1869|1870|1871|1872|1873|1874|1875|1876|1877|1878|1879|1880|1881|1882|1883|1884|1885|1886|1887|1888|1889|1890|1891|1892|1893|1894|1895|1896|1897|1898|1899|1900|1901|1902|1903|1904|1905|1906|1907|1908|1909|1910|1911|1912|1913|1914|1915|1916|1917|1918|1919|1920|1921|1922|1923|1924|1925|1926|1927|1928|1929|1930|1931|1932|1933|1934|1935|1936|1937|1938
8152,Annam,1884|1885|1886|1887|1888|1889|1890|1891|1892|1893|1894|1895|1896|1897|1898|1899|1900|1901|1902|1903|1904|1905|1906|1907|1908|1909|1910|1911|1912|1913|1914|1915|1916|1917
8153,Tonkin,1883|1884|1885|1886|1887|1888|1889|1890|1891|1892|1893|1894|1895|1896|1897|1898|1899|1900|1901|1902|1903|1904|1905|1906|1907|1908|1909|1910|1911|1912|1913|1914|1915|1916|1917|1921|1922|1923|1925|1926|1930|1931|1932
8201,Perak,1887|1888
8202,Selangore,1887|1888
8210,Negeri Sembilan,1887|1888
8218,Manjung (Dindings),1888|1903|1904|1906|1907|1908|1909|1910|1911|1912|1914|1915|1916|1917
8221,Johore,1887|1888|1899|1900|1901|1902|1903|1904|1905|1906|1907|1908|1909|1910|1911|1912|1913|1914|1915|1916|1917|1918|1919|1920|1921|1922|1923|1924|1925|1926|1927|1928|1929|1930|1931|1932|1933|1934|1935|1936|1937|1938
8222,Kedah,1910|1911|1912|1913|1914|1915|1916|1917|1918|1919|1920|1921|1922|1923|1924|1925|1926|1927|1928|1929|1930|1931|1932|1933|1934|1935|1936|1937|1938
8223,Kelantan,1909|1910|1911|1912|1913|1914|1915|1916|1917|1918|1919|1920|1921|1922|1923|1924|1925|1926|1927|1928|1929|1930|1931|1932|1933|1934|1935|1936|1937|1938
8224,Perlis,1911|1912|1913|1917|1918|1919|1920|1921|1922|1923|1924|1925|1926|1927|1928|1929|1930|1931|1932|1933|1934|1935|1936|1937|1938
8225,Trengganu,1909|1910|1911|1912|1913|1914|1915|1916|1917|1918|1919|1920|1921|1922|1923|1924|1925|1926|1927|1928|1929|1930|1931|1932|1933|1934|1935|1936|1937|1938
8231,Labuan I.,1860|1861|1862|1863|1866|1867|1868|1870|1871|1872|1873|1874|1875|1876|1877|1878|1879|1880|1881|1882|1883|1884|1885|1886|1887|1888|1889
8401,Sulu Sultanate,1838|1842|1843|1844|1880|1881|1885|1886|1887|1888|1889|1891|1892|1893|1894|1895|1896|1897|1898|1903|1904|1905|1906|1907|1908|1909|1910|1911|1912|1913|1914|1915
8501,Bali,1838|1839|1840|1844|1845|1847|1848|1849|1864|1865|1887|1888|1900|1901|1902|1903|1904|1905|1906|1907|1908
8510,Lombok,1840|1841|1844|1845|1847|1848|1852|1858
8531,Aceh,1845|1900|1901|1902
8560,Ternate,1853
9002,Cocos (Keeling) Is.,1840
9004,Norfolk I.,1899|1900|1901|1902|1903|1904|1905|1906|1907|1908|1909|1910|1911|1912|1913|1914|1915|1916|1917|1918|1919|1920|1921|1922|1923|1924|1925|1926|1927|1928|1929|1930|1931|1932|1933|1934|1935|1936|1937|1938
9201,Tokelau Is.,1912|1914
9253,Niue I.,1909|1910|1911|1912|1913|1914|1926|1930|1932|1937
9321,Wallis and Futuna Is.,1907|1908|1909|1911|1912|1913|1914|1915|1916|1917|1918|1920|1921|1922|1923|1924|1925|1926|1927|1928|1929|1930|1931|1932|1933
9601,Society Is.,1851|1872|1873|1874|1875|1876|1877|1878|1879|1880|1883|1884|1889|1890|1891|1892|1893|1894|1895|1896|1897|1898|1899|1900|1901|1902|1903
9620,Pitcairn Is.,1917|1919|1920|1921|1922|1923|1924|1925|1926|1927|1928|1929|1930|1931|1932|1933|1934|1935|1936|1937|1938
9810,Caroline Is.,1883|1885
9820,Mariana Is.,1838|1857|1861|1862|1863|1864|1865|1866|1867|1868|1869|1870|1871|1872|1873|1874|1875|1876|1877|1878|1879|1880|1881|1882|1883|1884|1885|1886|1887|1888|1889|1890|1891|1892|1893|1894|1895|1896|1897
9900,Samoa,1862|1863|1864|1865|1866|1867|1868|1869|1870|1871|1872|1876|1880|1881|1882|1883|1884|1885|1886|1887|1888|1889|1890|1891|1892|1893|1894|1895|1896|1897|1898|1899
9994,Ross Dependency,1927|1928|1930
