"source","type","year","reporting","original_reporting"
"DepoidPHUlmer_BulletinDeLaStatistiqueGénéraleDeLaFrance","estimation",1937,"French Equatorial Africa","afrique equatoriale française"
"DepoidPHUlmer_BulletinDeLaStatistiqueGénéraleDeLaFrance","estimation",1936,"Guadeloupe","guadeloupe"
"DepoidPHUlmer_BulletinDeLaStatistiqueGénéraleDeLaFrance","estimation",1937,"Guadeloupe","guadeloupe"
"DepoidPHUlmer_BulletinDeLaStatistiqueGénéraleDeLaFrance","estimation",1936,"French Guiana","guyane"
"DepoidPHUlmer_BulletinDeLaStatistiqueGénéraleDeLaFrance","estimation",1937,"French Guiana","guyane"
"DepoidPHUlmer_BulletinDeLaStatistiqueGénéraleDeLaFrance","estimation",1937,"Madagascar (Malagasy Republic)","madagascar"
"DepoidPHUlmer_BulletinDeLaStatistiqueGénéraleDeLaFrance","estimation",1936,"Martinique","martinique"
"DepoidPHUlmer_BulletinDeLaStatistiqueGénéraleDeLaFrance","estimation",1937,"Martinique","martinique"
"DepoidPHUlmer_BulletinDeLaStatistiqueGénéraleDeLaFrance","estimation",1936,"Reunion (Bourbon I.)","réunion"
"DepoidPHUlmer_BulletinDeLaStatistiqueGénéraleDeLaFrance","estimation",1937,"Reunion (Bourbon I.)","réunion"
"DepoidPHUlmer_BulletinDeLaStatistiqueGénéraleDeLaFrance","estimation",1936,"Togo (French Togoland)","togo"
"DepoidPHUlmer_BulletinDeLaStatistiqueGénéraleDeLaFrance","estimation",1937,"Togo (French Togoland)","togo"
"DepoidPHUlmer_BulletinDeLaStatistiqueGénéraleDeLaFrance_Volxxiiiiii","estimation",1925,"French Equatorial Africa","afrique equatoriale française"
"DepoidPHUlmer_BulletinDeLaStatistiqueGénéraleDeLaFrance_Volxxiiiiii","estimation",1926,"French Equatorial Africa","afrique equatoriale française"
"DepoidPHUlmer_BulletinDeLaStatistiqueGénéraleDeLaFrance_Volxxiiiiii","estimation",1927,"French Equatorial Africa","afrique equatoriale française"
"DepoidPHUlmer_BulletinDeLaStatistiqueGénéraleDeLaFrance_Volxxiiiiii","estimation",1928,"French Equatorial Africa","afrique equatoriale française"
"DepoidPHUlmer_BulletinDeLaStatistiqueGénéraleDeLaFrance_Volxxiiiiii","estimation",1929,"French Equatorial Africa","afrique equatoriale française"
"DepoidPHUlmer_BulletinDeLaStatistiqueGénéraleDeLaFrance_Volxxiiiiii","estimation",1930,"French Equatorial Africa","afrique equatoriale française"
"DepoidPHUlmer_BulletinDeLaStatistiqueGénéraleDeLaFrance_Volxxiiiiii","estimation",1931,"French Equatorial Africa","afrique equatoriale française"
"DepoidPHUlmer_BulletinDeLaStatistiqueGénéraleDeLaFrance_Volxxiiiiii","estimation",1932,"French Equatorial Africa","afrique equatoriale française"
"DepoidPHUlmer_BulletinDeLaStatistiqueGénéraleDeLaFrance_Volxxiiiiii","estimation",1925,"French West Africa","afrique occidentale française"
"DepoidPHUlmer_BulletinDeLaStatistiqueGénéraleDeLaFrance_Volxxiiiiii","estimation",1926,"French West Africa","afrique occidentale française"
"DepoidPHUlmer_BulletinDeLaStatistiqueGénéraleDeLaFrance_Volxxiiiiii","estimation",1927,"French West Africa","afrique occidentale française"
"DepoidPHUlmer_BulletinDeLaStatistiqueGénéraleDeLaFrance_Volxxiiiiii","estimation",1928,"French West Africa","afrique occidentale française"
"DepoidPHUlmer_BulletinDeLaStatistiqueGénéraleDeLaFrance_Volxxiiiiii","estimation",1929,"French West Africa","afrique occidentale française"
"DepoidPHUlmer_BulletinDeLaStatistiqueGénéraleDeLaFrance_Volxxiiiiii","estimation",1930,"French West Africa","afrique occidentale française"
"DepoidPHUlmer_BulletinDeLaStatistiqueGénéraleDeLaFrance_Volxxiiiiii","estimation",1931,"French West Africa","afrique occidentale française"
"DepoidPHUlmer_BulletinDeLaStatistiqueGénéraleDeLaFrance_Volxxiiiiii","estimation",1932,"French West Africa","afrique occidentale française"
"DepoidPHUlmer_BulletinDeLaStatistiqueGénéraleDeLaFrance_Volxxiiiiii","estimation",1925,"Cameroun (French Cameroon)","cameroun"
"DepoidPHUlmer_BulletinDeLaStatistiqueGénéraleDeLaFrance_Volxxiiiiii","estimation",1926,"Cameroun (French Cameroon)","cameroun"
"DepoidPHUlmer_BulletinDeLaStatistiqueGénéraleDeLaFrance_Volxxiiiiii","estimation",1927,"Cameroun (French Cameroon)","cameroun"
"DepoidPHUlmer_BulletinDeLaStatistiqueGénéraleDeLaFrance_Volxxiiiiii","estimation",1928,"Cameroun (French Cameroon)","cameroun"
"DepoidPHUlmer_BulletinDeLaStatistiqueGénéraleDeLaFrance_Volxxiiiiii","estimation",1929,"Cameroun (French Cameroon)","cameroun"
"DepoidPHUlmer_BulletinDeLaStatistiqueGénéraleDeLaFrance_Volxxiiiiii","estimation",1930,"Cameroun (French Cameroon)","cameroun"
"DepoidPHUlmer_BulletinDeLaStatistiqueGénéraleDeLaFrance_Volxxiiiiii","estimation",1931,"Cameroun (French Cameroon)","cameroun"
"DepoidPHUlmer_BulletinDeLaStatistiqueGénéraleDeLaFrance_Volxxiiiiii","estimation",1929,"Guadeloupe","guadeloupe"
"DepoidPHUlmer_BulletinDeLaStatistiqueGénéraleDeLaFrance_Volxxiiiiii","estimation",1930,"Guadeloupe","guadeloupe"
"DepoidPHUlmer_BulletinDeLaStatistiqueGénéraleDeLaFrance_Volxxiiiiii","estimation",1931,"Guadeloupe","guadeloupe"
"DepoidPHUlmer_BulletinDeLaStatistiqueGénéraleDeLaFrance_Volxxiiiiii","estimation",1932,"Guadeloupe","guadeloupe"
"DepoidPHUlmer_BulletinDeLaStatistiqueGénéraleDeLaFrance_Volxxiiiiii","estimation",1929,"French Guiana","guyane"
"DepoidPHUlmer_BulletinDeLaStatistiqueGénéraleDeLaFrance_Volxxiiiiii","estimation",1930,"French Guiana","guyane"
"DepoidPHUlmer_BulletinDeLaStatistiqueGénéraleDeLaFrance_Volxxiiiiii","estimation",1931,"French Guiana","guyane"
"DepoidPHUlmer_BulletinDeLaStatistiqueGénéraleDeLaFrance_Volxxiiiiii","estimation",1932,"French Guiana","guyane"
"DepoidPHUlmer_BulletinDeLaStatistiqueGénéraleDeLaFrance_Volxxiiiiii","estimation",1929,"Madagascar (Malagasy Republic)","madagascar"
"DepoidPHUlmer_BulletinDeLaStatistiqueGénéraleDeLaFrance_Volxxiiiiii","estimation",1930,"Madagascar (Malagasy Republic)","madagascar"
"DepoidPHUlmer_BulletinDeLaStatistiqueGénéraleDeLaFrance_Volxxiiiiii","estimation",1931,"Madagascar (Malagasy Republic)","madagascar"
"DepoidPHUlmer_BulletinDeLaStatistiqueGénéraleDeLaFrance_Volxxiiiiii","estimation",1932,"Madagascar (Malagasy Republic)","madagascar"
"DepoidPHUlmer_BulletinDeLaStatistiqueGénéraleDeLaFrance_Volxxiiiiii","estimation",1929,"Martinique","martinique"
"DepoidPHUlmer_BulletinDeLaStatistiqueGénéraleDeLaFrance_Volxxiiiiii","estimation",1930,"Martinique","martinique"
"DepoidPHUlmer_BulletinDeLaStatistiqueGénéraleDeLaFrance_Volxxiiiiii","estimation",1931,"Martinique","martinique"
"DepoidPHUlmer_BulletinDeLaStatistiqueGénéraleDeLaFrance_Volxxiiiiii","estimation",1932,"Martinique","martinique"
"DepoidPHUlmer_BulletinDeLaStatistiqueGénéraleDeLaFrance_Volxxiiiiii","estimation",1929,"Reunion (Bourbon I.)","réunion"
"DepoidPHUlmer_BulletinDeLaStatistiqueGénéraleDeLaFrance_Volxxiiiiii","estimation",1930,"Reunion (Bourbon I.)","réunion"
"DepoidPHUlmer_BulletinDeLaStatistiqueGénéraleDeLaFrance_Volxxiiiiii","estimation",1931,"Reunion (Bourbon I.)","réunion"
"DepoidPHUlmer_BulletinDeLaStatistiqueGénéraleDeLaFrance_Volxxiiiiii","estimation",1932,"Reunion (Bourbon I.)","réunion"
"DepoidPHUlmer_BulletinDeLaStatistiqueGénéraleDeLaFrance_Volxxiiiiii","estimation",1925,"Syria","syrie"
"DepoidPHUlmer_BulletinDeLaStatistiqueGénéraleDeLaFrance_Volxxiiiiii","estimation",1926,"Syria","syrie"
"DepoidPHUlmer_BulletinDeLaStatistiqueGénéraleDeLaFrance_Volxxiiiiii","estimation",1927,"Syria","syrie"
"DepoidPHUlmer_BulletinDeLaStatistiqueGénéraleDeLaFrance_Volxxiiiiii","estimation",1928,"Syria","syrie"
"DepoidPHUlmer_BulletinDeLaStatistiqueGénéraleDeLaFrance_Volxxiiiiii","estimation",1929,"Syria","syrie"
"DepoidPHUlmer_BulletinDeLaStatistiqueGénéraleDeLaFrance_Volxxiiiiii","estimation",1930,"Syria","syrie"
"DepoidPHUlmer_BulletinDeLaStatistiqueGénéraleDeLaFrance_Volxxiiiiii","estimation",1925,"Togo (French Togoland)","togo"
"DepoidPHUlmer_BulletinDeLaStatistiqueGénéraleDeLaFrance_Volxxiiiiii","estimation",1926,"Togo (French Togoland)","togo"
"DepoidPHUlmer_BulletinDeLaStatistiqueGénéraleDeLaFrance_Volxxiiiiii","estimation",1927,"Togo (French Togoland)","togo"
"DepoidPHUlmer_BulletinDeLaStatistiqueGénéraleDeLaFrance_Volxxiiiiii","estimation",1928,"Togo (French Togoland)","togo"
"DepoidPHUlmer_BulletinDeLaStatistiqueGénéraleDeLaFrance_Volxxiiiiii","estimation",1929,"Togo (French Togoland)","togo"
"DepoidPHUlmer_BulletinDeLaStatistiqueGénéraleDeLaFrance_Volxxiiiiii","estimation",1930,"Togo (French Togoland)","togo"
"DepoidPHUlmer_BulletinDeLaStatistiqueGénéraleDeLaFrance_Volxxiiiiii","estimation",1931,"Togo (French Togoland)","togo"
"DepoidPHUlmer_BulletinDeLaStatistiqueGénéraleDeLaFrance_Volxxiiiiii","estimation",1932,"Togo (French Togoland)","togo"
"JoustelaKE_SuomenVenäjänKauppaAutonomianAjanAlkupuoliskollaVv180965DerHandelFinnlandsMitRusslandIj18091865_Vol62_352353","estimation",1840,"Finland","finland"
"JoustelaKE_SuomenVenäjänKauppaAutonomianAjanAlkupuoliskollaVv180965DerHandelFinnlandsMitRusslandIj18091865_Vol62_352353","estimation",1841,"Finland","finland"
"JoustelaKE_SuomenVenäjänKauppaAutonomianAjanAlkupuoliskollaVv180965DerHandelFinnlandsMitRusslandIj18091865_Vol62_352353","estimation",1842,"Finland","finland"
"JoustelaKE_SuomenVenäjänKauppaAutonomianAjanAlkupuoliskollaVv180965DerHandelFinnlandsMitRusslandIj18091865_Vol62_352353","estimation",1843,"Finland","finland"
"JoustelaKE_SuomenVenäjänKauppaAutonomianAjanAlkupuoliskollaVv180965DerHandelFinnlandsMitRusslandIj18091865_Vol62_352353","estimation",1844,"Finland","finland"
"JoustelaKE_SuomenVenäjänKauppaAutonomianAjanAlkupuoliskollaVv180965DerHandelFinnlandsMitRusslandIj18091865_Vol62_352353","estimation",1845,"Finland","finland"
"JoustelaKE_SuomenVenäjänKauppaAutonomianAjanAlkupuoliskollaVv180965DerHandelFinnlandsMitRusslandIj18091865_Vol62_352353","estimation",1846,"Finland","finland"
"JoustelaKE_SuomenVenäjänKauppaAutonomianAjanAlkupuoliskollaVv180965DerHandelFinnlandsMitRusslandIj18091865_Vol62_352353","estimation",1847,"Finland","finland"
"JoustelaKE_SuomenVenäjänKauppaAutonomianAjanAlkupuoliskollaVv180965DerHandelFinnlandsMitRusslandIj18091865_Vol62_352353","estimation",1848,"Finland","finland"
"JoustelaKE_SuomenVenäjänKauppaAutonomianAjanAlkupuoliskollaVv180965DerHandelFinnlandsMitRusslandIj18091865_Vol62_352353","estimation",1849,"Finland","finland"
"JoustelaKE_SuomenVenäjänKauppaAutonomianAjanAlkupuoliskollaVv180965DerHandelFinnlandsMitRusslandIj18091865_Vol62_352353","estimation",1850,"Finland","finland"
"JoustelaKE_SuomenVenäjänKauppaAutonomianAjanAlkupuoliskollaVv180965DerHandelFinnlandsMitRusslandIj18091865_Vol62_352353","estimation",1851,"Finland","finland"
"JoustelaKE_SuomenVenäjänKauppaAutonomianAjanAlkupuoliskollaVv180965DerHandelFinnlandsMitRusslandIj18091865_Vol62_352353","estimation",1852,"Finland","finland"
"JoustelaKE_SuomenVenäjänKauppaAutonomianAjanAlkupuoliskollaVv180965DerHandelFinnlandsMitRusslandIj18091865_Vol62_352353","estimation",1853,"Finland","finland"
"JoustelaKE_SuomenVenäjänKauppaAutonomianAjanAlkupuoliskollaVv180965DerHandelFinnlandsMitRusslandIj18091865_Vol62_352353","estimation",1854,"Finland","finland"
"JoustelaKE_SuomenVenäjänKauppaAutonomianAjanAlkupuoliskollaVv180965DerHandelFinnlandsMitRusslandIj18091865_Vol62_352353","estimation",1855,"Finland","finland"
"PamukS_OttomanForeignTradeInThe19thCentury_6877","estimation",1913,"Turkey (Ottoman Empire)","turkey"
"PamukS_OttomanForeignTradeInThe19thCentury_6877","estimation",1911,"Turkey (Ottoman Empire)","turkey"
"PamukS_OttomanForeignTradeInThe19thCentury_6877","estimation",1909,"Turkey (Ottoman Empire)","turkey"
"PamukS_OttomanForeignTradeInThe19thCentury_6877","estimation",1908,"Turkey (Ottoman Empire)","turkey"
"PamukS_OttomanForeignTradeInThe19thCentury_6877","estimation",1907,"Turkey (Ottoman Empire)","turkey"
"PamukS_OttomanForeignTradeInThe19thCentury_6877","estimation",1905,"Turkey (Ottoman Empire)","turkey"
"PamukS_OttomanForeignTradeInThe19thCentury_6877","estimation",1900,"Turkey (Ottoman Empire)","turkey"
"PamukS_OttomanForeignTradeInThe19thCentury_6877","estimation",1898,"Turkey (Ottoman Empire)","turkey"
"PamukS_OttomanForeignTradeInThe19thCentury_6877","estimation",1897,"Turkey (Ottoman Empire)","turkey"
"PamukS_OttomanForeignTradeInThe19thCentury_6877","estimation",1896,"Turkey (Ottoman Empire)","turkey"
"PamukS_OttomanForeignTradeInThe19thCentury_6877","estimation",1895,"Turkey (Ottoman Empire)","turkey"
"PamukS_OttomanForeignTradeInThe19thCentury_6877","estimation",1894,"Turkey (Ottoman Empire)","turkey"
"PamukS_OttomanForeignTradeInThe19thCentury_6877","estimation",1893,"Turkey (Ottoman Empire)","turkey"
"PamukS_OttomanForeignTradeInThe19thCentury_6877","estimation",1892,"Turkey (Ottoman Empire)","turkey"
"PamukS_OttomanForeignTradeInThe19thCentury_6877","estimation",1891,"Turkey (Ottoman Empire)","turkey"
"PamukS_OttomanForeignTradeInThe19thCentury_6877","estimation",1890,"Turkey (Ottoman Empire)","turkey"
"PamukS_OttomanForeignTradeInThe19thCentury_6877","estimation",1889,"Turkey (Ottoman Empire)","turkey"
"PamukS_OttomanForeignTradeInThe19thCentury_6877","estimation",1888,"Turkey (Ottoman Empire)","turkey"
"PamukS_OttomanForeignTradeInThe19thCentury_6877","estimation",1887,"Turkey (Ottoman Empire)","turkey"
"PamukS_OttomanForeignTradeInThe19thCentury_6877","estimation",1886,"Turkey (Ottoman Empire)","turkey"
"PamukS_OttomanForeignTradeInThe19thCentury_6877","estimation",1883,"Turkey (Ottoman Empire)","turkey"
"PamukS_OttomanForeignTradeInThe19thCentury_6877","estimation",1882,"Turkey (Ottoman Empire)","turkey"
"PamukS_OttomanForeignTradeInThe19thCentury_6877","estimation",1881,"Turkey (Ottoman Empire)","turkey"
"PamukS_OttomanForeignTradeInThe19thCentury_6877","estimation",1880,"Turkey (Ottoman Empire)","turkey"
"PamukS_OttomanForeignTradeInThe19thCentury_6877","estimation",1879,"Turkey (Ottoman Empire)","turkey"
"PamukS_OttomanForeignTradeInThe19thCentury_6877","estimation",1878,"Turkey (Ottoman Empire)","turkey"
"RibeiroSalgadoF_AEvoluoDoComrcioEspecialUltramarino_Mapa10","estimation",1901,"Cape Verde","cabo verde"
"RibeiroSalgadoF_AEvoluoDoComrcioEspecialUltramarino_Mapa10","estimation",1913,"Cape Verde","cabo verde"
"RibeiroSalgadoF_AEvoluoDoComrcioEspecialUltramarino_Mapa10","estimation",1927,"Cape Verde","cabo verde"
"RibeiroSalgadoF_AEvoluoDoComrcioEspecialUltramarino_Mapa10","estimation",1928,"Cape Verde","cabo verde"
"RibeiroSalgadoF_AEvoluoDoComrcioEspecialUltramarino_Mapa10","estimation",1929,"Cape Verde","cabo verde"
"RibeiroSalgadoF_AEvoluoDoComrcioEspecialUltramarino_Mapa10","estimation",1930,"Cape Verde","cabo verde"
"RibeiroSalgadoF_AEvoluoDoComrcioEspecialUltramarino_Mapa10","estimation",1931,"Cape Verde","cabo verde"
"RibeiroSalgadoF_AEvoluoDoComrcioEspecialUltramarino_Mapa10","estimation",1932,"Cape Verde","cabo verde"
"RibeiroSalgadoF_AEvoluoDoComrcioEspecialUltramarino_Mapa10","estimation",1933,"Cape Verde","cabo verde"
"RibeiroSalgadoF_AEvoluoDoComrcioEspecialUltramarino_Mapa10","estimation",1934,"Cape Verde","cabo verde"
"RibeiroSalgadoF_AEvoluoDoComrcioEspecialUltramarino_Mapa10","estimation",1935,"Cape Verde","cabo verde"
"RibeiroSalgadoF_AEvoluoDoComrcioEspecialUltramarino_Mapa10","estimation",1936,"Cape Verde","cabo verde"
"RibeiroSalgadoF_AEvoluoDoComrcioEspecialUltramarino_Mapa10","estimation",1901,"Guinea-Bissau (Portuguese Guinea)","guiné (portuguesa)"
"RibeiroSalgadoF_AEvoluoDoComrcioEspecialUltramarino_Mapa10","estimation",1927,"Guinea-Bissau (Portuguese Guinea)","guiné (portuguesa)"
"RibeiroSalgadoF_AEvoluoDoComrcioEspecialUltramarino_Mapa10","estimation",1928,"Guinea-Bissau (Portuguese Guinea)","guiné (portuguesa)"
"RibeiroSalgadoF_AEvoluoDoComrcioEspecialUltramarino_Mapa10","estimation",1929,"Guinea-Bissau (Portuguese Guinea)","guiné (portuguesa)"
"RibeiroSalgadoF_AEvoluoDoComrcioEspecialUltramarino_Mapa10","estimation",1930,"Guinea-Bissau (Portuguese Guinea)","guiné (portuguesa)"
"RibeiroSalgadoF_AEvoluoDoComrcioEspecialUltramarino_Mapa10","estimation",1931,"Guinea-Bissau (Portuguese Guinea)","guiné (portuguesa)"
"RibeiroSalgadoF_AEvoluoDoComrcioEspecialUltramarino_Mapa10","estimation",1932,"Guinea-Bissau (Portuguese Guinea)","guiné (portuguesa)"
"RibeiroSalgadoF_AEvoluoDoComrcioEspecialUltramarino_Mapa10","estimation",1933,"Guinea-Bissau (Portuguese Guinea)","guiné (portuguesa)"
"RibeiroSalgadoF_AEvoluoDoComrcioEspecialUltramarino_Mapa10","estimation",1934,"Guinea-Bissau (Portuguese Guinea)","guiné (portuguesa)"
"RibeiroSalgadoF_AEvoluoDoComrcioEspecialUltramarino_Mapa10","estimation",1935,"Guinea-Bissau (Portuguese Guinea)","guiné (portuguesa)"
"RibeiroSalgadoF_AEvoluoDoComrcioEspecialUltramarino_Mapa10","estimation",1936,"Guinea-Bissau (Portuguese Guinea)","guiné (portuguesa)"
"RibeiroSalgadoF_AEvoluoDoComrcioEspecialUltramarino_Mapa10","estimation",1901,"Sao Tome","s. tomé"
"RibeiroSalgadoF_AEvoluoDoComrcioEspecialUltramarino_Mapa10","estimation",1913,"Sao Tome","s. tomé"
"RibeiroSalgadoF_AEvoluoDoComrcioEspecialUltramarino_Mapa10","estimation",1927,"Sao Tome","s. tomé"
"RibeiroSalgadoF_AEvoluoDoComrcioEspecialUltramarino_Mapa10","estimation",1928,"Sao Tome","s. tomé"
"RibeiroSalgadoF_AEvoluoDoComrcioEspecialUltramarino_Mapa10","estimation",1929,"Sao Tome","s. tomé"
"RibeiroSalgadoF_AEvoluoDoComrcioEspecialUltramarino_Mapa10","estimation",1930,"Sao Tome","s. tomé"
"RibeiroSalgadoF_AEvoluoDoComrcioEspecialUltramarino_Mapa10","estimation",1931,"Sao Tome","s. tomé"
"RibeiroSalgadoF_AEvoluoDoComrcioEspecialUltramarino_Mapa10","estimation",1932,"Sao Tome","s. tomé"
"RibeiroSalgadoF_AEvoluoDoComrcioEspecialUltramarino_Mapa10","estimation",1933,"Sao Tome","s. tomé"
"RibeiroSalgadoF_AEvoluoDoComrcioEspecialUltramarino_Mapa10","estimation",1934,"Sao Tome","s. tomé"
"RibeiroSalgadoF_AEvoluoDoComrcioEspecialUltramarino_Mapa10","estimation",1935,"Sao Tome","s. tomé"
"RibeiroSalgadoF_AEvoluoDoComrcioEspecialUltramarino_Mapa10","estimation",1936,"Sao Tome","s. tomé"
"RibeiroSalgadoF_AEvoluoDoComrcioEspecialUltramarino_Mapa10","estimation",1901,"Angola","angola"
"RibeiroSalgadoF_AEvoluoDoComrcioEspecialUltramarino_Mapa10","estimation",1913,"Angola","angola"
"RibeiroSalgadoF_AEvoluoDoComrcioEspecialUltramarino_Mapa10","estimation",1901,"Mozambique (Portuguese East Africa)","áfrica oriental portuguesa"
"RibeiroSalgadoF_AEvoluoDoComrcioEspecialUltramarino_Mapa10","estimation",1913,"Mozambique (Portuguese East Africa)","áfrica oriental portuguesa"
"RibeiroSalgadoF_AEvoluoDoComrcioEspecialUltramarino_Mapa10","estimation",1927,"East Timor (Portuguese Timor)","timor"
"RibeiroSalgadoF_AEvoluoDoComrcioEspecialUltramarino_Mapa10","estimation",1928,"East Timor (Portuguese Timor)","timor"
"RibeiroSalgadoF_AEvoluoDoComrcioEspecialUltramarino_Mapa10","estimation",1929,"East Timor (Portuguese Timor)","timor"
"RibeiroSalgadoF_AEvoluoDoComrcioEspecialUltramarino_Mapa10","estimation",1930,"East Timor (Portuguese Timor)","timor"
"RibeiroSalgadoF_AEvoluoDoComrcioEspecialUltramarino_Mapa10","estimation",1931,"East Timor (Portuguese Timor)","timor"
"RibeiroSalgadoF_AEvoluoDoComrcioEspecialUltramarino_Mapa10","estimation",1932,"East Timor (Portuguese Timor)","timor"
"RibeiroSalgadoF_AEvoluoDoComrcioEspecialUltramarino_Mapa10","estimation",1933,"East Timor (Portuguese Timor)","timor"
"RibeiroSalgadoF_AEvoluoDoComrcioEspecialUltramarino_Mapa10","estimation",1935,"East Timor (Portuguese Timor)","timor"
"RibeiroSalgadoF_AEvoluoDoComrcioEspecialUltramarino_Mapa10","estimation",1936,"East Timor (Portuguese Timor)","timor"
"RibeiroSalgadoF_AEvoluoDoComrcioEspecialUltramarino_Mapa10","estimation",1913,"Guinea-Bissau (Portuguese Guinea)","guiné (portuguesa)"
"RibeiroSalgadoF_AEvoluoDoComrcioEspecialUltramarino_Mapa10","estimation",1901,"Portuguese India","india (portuguesa)"
"RibeiroSalgadoF_AEvoluoDoComrcioEspecialUltramarino_Mapa10","estimation",1913,"Portuguese India","india (portuguesa)"
"RibeiroSalgadoF_AEvoluoDoComrcioEspecialUltramarino_Mapa10","estimation",1901,"Macao","macau"
"RibeiroSalgadoF_AEvoluoDoComrcioEspecialUltramarino_Mapa10","estimation",1913,"Macao","macau"
"RibeiroSalgadoF_AEvoluoDoComrcioEspecialUltramarino_Mapa10","estimation",1927,"Macao","macau"
"RibeiroSalgadoF_AEvoluoDoComrcioEspecialUltramarino_Mapa10","estimation",1928,"Macao","macau"
"RibeiroSalgadoF_AEvoluoDoComrcioEspecialUltramarino_Mapa10","estimation",1929,"Macao","macau"
"RibeiroSalgadoF_AEvoluoDoComrcioEspecialUltramarino_Mapa10","estimation",1930,"Macao","macau"
"RibeiroSalgadoF_AEvoluoDoComrcioEspecialUltramarino_Mapa10","estimation",1931,"Macao","macau"
"RibeiroSalgadoF_AEvoluoDoComrcioEspecialUltramarino_Mapa10","estimation",1932,"Macao","macau"
"RibeiroSalgadoF_AEvoluoDoComrcioEspecialUltramarino_Mapa10","estimation",1933,"Macao","macau"
"RibeiroSalgadoF_AEvoluoDoComrcioEspecialUltramarino_Mapa10","estimation",1934,"Macao","macau"
"RibeiroSalgadoF_AEvoluoDoComrcioEspecialUltramarino_Mapa10","estimation",1935,"Macao","macau"
"RibeiroSalgadoF_AEvoluoDoComrcioEspecialUltramarino_Mapa10","estimation",1936,"Macao","macau"
"RibeiroSalgadoF_AEvoluoDoComrcioEspecialUltramarino_Mapa10","estimation",1901,"East Timor (Portuguese Timor)","timor"
"RibeiroSalgadoF_AEvoluoDoComrcioEspecialUltramarino_Mapa10","estimation",1913,"East Timor (Portuguese Timor)","timor"
"RibeiroSalgadoF_AEvoluoDoComrcioEspecialUltramarino_Mapa10","estimation",1934,"East Timor (Portuguese Timor)","timor"
"RibeiroSalgadoF_AEvoluoDoComrcioEspecialUltramarino_Mapa11","estimation",1901,"Cape Verde","cabo verde"
"RibeiroSalgadoF_AEvoluoDoComrcioEspecialUltramarino_Mapa11","estimation",1913,"Cape Verde","cabo verde"
"RibeiroSalgadoF_AEvoluoDoComrcioEspecialUltramarino_Mapa11","estimation",1927,"Cape Verde","cabo verde"
"RibeiroSalgadoF_AEvoluoDoComrcioEspecialUltramarino_Mapa11","estimation",1928,"Cape Verde","cabo verde"
"RibeiroSalgadoF_AEvoluoDoComrcioEspecialUltramarino_Mapa11","estimation",1929,"Cape Verde","cabo verde"
"RibeiroSalgadoF_AEvoluoDoComrcioEspecialUltramarino_Mapa11","estimation",1930,"Cape Verde","cabo verde"
"RibeiroSalgadoF_AEvoluoDoComrcioEspecialUltramarino_Mapa11","estimation",1931,"Cape Verde","cabo verde"
"RibeiroSalgadoF_AEvoluoDoComrcioEspecialUltramarino_Mapa11","estimation",1932,"Cape Verde","cabo verde"
"RibeiroSalgadoF_AEvoluoDoComrcioEspecialUltramarino_Mapa11","estimation",1933,"Cape Verde","cabo verde"
"RibeiroSalgadoF_AEvoluoDoComrcioEspecialUltramarino_Mapa11","estimation",1934,"Cape Verde","cabo verde"
"RibeiroSalgadoF_AEvoluoDoComrcioEspecialUltramarino_Mapa11","estimation",1935,"Cape Verde","cabo verde"
"RibeiroSalgadoF_AEvoluoDoComrcioEspecialUltramarino_Mapa11","estimation",1936,"Cape Verde","cabo verde"
"RibeiroSalgadoF_AEvoluoDoComrcioEspecialUltramarino_Mapa11","estimation",1901,"Guinea-Bissau (Portuguese Guinea)","guiné (portuguesa)"
"RibeiroSalgadoF_AEvoluoDoComrcioEspecialUltramarino_Mapa11","estimation",1913,"Guinea-Bissau (Portuguese Guinea)","guiné (portuguesa)"
"RibeiroSalgadoF_AEvoluoDoComrcioEspecialUltramarino_Mapa11","estimation",1927,"Guinea-Bissau (Portuguese Guinea)","guiné (portuguesa)"
"RibeiroSalgadoF_AEvoluoDoComrcioEspecialUltramarino_Mapa11","estimation",1928,"Guinea-Bissau (Portuguese Guinea)","guiné (portuguesa)"
"RibeiroSalgadoF_AEvoluoDoComrcioEspecialUltramarino_Mapa11","estimation",1929,"Guinea-Bissau (Portuguese Guinea)","guiné (portuguesa)"
"RibeiroSalgadoF_AEvoluoDoComrcioEspecialUltramarino_Mapa11","estimation",1930,"Guinea-Bissau (Portuguese Guinea)","guiné (portuguesa)"
"RibeiroSalgadoF_AEvoluoDoComrcioEspecialUltramarino_Mapa11","estimation",1931,"Guinea-Bissau (Portuguese Guinea)","guiné (portuguesa)"
"RibeiroSalgadoF_AEvoluoDoComrcioEspecialUltramarino_Mapa11","estimation",1932,"Guinea-Bissau (Portuguese Guinea)","guiné (portuguesa)"
"RibeiroSalgadoF_AEvoluoDoComrcioEspecialUltramarino_Mapa11","estimation",1933,"Guinea-Bissau (Portuguese Guinea)","guiné (portuguesa)"
"RibeiroSalgadoF_AEvoluoDoComrcioEspecialUltramarino_Mapa11","estimation",1934,"Guinea-Bissau (Portuguese Guinea)","guiné (portuguesa)"
"RibeiroSalgadoF_AEvoluoDoComrcioEspecialUltramarino_Mapa11","estimation",1935,"Guinea-Bissau (Portuguese Guinea)","guiné (portuguesa)"
"RibeiroSalgadoF_AEvoluoDoComrcioEspecialUltramarino_Mapa11","estimation",1936,"Guinea-Bissau (Portuguese Guinea)","guiné (portuguesa)"
"RibeiroSalgadoF_AEvoluoDoComrcioEspecialUltramarino_Mapa11","estimation",1901,"Sao Tome","s. tomé"
"RibeiroSalgadoF_AEvoluoDoComrcioEspecialUltramarino_Mapa11","estimation",1913,"Sao Tome","s. tomé"
"RibeiroSalgadoF_AEvoluoDoComrcioEspecialUltramarino_Mapa11","estimation",1927,"Sao Tome","s. tomé"
"RibeiroSalgadoF_AEvoluoDoComrcioEspecialUltramarino_Mapa11","estimation",1928,"Sao Tome","s. tomé"
"RibeiroSalgadoF_AEvoluoDoComrcioEspecialUltramarino_Mapa11","estimation",1929,"Sao Tome","s. tomé"
"RibeiroSalgadoF_AEvoluoDoComrcioEspecialUltramarino_Mapa11","estimation",1930,"Sao Tome","s. tomé"
"RibeiroSalgadoF_AEvoluoDoComrcioEspecialUltramarino_Mapa11","estimation",1931,"Sao Tome","s. tomé"
"RibeiroSalgadoF_AEvoluoDoComrcioEspecialUltramarino_Mapa11","estimation",1932,"Sao Tome","s. tomé"
"RibeiroSalgadoF_AEvoluoDoComrcioEspecialUltramarino_Mapa11","estimation",1933,"Sao Tome","s. tomé"
"RibeiroSalgadoF_AEvoluoDoComrcioEspecialUltramarino_Mapa11","estimation",1934,"Sao Tome","s. tomé"
"RibeiroSalgadoF_AEvoluoDoComrcioEspecialUltramarino_Mapa11","estimation",1935,"Sao Tome","s. tomé"
"RibeiroSalgadoF_AEvoluoDoComrcioEspecialUltramarino_Mapa11","estimation",1936,"Sao Tome","s. tomé"
"RibeiroSalgadoF_AEvoluoDoComrcioEspecialUltramarino_Mapa11","estimation",1901,"Angola","angola"
"RibeiroSalgadoF_AEvoluoDoComrcioEspecialUltramarino_Mapa11","estimation",1913,"Angola","angola"
"RibeiroSalgadoF_AEvoluoDoComrcioEspecialUltramarino_Mapa11","estimation",1901,"Mozambique (Portuguese East Africa)","áfrica oriental portuguesa"
"RibeiroSalgadoF_AEvoluoDoComrcioEspecialUltramarino_Mapa11","estimation",1913,"Mozambique (Portuguese East Africa)","áfrica oriental portuguesa"
"RibeiroSalgadoF_AEvoluoDoComrcioEspecialUltramarino_Mapa11","estimation",1927,"East Timor (Portuguese Timor)","timor"
"RibeiroSalgadoF_AEvoluoDoComrcioEspecialUltramarino_Mapa11","estimation",1928,"East Timor (Portuguese Timor)","timor"
"RibeiroSalgadoF_AEvoluoDoComrcioEspecialUltramarino_Mapa11","estimation",1929,"East Timor (Portuguese Timor)","timor"
"RibeiroSalgadoF_AEvoluoDoComrcioEspecialUltramarino_Mapa11","estimation",1930,"East Timor (Portuguese Timor)","timor"
"RibeiroSalgadoF_AEvoluoDoComrcioEspecialUltramarino_Mapa11","estimation",1931,"East Timor (Portuguese Timor)","timor"
"RibeiroSalgadoF_AEvoluoDoComrcioEspecialUltramarino_Mapa11","estimation",1932,"East Timor (Portuguese Timor)","timor"
"RibeiroSalgadoF_AEvoluoDoComrcioEspecialUltramarino_Mapa11","estimation",1933,"East Timor (Portuguese Timor)","timor"
"RibeiroSalgadoF_AEvoluoDoComrcioEspecialUltramarino_Mapa11","estimation",1934,"East Timor (Portuguese Timor)","timor"
"RibeiroSalgadoF_AEvoluoDoComrcioEspecialUltramarino_Mapa11","estimation",1935,"East Timor (Portuguese Timor)","timor"
"RibeiroSalgadoF_AEvoluoDoComrcioEspecialUltramarino_Mapa11","estimation",1913,"Portuguese India","india (portuguesa)"
"RibeiroSalgadoF_AEvoluoDoComrcioEspecialUltramarino_Mapa11","estimation",1913,"East Timor (Portuguese Timor)","timor"
"RibeiroSalgadoF_AEvoluoDoComrcioEspecialUltramarino_Mapa11","estimation",1936,"East Timor (Portuguese Timor)","timor"
"RibeiroSalgadoF_AEvoluoDoComrcioEspecialUltramarino_Mapa11","estimation",1928,"Macao","macau"
"RibeiroSalgadoF_AEvoluoDoComrcioEspecialUltramarino_Mapa11","estimation",1929,"Macao","macau"
"RibeiroSalgadoF_AEvoluoDoComrcioEspecialUltramarino_Mapa11","estimation",1901,"Macao","macau"
"RibeiroSalgadoF_AEvoluoDoComrcioEspecialUltramarino_Mapa11","estimation",1913,"Macao","macau"
"RibeiroSalgadoF_AEvoluoDoComrcioEspecialUltramarino_Mapa11","estimation",1927,"Macao","macau"
"RibeiroSalgadoF_AEvoluoDoComrcioEspecialUltramarino_Mapa11","estimation",1930,"Macao","macau"
"RibeiroSalgadoF_AEvoluoDoComrcioEspecialUltramarino_Mapa11","estimation",1931,"Macao","macau"
"RibeiroSalgadoF_AEvoluoDoComrcioEspecialUltramarino_Mapa11","estimation",1932,"Macao","macau"
"RibeiroSalgadoF_AEvoluoDoComrcioEspecialUltramarino_Mapa11","estimation",1933,"Macao","macau"
"RibeiroSalgadoF_AEvoluoDoComrcioEspecialUltramarino_Mapa11","estimation",1934,"Macao","macau"
"RibeiroSalgadoF_AEvoluoDoComrcioEspecialUltramarino_Mapa11","estimation",1935,"Macao","macau"
"RibeiroSalgadoF_AEvoluoDoComrcioEspecialUltramarino_Mapa11","estimation",1936,"Macao","macau"
"RibeiroSalgadoF_AEvoluoDoComrcioEspecialUltramarino_Mapa11","estimation",1901,"Portuguese India","india (portuguesa)"
"RibeiroSalgadoF_AEvoluoDoComrcioEspecialUltramarino_Mapa11","estimation",1901,"East Timor (Portuguese Timor)","timor"
"RibeiroSalgadoF_AEvoluoDoComrcioEspecialUltramarino_1939_Mapa115a","estimation",1937,"Cape Verde","cabo verde"
"RibeiroSalgadoF_AEvoluoDoComrcioEspecialUltramarino_1939_Mapa115a","estimation",1937,"Guinea-Bissau (Portuguese Guinea)","guiné (portuguesa)"
"RibeiroSalgadoF_AEvoluoDoComrcioEspecialUltramarino_1939_Mapa115a","estimation",1937,"Sao Tome-Principe","s. tomé e principe"
"RibeiroSalgadoF_AEvoluoDoComrcioEspecialUltramarino_1939_Mapa115a","estimation",1937,"Macao","macau"
"RibeiroSalgadoF_AEvoluoDoComrcioEspecialUltramarino_1939_Mapa115a","estimation",1937,"East Timor (Portuguese Timor)","timor"
"RibeiroSalgadoF_AEvoluoDoComrcioEspecialUltramarino_1939_Mapa115a","estimation",1938,"Cape Verde","cabo verde"
"RibeiroSalgadoF_AEvoluoDoComrcioEspecialUltramarino_1939_Mapa115a","estimation",1938,"Guinea-Bissau (Portuguese Guinea)","guiné (portuguesa)"
"RibeiroSalgadoF_AEvoluoDoComrcioEspecialUltramarino_1939_Mapa115a","estimation",1938,"Sao Tome-Principe","s. tomé e principe"
"RibeiroSalgadoF_AEvoluoDoComrcioEspecialUltramarino_1939_Mapa115a","estimation",1938,"Macao","macau"
"RibeiroSalgadoF_AEvoluoDoComrcioEspecialUltramarino_1939_Mapa115a","estimation",1938,"East Timor (Portuguese Timor)","timor"
"YoshikoNagano_ReexaminingTheForeignTradeStructureOfTheColonialPhilippinesWithSpecialReferenceToTheIntraasianTrade","estimation",1855,"Philippines","philippines"
"YoshikoNagano_ReexaminingTheForeignTradeStructureOfTheColonialPhilippinesWithSpecialReferenceToTheIntraasianTrade","estimation",1856,"Philippines","philippines"
"YoshikoNagano_ReexaminingTheForeignTradeStructureOfTheColonialPhilippinesWithSpecialReferenceToTheIntraasianTrade","estimation",1857,"Philippines","philippines"
"YoshikoNagano_ReexaminingTheForeignTradeStructureOfTheColonialPhilippinesWithSpecialReferenceToTheIntraasianTrade","estimation",1858,"Philippines","philippines"
"YoshikoNagano_ReexaminingTheForeignTradeStructureOfTheColonialPhilippinesWithSpecialReferenceToTheIntraasianTrade","estimation",1859,"Philippines","philippines"
"YoshikoNagano_ReexaminingTheForeignTradeStructureOfTheColonialPhilippinesWithSpecialReferenceToTheIntraasianTrade","estimation",1860,"Philippines","philippines"
"YoshikoNagano_ReexaminingTheForeignTradeStructureOfTheColonialPhilippinesWithSpecialReferenceToTheIntraasianTrade","estimation",1861,"Philippines","philippines"
"YoshikoNagano_ReexaminingTheForeignTradeStructureOfTheColonialPhilippinesWithSpecialReferenceToTheIntraasianTrade","estimation",1862,"Philippines","philippines"
"YoshikoNagano_ReexaminingTheForeignTradeStructureOfTheColonialPhilippinesWithSpecialReferenceToTheIntraasianTrade","estimation",1864,"Philippines","philippines"
"YoshikoNagano_ReexaminingTheForeignTradeStructureOfTheColonialPhilippinesWithSpecialReferenceToTheIntraasianTrade","estimation",1865,"Philippines","philippines"
"YoshikoNagano_ReexaminingTheForeignTradeStructureOfTheColonialPhilippinesWithSpecialReferenceToTheIntraasianTrade","estimation",1866,"Philippines","philippines"
"YoshikoNagano_ReexaminingTheForeignTradeStructureOfTheColonialPhilippinesWithSpecialReferenceToTheIntraasianTrade","estimation",1867,"Philippines","philippines"
"YoshikoNagano_ReexaminingTheForeignTradeStructureOfTheColonialPhilippinesWithSpecialReferenceToTheIntraasianTrade","estimation",1874,"Philippines","philippines"
"YoshikoNagano_ReexaminingTheForeignTradeStructureOfTheColonialPhilippinesWithSpecialReferenceToTheIntraasianTrade","estimation",1875,"Philippines","philippines"
"YoshikoNagano_ReexaminingTheForeignTradeStructureOfTheColonialPhilippinesWithSpecialReferenceToTheIntraasianTrade","estimation",1876,"Philippines","philippines"
"YoshikoNagano_ReexaminingTheForeignTradeStructureOfTheColonialPhilippinesWithSpecialReferenceToTheIntraasianTrade","estimation",1877,"Philippines","philippines"
"YoshikoNagano_ReexaminingTheForeignTradeStructureOfTheColonialPhilippinesWithSpecialReferenceToTheIntraasianTrade","estimation",1878,"Philippines","philippines"
"YoshikoNagano_ReexaminingTheForeignTradeStructureOfTheColonialPhilippinesWithSpecialReferenceToTheIntraasianTrade","estimation",1879,"Philippines","philippines"
"YoshikoNagano_ReexaminingTheForeignTradeStructureOfTheColonialPhilippinesWithSpecialReferenceToTheIntraasianTrade","estimation",1880,"Philippines","philippines"
"YoshikoNagano_ReexaminingTheForeignTradeStructureOfTheColonialPhilippinesWithSpecialReferenceToTheIntraasianTrade","estimation",1881,"Philippines","philippines"
"YoshikoNagano_ReexaminingTheForeignTradeStructureOfTheColonialPhilippinesWithSpecialReferenceToTheIntraasianTrade","estimation",1882,"Philippines","philippines"
"YoshikoNagano_ReexaminingTheForeignTradeStructureOfTheColonialPhilippinesWithSpecialReferenceToTheIntraasianTrade","estimation",1883,"Philippines","philippines"
"YoshikoNagano_ReexaminingTheForeignTradeStructureOfTheColonialPhilippinesWithSpecialReferenceToTheIntraasianTrade","estimation",1884,"Philippines","philippines"
"YoshikoNagano_ReexaminingTheForeignTradeStructureOfTheColonialPhilippinesWithSpecialReferenceToTheIntraasianTrade","estimation",1885,"Philippines","philippines"
"YoshikoNagano_ReexaminingTheForeignTradeStructureOfTheColonialPhilippinesWithSpecialReferenceToTheIntraasianTrade","estimation",1886,"Philippines","philippines"
"YoshikoNagano_ReexaminingTheForeignTradeStructureOfTheColonialPhilippinesWithSpecialReferenceToTheIntraasianTrade","estimation",1887,"Philippines","philippines"
"YoshikoNagano_ReexaminingTheForeignTradeStructureOfTheColonialPhilippinesWithSpecialReferenceToTheIntraasianTrade","estimation",1888,"Philippines","philippines"
"YoshikoNagano_ReexaminingTheForeignTradeStructureOfTheColonialPhilippinesWithSpecialReferenceToTheIntraasianTrade","estimation",1889,"Philippines","philippines"
"YoshikoNagano_ReexaminingTheForeignTradeStructureOfTheColonialPhilippinesWithSpecialReferenceToTheIntraasianTrade","estimation",1890,"Philippines","philippines"
"YoshikoNagano_ReexaminingTheForeignTradeStructureOfTheColonialPhilippinesWithSpecialReferenceToTheIntraasianTrade","estimation",1891,"Philippines","philippines"
"YoshikoNagano_ReexaminingTheForeignTradeStructureOfTheColonialPhilippinesWithSpecialReferenceToTheIntraasianTrade","estimation",1892,"Philippines","philippines"
"YoshikoNagano_ReexaminingTheForeignTradeStructureOfTheColonialPhilippinesWithSpecialReferenceToTheIntraasianTrade","estimation",1893,"Philippines","philippines"
"YoshikoNagano_ReexaminingTheForeignTradeStructureOfTheColonialPhilippinesWithSpecialReferenceToTheIntraasianTrade","estimation",1894,"Philippines","philippines"
"YoshikoNagano_ReexaminingTheForeignTradeStructureOfTheColonialPhilippinesWithSpecialReferenceToTheIntraasianTrade","estimation",1898,"Philippines","philippines"
"YoshikoNagano_ReexaminingTheForeignTradeStructureOfTheColonialPhilippinesWithSpecialReferenceToTheIntraasianTrade","estimation",1899,"Philippines","philippines"
"YoshikoNagano_ReexaminingTheForeignTradeStructureOfTheColonialPhilippinesWithSpecialReferenceToTheIntraasianTrade","estimation",1870,"Philippines","philippines"
"YoshikoNagano_ReexaminingTheForeignTradeStructureOfTheColonialPhilippinesWithSpecialReferenceToTheIntraasianTrade","estimation",1872,"Philippines","philippines"
"YoshikoNagano_ReexaminingTheForeignTradeStructureOfTheColonialPhilippinesWithSpecialReferenceToTheIntraasianTrade","estimation",1873,"Philippines","philippines"
"YoshikoNagano_ReexaminingTheForeignTradeStructureOfTheColonialPhilippinesWithSpecialReferenceToTheIntraasianTrade","estimation",1863,"Philippines","philippines"
"YoshikoNagano_ReexaminingTheForeignTradeStructureOfTheColonialPhilippinesWithSpecialReferenceToTheIntraasianTrade","estimation",1895,"Philippines","philippines"
"YoshikoNagano_ReexaminingTheForeignTradeStructureOfTheColonialPhilippinesWithSpecialReferenceToTheIntraasianTrade","estimation",1897,"Philippines","philippines"
