code;Name;GPH;Comment
anh;Anhalt;249;
anb;Anhalt-Bernburg;243;
ads;Anhalt-Dessau;241;
ank;Anhalt-Köthen;242;
arg;Argentina;160;
ah;Austria Hungary;300;
bad;Baden;267;
bav;Bavaria;245;
blg;Belgium;211;
bol;Bolivia;145;
brz;Brazil;140;
brm;Bremen;246;
brw;Brunswick;244;
brn;Brunswick;244;
bul;Bulgaria;355;
can;Canada;20;
chl;Chile;155;
chn;China;710;
col;Colombia;100;
cr;Costa Rica;94;
cub;Cuba;40;
den;Denmark;390;
dr;Dominican Republic;42;
ecu;Ecuador;130;
els;El Salvador;92;
frn;France;220;
frk;Frankfurt;247;
grc;Greece;350;
gua;Guatamala;90;
hai;Haiti;41;
ham;Hamburg;248;
han;Hannover;240;
haw;Hawaii;4;
hsc;Hesse-Cassel (Electorate);273;
hse;Hesse-Electoral (looks like a duplicate with Hesse-Cassel);273;
hsg;Hesse-Grossherzogtum (Duchy);275;
hoh;Hohenzollern;XXX;Data there not in the doc anyway
hzh;Hohenzollern-Hechingen;250;
hzs;Hohenzollern-Sigmaringen;251;
hom;Homburg;277;
hon;Honduras;91;
ice;Iceland;395;
irn;Iran;630;
itl;Italy;325;
jpn;Japan;740;
lie;Liechtenstein;223;
lip;Lippe;252;
lub;Lübeck;276;
lux;Luxembourg;212;
mec;Mecklenburg-Schwerin (Mecklenburg);280;
mex;Mexico;70;
mgu;Middle German Union;XXX;
mnt;Montenegro;341;
nas;Nassau;254;
nth;Netherlands;210;
nic;Nicaragua;93;
ngc;North German Confederation;XXX;
nor;Norway;385;
old;Oldenburg;257;
ofs;Orange Free State;564;
prg;Paraguay;150;
pru;Peru;135;
prt;Portugal;235;
prs;Prussia;239;
rom;Romania;360;
rus;Russia;365;
srd;Sardinia (before 1860);324;
scg;Saxe-Coburg-Gotha;264;
sxh;Saxe-Hildburgshausen;266;Put Saxe-Meiningen bcs it dissolves into that (and Coburg Gotha but has already the one sxh has)
sxw;Saxe-Weimar-Eisenbach;261;
srb;Serbia;342;
spn;Spain;230;
swd;Sweden;380;
swz;Switzerland;225;
tur;Turkey;640;
uk;UK;200;
us;USA;2;
ven;Venezuela;101;
urg;Uruguay;165;
sve;Steuerverein;XXX;
sbr;Schwarzburg-Rudolstadt;270;
sbs;Schwarzburg-Sondershausen;268;
sxm;Saxe-Meiningen;266;
sxc;Saxe-Coburg-Gotha;264;
tcu;Thuringian Customs Union;XXX;
wrt;Württemberg;271;
sax;Saxony;269;
mcs;Mecklenburg-Strelitz ;253;
mod;Modena;332;
par;Parma;335;
wld;Waldeck;272;272 even though include Pyrmont in GPH and excluded from custom system agreement
trv;Transvaal ;563;
